Card#,Title,Artist,Year,URL,Hashed Info,Youtube-Title,ISRC
1,"Heute male ich dein Bild, Cindy Lou (The Birds and the Bees)",Drafi Deutscher,1965,https://www.youtube.com/watch?v=1BeptEANAS0,5f6d2e4bbe3bb5c3bf1248d774c90d31f9f4b7b4c0300d134fd872bf6f76b9ab,"Heute male ich dein Bild, Cindy Lou (The Birds and the Bees)",
2,Aloha Heja He,Achim Reichel,1991,https://www.youtube.com/watch?v=NbPc8VhstGE,90abc4274db87ba7b74b9417214892e4ab343fd0db8a4f2dc134ba34586dd4de,Aloha Heja He (Radio Version),
3,Herz auf rot,G.G. Anderson,2003,https://www.youtube.com/watch?v=I5HtYA54Jcw,0465e20ab609c510904e30d8decf57d5c323cabe1f288b290a311425c0810bea,Herz auf rot,
4,Sternenregen,Thomas Anders,2017,https://www.youtube.com/watch?v=rse26SxPh0U,d73527b70f48b1b8b4046fe05f6bcf58bcaa2e1111191b07ba34880afa2c3452,Thomas Anders - Sternenregen (Offizielles Video),
5,Das Lied der Schlümpfe,Vader Abraham,1977,https://www.youtube.com/watch?v=sXdUMoEHxKs,040b4848a69f03bdecc1eb33d912bcae383f39f1bdce7195664db9d0bb3cc9a5,Das Lied der Schlümpfe,
6,Jenseits von Eden,Nino de Angelo,1983,https://www.youtube.com/watch?v=7wFRYTXBAVI,851792231db291c9960c374f8f157f3ffa162c7256caa0a44591de39097c630e,Jenseits von Eden,
7,Die Hände Zum Himmel,Die Kolibris,1998,https://www.youtube.com/watch?v=Yeegb5_c_ys,556e5d8c6a2cac06b0e17b6adde5b6e1e774796b399dfc6da42bd6fea6d78adc,Die Hände zum Himmel (Das Original),
8,So wie man tanzt so liebt man,Maite Kelly,2011,https://www.youtube.com/watch?v=YjvRUpJpLpE,85de93bade6d198a0253e0b1cfba366acc2959f653b23cbd181beea220ec77b8,Maite Kelly - So wie man tanzt so liebt man,
9,Ich lass' nur noch Sonne in mein Herz,Liane,2014,https://www.youtube.com/watch?v=9QZ0VlgJ4uw,11dcffb9dce82c493e2a3121ecb731cd393378b672e1fb43ebf3a1dd623683b0,Ich lass' nur noch Sonne in mein Herz,
10,Schönes Madchen aus Arcadia,Demis Roussos,1973,https://www.youtube.com/watch?v=jzwG72oLHrc,9d340bbf4d6335edec24f55c08bf33c0b1b8b2bcfd0843e179d8f3da3b57a09d,Schönes Mädchen aus Arcadia,
11,Ich Will dich immer noch,Matthias Reim,2007,https://www.youtube.com/watch?v=jPf20ebDpNQ,1cf9d2763e1cae0904ecebf648a696824fc40acb5fcff900002af02b65fcb511,Ich will dich immer noch,
12,I steh auf Bergbauernbuam,Melissa Naschenweng,2019,https://www.youtube.com/watch?v=D6EzUpOj4KU,94381b4b846f37a8bbde943eb7d73d0ebd9feed2bd854c28840aec157d73d6d0,Melissa Naschenweng - I steh auf Bergbauernbuam (Offizielles Video),
13,Welch ein Tag,Mario Jordan,1992,https://www.youtube.com/watch?v=KtPmOFzd2xU,0533f22c0a6c1fd139d4415c32bb14a47a8dd40396edd8518ca785bfe56f026f,Welch ein Tag (Radio Version),
14,Mama Laudaaa,"Almklausi, Specktakel",2018,https://www.youtube.com/watch?v=RCpakXJu_o8,e8f43525741b24154b3983a66b67fe7f245d6bbfbec071b923868944bbab7678,Mama Laudaaa,
15,Frankreich Frankreich,Bläck Fööss,1985,https://www.youtube.com/watch?v=m-AF_5rXd4s,228e21807c2a70331415a1f1db1e8f7c094af3b453162755f94dde0be576160a,Frankreich Frankreich,
16,Ich Bin Da,Jan Smit,2013,https://www.youtube.com/watch?v=vCW-0DhwNy0,4503b7dfc95f775b8d6c14af80b6e18e8053ca39a6e4b9386bad2d41e651791e,Ich Bin Da,
17,Heute fahrt die 18 bis nach Istanbul,BB Jürgen,2005,https://www.youtube.com/watch?v=u2jQSbwkasI,2b8bfcd426c211de0527b51cc0bcc9ba11de57a605ea03938f39f4002155fc62,Heute fährt die 18 bis nach Istanbul,
18,Der Eiermann,Klaus & Klaus,1988,https://www.youtube.com/watch?v=u58UVnV7RF4,86947f98ef254a01d44d24798fd052fea16d36a85886704f4e0a8c70830dadfa,Der Eiermann,
19,Zu nah am Feuer,"Stefan Waggershausen, Alice",1984,https://www.youtube.com/watch?v=AJfj7ZiHlmc,02b5cc749cf42af76546cfc717c7abb976fe0dbfaf1071994f8b3acf40de27fe,Zu nah am Feuer,
20,Hier Spricht die Polizei,Sandy Wagner,2002,https://www.youtube.com/watch?v=oYwYtPvKQvA,f6d997d2ba2c96445736d12e7f7ea060b72cfb49071dd6cb66920a34d8f3c7b9,Hier spricht die Polizei,
21,Kettenkarussell,Ross Antony,2014,https://www.youtube.com/watch?v=NRbsDcxi5kE,bf755caffeb1d78df84f2fdb5ef6573e62f8de91a45612b1b05a7596ff47df3c,Ross Antony - Kettenkarussell (Offizielles Video),
22,Schlager ist nicht kriminell,Rebel Tell,2022,https://www.youtube.com/watch?v=vrpufaP9u-I,cd2a1bc075d40266b6f62c758299cc7ddd5d98b9fc8f9c4c0b73865cb25b2de5,Schlager ist nicht kriminell,
23,Su Mädche wie mir - Zwei Kerle wie wir,Colör,2001,https://www.youtube.com/watch?v=yQ_G9jX9FYU,f86ea0a1bf7bc97e28b041d4d4fe2a641b22de73617017152b20235cb7466371,Su Mädche wie mir (Zwei Kerle wie wir (Orginal)),
24,Der Kommissar,Falco,1982,https://www.youtube.com/watch?v=8-bgiiTxhzM,489221bd095ba2e2ead755c578b11af5805f9b7b6f51e688f6c4765eea0e9040,Falco - Der Kommissar (U.S. Official Video) (VOD),
25,Dein Zug ist abgefahr'n,Nico Gemba,2007,https://www.youtube.com/watch?v=1j1ZnYaKjnQ,d39068d788d1d18b1acec291a2f73f39271059be5c67d1d6537909871c7d99dc,Dein Zug ist abgefahr'n,
26,Mein lieber Mann,Hanne Haller,1989,https://www.youtube.com/watch?v=hXtL1onjUFM,29b97a44293994aa76cfb8c22cec3260f6d847977c6874103f09a465afeeba13,Mein lieber Mann,
27,Codo (...düse im Sauseschritt),Döf,1983,https://www.youtube.com/watch?v=xwBMrYJODmM,b9cb877ae410daa0adda9441b58221fd6f3ca7a08d566a51c2a2d17c23e22045,"DÖF - Codo (Ich düse, düse im Sauseschritt)",
28,"Du bist alles (Maria, Maria) (You Want Love)",Andreas Martin,1987,https://www.youtube.com/watch?v=cufovD-oSbo,ad3a8ad84b7a7ff0dab8ec100c952cbec02cfc01e52ded563ec438d3da06572f,"Du bist alles (Maria, Maria) (You Want Love) (Original)",
29,Verliab di,Trenkwalder,2001,https://www.youtube.com/watch?v=2zxqZARI0e0,38e619fc4a7d59c48897294ecce37d97e38eb96c1f838c8a3ae9d436c07ae946,Verliab di,
30,1000 Träume weit (Tornero),Anna-Maria Zimmermann,2009,https://www.youtube.com/watch?v=ZgYNi0op4Dw,281480e3d69b6e84fd63dbea557f63cf7b0efa74790fe5e150fd333680ce98b0,Anna-Maria Zimmermann - 1000 Träume Weit (Tornero),
31,Zeit zu gehen,Unheilig,2014,https://www.youtube.com/watch?v=DGrPaVZH4mE,d9e68f43d83509f90fc1d6034eee71458a948556d4ed7da3e0f26345dccf126e,Unheilig - Zeit zu gehen (Official Video),
32,Ich will dich für immer - Disco Fox,NIC,2007,https://www.youtube.com/watch?v=BfeSuyIl73k,a13eae503525b11eec61849a6c81650aba846198b78a85ed905b2f703d0e7d89,Nic - Ich will dich für immer,
33,Steirermen San Very Good,Das Stoakogler Trio,1992,https://www.youtube.com/watch?v=p-gK9kzEVhY,e041943a3082204eaa9be68882cc0e3a4c92d32446ad44dfb25904135981ba2a,Steirermen san very good,
34,Irgendwie Wird's Schon Geh'n,Tom Astor,1996,https://www.youtube.com/watch?v=j65700cH93o,41bfd0d972d8fc8e6ae2597039c09aa13e4ad0474eb0f1de181c211e79ca8993,Irgendwie Wird's Schon Geh'n (Remastered 2003),
35,Die Pure Lust am Leben,Geier Sturzflug,1984,https://www.youtube.com/watch?v=wKAwFAdI2jI,d93c9eaf06702c0955f54c528a4d4816742831e0786854248003df8bbfdeca72,Die Pure Lust am Leben,
36,Sind Sie der Graf von Luxemburg?,Dorthe,1968,https://www.youtube.com/watch?v=8swk6Qg1Src,9258f9470220985701c06c44e8375d1d855fe9ac89b17c1701b9e8027f43b47c,Sind Sie der Graf von Luxemburg?,
37,Weekend,"DJ Herzbeat, Sarah Engels",2019,https://www.youtube.com/watch?v=mrxOdbuMf_I,6d735da489ba7413d257dcf133bf0b848ef6afcd2441a079aabae884e5711bfd,DJ Herzbeat - feat. SARAH - Weekend (Offizielles Musikvideo) ft. Sarah Lombardi,
38,Du mußt deinen Weg alleine gehen,Dirk Busch,1994,https://www.youtube.com/watch?v=leNl5BYZhWs,90d4665db214b8c89098de83fd1d2af3316b9bd66e536a734f3be6e5848d72c4,Du mußt deinen Weg alleine gehen,
39,Nein heißt ja,G.G. Anderson,1981,https://www.youtube.com/watch?v=mgcerTGNrZA,ed027345b70b5f5ac8fe8adbab4598475f8b595e89d775b83cf1eeb139d1c34d,Nein heißt ja,
40,"Oh, wann kommst du?",Daliah Lavi,1970,https://www.youtube.com/watch?v=xptnAq9W5Zg,8a1146e5f047b358e86b8e5f0d81d8ca57c2f895e569033319fabbf42f3eeac4,"Oh, wann kommst du?",
41,Gold,Jasmin Wagner,2021,https://www.youtube.com/watch?v=cpTuOc55_9s,940a002ceefc69277af044949132e553a057113c4c4686bc9135b0584e5077f7,Jasmin Wagner - Gold (Official Video),
42,Paradies,Francine Jordi,2015,https://www.youtube.com/watch?v=kcYm6S-FgKo,6e144f57344b72465a3b77e156c1743371e036f0d2c0830672c006f70e77ed94,Paradies (Single Mix),
43,Das Kann Nur Liebe Sein (En Vän Som Du),Vikinger,2003,https://www.youtube.com/watch?v=oxBiKvgdmPw,0bcf6158e05a73043f00e74425bfbb37fcd8c929d9ede95859c6e5c693c6c431,Das Kann Nur Liebe Sein (En Vän Som Du),
44,Die Immer Lacht,"Stereoact, Kerstin Ott",2015,https://www.youtube.com/watch?v=SF6nO9SUpAU,65499cbfdb06c5f2a91a52dc59d15d5a87fd788e0287caf66b6f3c855ec60991,Die immer lacht (Radio Edit),
45,Ich kauf' mir lieber einen Tirolerhut,Billy Mo,1962,https://www.youtube.com/watch?v=NY8jGQrybNA,3203ad235aec046b76f826bf09a5c19951189e4724fccdac2ee2a07e4d9ddd96,Ich kauf mir lieber einen Tirolerhut,
46,Wenn ich nur ein Trucker wär,"Gunter Gabriel, Linda Feller",1995,https://www.youtube.com/watch?v=BZ9UZc_cBBU,f1a795369fb0b6f0ef01b77ac58c957315cdce38c9858db38da08020bc0b5f61,Wenn ich nur ein Trucker Linda Feller & Gunter Gabriel,
47,Engel,Nino de Angelo,2001,https://www.youtube.com/watch?v=RNC6Db-36XU,a85d2bdaee8556f9de7e67ad0c37e7c03fb6226a0bfad52fc6c9c8ec2f8facf7,Nino de Angelo - Engel (Das Sonntagskonzert 22.04.2001),
48,Hör gut zu,Pur,1993,https://www.youtube.com/watch?v=owMRXfKm-RQ,f5c5a3ee49b2c33d4e65f0aa59f0c845e0830bf600b5db159578d37328174143,Hör gut zu,
49,Eine Nacht,Ramon Roselly,2020,https://www.youtube.com/watch?v=9HdOqsDD5pQ,10b87f55aaac39338cd30df10a014db6639e577565774e7f1966858595de0ab4,Ramon Roselly - Eine Nacht,
50,"Erst du, dann du",Stefanie Hertel,2004,https://www.youtube.com/watch?v=SF079N6dt8s,ef66d024b78ec3bb3c8dfe39466ea40349e32f5d0c6e1bd74d827ff3e33e00fc,"Erst du, dann du",
51,Wenn i mit dir tanz,Nicki,1986,https://www.youtube.com/watch?v=JSIxu0DJrQo,99ded74eb3177770a35bad452050fac24808cde6a304ea5c6dd45c76b50c01ec,Wenn i mit dir tanz,
52,Barfuß bis ans Ende der Welt,Fernando Express,2005,https://www.youtube.com/watch?v=9LFEoi3go8o,2cc2238724da3de5e00d27285ee05e0e0c201cbe78abfea58ee5cb96d5000aab,Barfuß bis ans Ende der Welt,
53,Tanz mit mir durch die Nacht,Freddy Breck,1993,https://www.youtube.com/watch?v=e0rKgqdt5qg,5e8adb7a9fe728857493af3f47ad6686a0153660c742c867f5745cd8b3b3bdd9,Tanz mit mir durch die Nacht,
54,Willst du mich für immer,Michelle,2007,https://www.youtube.com/watch?v=7MHnZL8_j28,d8a1a0ead2f03be823f655188ba8897ced202c27eee395fa563aa056404e9830,Willst du mich für immer,
55,Anita,Costa Cordalis,1976,https://www.youtube.com/watch?v=XvYQbw8NTLs,d5b6361df6c82397e11001ef69405bb21f9c3424bf7a91dcec36c43b27a8c3fa,Anita,
56,Mit dir vielleicht,Nicole,1992,https://www.youtube.com/watch?v=3EpZlbsAKJQ,ef085f357e5ea966d17d6d23e2dfc417295d5bd9691504f659252bb2d1914b27,Mit dir vielleicht...,
57,Mein Ein und mein Alles,Carrière,1995,https://www.youtube.com/watch?v=L1VAv9C6mKQ,8b564c84772950c7410fd3bdf4fb9f537073f0f7f5d84743e275d8807c00cce5,Mein Ein und mein Alles,
58,Flaschenpost,Fantasy,2013,https://www.youtube.com/watch?v=nTrbx19qMBc,15ac814ff8ef0363769b22698ffb12c9153f861fe7a1622b18a47428098f7089,Fantasy - Flaschenpost (Videoclip),
59,So bist du,Peter Maffay,1979,https://www.youtube.com/watch?v=Hq9JebayPmo,096811c31c03d6e0be7190722b66ef41a1d5ab8f0647d8771021c39e9cec6145,So bist du,
60,Lebenslänglich Du,Oliver Haidt,1996,https://www.youtube.com/watch?v=Tk6Boeo-Moo,6d3db10f18ea9126a55db03bb3a6372fa01a78b3e8fed68153538362f5968838,Lebenslänglich Du,
61,Ich küss dir die Angst von deiner Haut,Wolfgang Ziegler,2003,https://www.youtube.com/watch?v=3VY57CybUcU,1b86dfe2151cb603b0bb9ccdebc420b0b91b9222ae64f37ac5fa0e1d75c5783e,Ich küss dir die Angst von deiner Haut,
62,Wer die Sehnsucht kennt,Claudia Jung,1995,https://www.youtube.com/watch?v=vfavz-qunYE,a9c0238337374d0fd7bd03495539ba3e44a56b66f95601e09d614d42fbbffc7b,Wer die Sehnsucht kennt,
63,Du entschuldige i kenn di,Peter Cornelius,1980,https://www.youtube.com/watch?v=fhaP9-YhLig,49385dae8de34edfb671f69bf2b902bccd56ddb115ffb44a22a857c86303592d,Du entschuldige - i kenn' di,
64,Schlittenfahren in Tirol (Der Schnittensong),DJ Zipfelmann,2004,https://www.youtube.com/watch?v=rMKsa8LcE_M,c361782237af59bf8e37f07cd6e44b94d9b1ff711d906f0e794ff039f66df883,Schlittenfahren in Tirol (Der Schnittensong),
65,Weiß' der Geier,Wolfgang Petry,1998,https://www.youtube.com/watch?v=_tYBg7XcnEU,c4787a2a3ae9fac0749809c4e1535412968bc89b42069ee70d385ece0c9f1169,Weiß' der Geier (Radio Version),
66,Das Trampolin - Live,Mike Krüger,1994,https://www.youtube.com/watch?v=XUVFSuotQ8Q,d0c7bfea7d959eb1d6b702d17fce5a7d73a0cf0dfbafec4826dd250d3fdd9886,Das Trampolin (Live - Remastered 2022),
67,Kreuzberger Nächte,Gebrüder Blattschuss,1978,https://www.youtube.com/watch?v=I0GU899OdZ8,f58c48e5f8f40792c2b29cc732a3915eb3cf253b52cdb7ec76c52b646f756031,Kreuzberger Nächte,
68,Ibiza,Ibo,1985,https://www.youtube.com/watch?v=3O2QRoQ0Y8E,524476e2e3ac182c6838ea32adc6f4073127bcb8e0ef6afefa0425ed2acc5bbb,Ibiza,
69,Auf der Straße nach Süden,Tony Marshall,1978,https://www.youtube.com/watch?v=aHlpl5ii1qQ,04a66ed2bffba4a8f4a5b7daa7b57b7c791e96781ba751e01849da0e914aa7ec,Auf der Straße nach Süden,
70,Ich liebe das Leben,Vicky Leandros,1975,https://www.youtube.com/watch?v=7_FsW8RPCTc,88b78704bb183f512a627f76537a5ec2c56ceec8b62f09825aa11b30a748eb1a,Vicky Leandros - Ich liebe das Leben,
71,Macho Macho,Rainhard Fendrich,1988,https://www.youtube.com/watch?v=3ROwnYnWNwg,63a3a2e7a1c881caadf8cc9e4c741ed3d5ae90a06b50fe9577c1b6841e85e333,Macho Macho,
72,Heidi,Gitti Und Erica,1977,https://www.youtube.com/watch?v=Pu7MjOd0o0Y,bc3d6a7a927e286edcfbed029486ce36402e5ae8cb9397490317b48c8702f074,Heidi Intro (LANGE VERSION),
73,Früh-Stück,Gebrüder Blattschuss,1979,https://www.youtube.com/watch?v=A2daAfNsL5E,4d0e6a165130c7bf990bb2ed7ddf97c1162f516b2e6631fabfce82237b25d939,Früh-Stück,
74,Des geht vorbei,Nicki,1992,https://www.youtube.com/watch?v=gCWH2TOxzGs,b72ad4a07b4e5f5b1439624a317ae3d0acb72920f89caa4e7a6edc5c784fa66c,Des geht vorbei,
75,Ich liebe dich,Clowns & Helden,1986,https://www.youtube.com/watch?v=McZEhRabe7Y,ccaa11bfd2aa563c5f7e6ca9167228abad2a6e56b08e06075f8ab7699a387433,Ich liebe dich,
76,Fang das Licht,"Karel Gott, Darinka",1986,https://www.youtube.com/watch?v=eV11MdBt5OU,a16dba65f0059abef73b0101529671cba9668b3046cf3925affd2946afc8a05f,Fang das Licht (Remastered 2019),
77,Wo finde ich den Mann?,Lill-Babs,1961,https://www.youtube.com/watch?v=UdqDzPXqD9U,5e63efb3f700be130f94cbe9da4a47126c5820507a01da01de81894219509b09,Wo finde ich den Mann?,
78,"Gold, Platin und Diamant",Die Fidelen Mölltaler,1984,https://www.youtube.com/watch?v=5Iwnyo3WTTE,4380b0d19a80ed175e154c24d735b5b2e51460a20d5759a3e9e9d7387bc08e09,"Gold, Platin und Diamant",
79,Santa Catarina,Andrea Jürgens,1991,https://www.youtube.com/watch?v=YsaFO8wF2VQ,ad1ea3da5d541bb54aa966be7285f56ea0c127e582cd74a43baeacd691b4586d,Santa Catarina,
80,Der blonde Hans,Hannes Kröger,1988,https://www.youtube.com/watch?v=SN8gLMjErds,fb2cf46e13b842381d4f8002d1f7dfffd8480c3acbea3364028c4b2824e1125c,Der blonde Hans,
81,Das ganze Leben ist ein Quiz,Hape Kerkeling,1991,https://www.youtube.com/watch?v=-GRHmEEaxv0,9012906a96218a5734426a039e10c1caf16e59c188024fbad400e6378af6c267,Das ganze Leben ist ein Quiz,
82,Dicht im Flieger,Julian Sommer,2022,https://www.youtube.com/watch?v=hzqcMvDON1g,e4d5d02ec4e0d0d550102f6b1f976d6e556a31ac642459a115e853df0b81cd3a,Julian Sommer - Dicht im Flieger (Offizielles Musikvideo),
83,Lass die Sonne in dein Herz,Wind,1987,https://www.youtube.com/watch?v=lLKsnjZoKj4,387f33dabad56e92ef440a6bc4b9e43fd58be1540e8bea280a38fbadc24406e6,Lass die Sonne in dein Herz,
84,Ein bisschen Spaß muss sein,Roberto Blanco,1972,https://www.youtube.com/watch?v=4-DYhrD-N6M,f07b73954b02a743838012318a212217ac3a6d8ea0634f44398ea0393cb4b5b2,Ein bisschen Spaß muss sein,
85,Da Da Da ich lieb dich nicht du liebst mich nicht Aha Aha Aha,Trio,1981,https://www.youtube.com/watch?v=4_kZdimDGfM,72daec1258f5a9246e9020cb8f38990de51ea1a8926c61304e6a3fca39d17d1b,Da Da Da ich lieb dich nicht du liebst mich nicht aha aha aha,
86,Scheiss drauf! (Mallorca ist nur einmal im Jahr),Peter Wackel,2013,https://www.youtube.com/watch?v=MeZfP-JSJTw,605ab44cd4062e89c60349057b1523451629b6be62377540b61fd99a6f30ee38,Scheiss drauf! (... Mallorca ist nur einmal im Jahr),
87,Mendocino,Michael Holm,1969,https://youtu.be/cJJ4odOP96Q?t=7,35f8dd77d524888ebe149df9d814d4f2fb2f39c19753b08b79852f18a00b1bd5,Michael Holm - Mendocino (ZDF Disco 28.04.1973),
88,Zwei Senoritas,Sigrid & Marina,2010,https://www.youtube.com/watch?v=HpLdd4QvOKc,98d72e93c9d711d2e0630f500f76a876298c264d4de701a619e934d37106025f,Sigrid und Marina - 2 Senoritas,
89,Ich vermiss' Dich... (wie die Hölle),Zlatko,2000,https://www.youtube.com/watch?v=_BLfvl2jGDc,9769e53e190d0f25a43811dd8bdb7b8e06be953fe3595712d0da2871d38646d5,Zlatko - Ich vermiss dich ... (..wie die Hölle),
90,Du schaffst das schon,KLUBBB3,2016,https://www.youtube.com/watch?v=wCDsm_dt1cI,636464227f7dd16be0eacb284945b5d7a106640bb20dcb97a252bc98d7d5579b,KLUBBB3 - Du schaffst das schon (Offizielles Video),
91,Tanze mit mir in den Morgen,Gerhard Wendland,1961,https://www.youtube.com/watch?v=T1fXqPXBs-4,54dbb44ea9bad67594754ae3373908cfacb00301437507c69158325e8c1c84fe,Tanze mit mir in den Morgen (Mitternachts-Tango),
92,Lass mi bei Dir sein,Atlantis,1987,https://www.youtube.com/watch?v=dQh8Vej7b7M,e1df355157f23c1306da828e514c43f6343ff2aab56eb54f48cde25b1b579f4e,Lass mi bei Dir sein,
93,Rote Lippen Soll Man Küssen,Cliff Richard,1963,https://www.youtube.com/watch?v=-MWgcVRJwsY,89b486ce1703793799a2a7f20c52a63578695fc6a86f960a4f76867bbb20d172,Rote Lippen Soll Man Küssen - Lucky Lips (1996 Remaster),
94,Ich brauch ein bisschen Glück,Andy Borg,1994,https://www.youtube.com/watch?v=Qlp0c19zndM,688e2cb0f21203d3dbae836d63c5135647a8313f1a2c1395e715c0092cdde0c5,Ich brauch ein bisschen Glück,
95,Warum hast Du nicht nein gesagt Roland Kaiser, Maite Kelly,2014,https://www.youtube.com/watch?v=BNHamTwxJ6Q,3caddcec43ddaf3408797dc8667841fa1a3c8ec4a670cfaafc252bbdfaf86717,"Roland Kaiser, Maite Kelly - Warum hast du nicht nein gesagt (Club Mix / Videoclip)",
96,Bierkapitän,"Markus Becker, Bierkapitän",2019,https://www.youtube.com/watch?v=zkjECakayd8,aa0603117aef753ac205ec0908686e9f1a8c734d67bec4a16377178e65ad5df0,Bierkapitän & Markus Becker - Bierkapitän (Offizielles Musikvideo),
97,Glücksmoment,Prince Damien,2016,https://www.youtube.com/watch?v=3RFnDpE3jGs,94ca758c45886daa1721953b95bad0fc747a3f76f2e5e61d167ee8e18a387868,Prince Damien - Glücksmoment (Official Video),
98,Cordula Grün,Josh.,2018,https://www.youtube.com/watch?v=uSbxCX2LVps,b87d2fb3098b478dfa618627260d339e7eb9b6ee0a51dd468b63aa3c5a72ac27,Josh. - Cordula Grün (offizielles Video),
99,Der geilste Fehler,Marina Marx,2020,https://www.youtube.com/watch?v=bgEEOI2kP2c,ef51faaac8a0f137ae98f85885437ec10b6074d9e161a81ac6d8c393c9b43ebe,Marina Marx - Der geilste Fehler (Offizielles Video),
100,Regenbogenfarben,Kerstin Ott,2018,https://www.youtube.com/watch?v=jaeeiWuXUoo,c53c736a26780f296e3270a2ed50cc836dcffbefdfaa7b418a2c7caa47679d6a,Kerstin Ott - Regenbogenfarben (Offizielles Musikvideo),
101,Lovesong,Francine Jordi,2018,https://www.youtube.com/watch?v=j-01cEqVdr4,73732b83cb19fab6e0f68b67234a8a7d18bcb2d44eccccad91f4b88652784742,Lovesong,
102,Tanze Samba mit mir,Tony Holiday,1977,https://www.youtube.com/watch?v=ZYHO7BGiH54,63050dac18ae6bd968e253a5c0e6c7ce5aa8dd182023eca494fb67778784b9a3,Tanze Samba mit mir,
103,Herz ist Trumpf (Dann rufst du an...),Trio,1983,https://www.youtube.com/watch?v=tuWQ6YAZeLs,934fb5afff5d01039fae9711b35a42726b475d0eec6222937d557f1d1ac41649,Herz ist Trumpf (Dann rufst du an...),
104,"Viva Colonia (Da simmer dabei, dat is prima!)",Höhner,2003,https://www.youtube.com/watch?v=DD9oG1kIC2I,58d3f314c0648ef9128dbaadff5a55b7a19c9f8c7a50c16fafe820fbbf5feee2,"Viva Colonia (Da simmer dabei, dat is prima!)",
105,Königin der Nacht,Cordalis,2003,https://www.youtube.com/watch?v=unzyXAdUPNQ,fa0fc4c553a65089e958ec1e4dd6213c7fb57eee18a04d85a57d107feb6ad3e6,Königin der Nacht,
106,Es ist geil ein Arschloch zu sein,Christian Möllmann,2000,https://www.youtube.com/watch?v=bYqx4hlfhlk,4b67f907008dae36884c36fc31ae75d8aa30e6f09a97e9d2c23c4b70a41a8bd2,Es ist geil ein Arschloch zu sein (Radio Version),
107,Männertango,Ella Endlich,2011,https://www.youtube.com/watch?v=pnHVyCmbl1Q,f5bf82c5897e6346fd4febcc27cd670ce3b9c599803610d897e8acb7cb45e8c3,Männertango,
108,Sieben Leben für dich,Maite Kelly,2016,https://www.youtube.com/watch?v=VOa30FJGd4w,5ac9e9688e8866f7f888b9f0b33558085459b04fb71297cf1a992797954348c3,Maite Kelly - Sieben Leben für dich [Offizielles Video],
109,Ich bin wer ich sein will (feat. Allessa),MusikApostel,2019,https://www.youtube.com/watch?v=Op61Eg83abw,1b7a6ef7d8cca3ee0739170729eab9b7b4696f2e7b2725063e841b8659f15b94,MusikApostel - Ich bin wer ich sein will ft. Allessa (Offizielles Video),
110,Wie kannst du mich bloss lieben,Andy Borg,2000,https://www.youtube.com/watch?v=N0aaPlL1Gng,aab9a16606dda39c10475e86b4f0d02a33824882250f3206902292ad92dcd1a4,Wie kannst du mich bloss lieben,
111,Wolke 7,Wolkenfrei,2015,https://www.youtube.com/watch?v=dHHtPi-j7dQ,84219fec7a05dcf00637067fdfc0cba1dc6c487faf41bea90d73b8a24aaa23e5,Wolkenfrei - Wolke 7 (Videoclip),
112,Fiesta Mexicana,Rex Gildo,1972,https://www.youtube.com/watch?v=H9acq30Xc88,f541ce9695805bae0ed0509c4b5fefbf753e9e75d3b4e421f221ba2af1f4c877,Fiesta Mexicana (Neuaufnahme),
113,Sonderzug nach Pankow,Udo Lindenberg & Das Panik-Orchester,1983,https://www.youtube.com/watch?v=tvsnQswy2MA,c78ad29d367b23c423fd72ffcfef06c4b9ad4f0273e6b49529d0a99debd561dc,Sonderzug nach Pankow,
114,Bruttosozialprodukt,Geier Sturzflug,1982,https://www.youtube.com/watch?v=Zm8dk7SfV1E,8a6091c55b016b25c2d052fc7136f2df23ef7c6c159f0a718bb8eadffca0f708,Bruttosozialprodukt,
115,Trödler Abraham,Wolfram,1970,https://www.youtube.com/watch?v=1cMWTPn73Bc,e0501cabc02943ec535d038d9ca56c67680fefada4c70e5215f8ca85c647366f,Abraham (Das Lied vom Trödler),
116,Knutschen...ich kann nichts dafür,Linda Hesse,2014,https://www.youtube.com/watch?v=ME_5F7H7EOA,e81c6b398e9bb2fd124bed545c5836af93e9321b22641290e41f102621136ff1,LINDA HESSE - KNUTSCHEN... ich kann nichts dafür (Offizielles Video),
117,Ententanz (Ja wenn wir alle Englein wären),Fred Sonnenschein & seine Freunde,1981,https://www.youtube.com/watch?v=9nGIwVF5Re0,1467b8d2b63548b1f3f0fe770a7c93370074a0af3e9d385a9caa8f05c9d0b6a9,"FRANK ZANDER - Der Ententanz (Ja, wenn wir alle Englein wären) -  FRED SONNENSCHEIN UND DIE HAMSTER",
118,Polonase Blankenese,Gottlieb Wendehals,1981,https://www.youtube.com/watch?v=1t7PTLEvlkM,d314cc8e681827c4f149d06bf5f68cff5877b9103b342b2096a137811d4af34e,Polonäse Blankenese,
119,Schenk' mir diese eine Nacht,Brunner & Brunner,1993,https://www.youtube.com/watch?v=qtB-8REgBQo,d9600d7eaf4cf38c3d5105269e094d14d0965f313e8ac586ca93e3907673a848,Schenk' mir diese eine Nacht,
120,Sieben Fässer Wein,Roland Kaiser,1977,https://www.youtube.com/watch?v=lhf6EAe1CjM,46bf7ca3d764625df8bb4eda2bbdc42aca74cd5a0d73024e90797e56afc5131e,Sieben Fässer Wein (2010),
121,Ich bin frei,Franziska Wiese,2016,https://www.youtube.com/watch?v=xrZ5S3Lfmx8,602c1ce6a38c4ad2ff46429f0fa5f03de99dda164c2833f92cc865e7f87c3de2,Franziska Wiese - Ich bin frei (Offizielles Video),
122,Sa-Lo-Me,Achim Reichel,1999,https://www.youtube.com/watch?v=bD9e0OUmu60,562e7a42a1f9598a3698531fe9ec8b8b7b26cc933a7b35417fcfd6f4e3308957,Sa-Lo-Me,
123,Aber sonst geht's mir gut,Alex Parker,2006,https://www.youtube.com/watch?v=_IG3frWXkAY,b681a46360894976dd88ccb2d3c55ddcae808ab04d139906b92b880107633591,Alex Parker  -  Aber sonst geht´s mir gut  (Extended Club Mix)  2006,
124,Radio Zuckerhut,Wind,2009,https://www.youtube.com/watch?v=cMBcBSzH3gs,0edb90a4511cdbd4fea4c8f983be1e307d85d92202ea35ac4659824073a1785e,Radio Zuckerhut,
125,Wenn du denkst du denkst dann denkst du nur du denkst,Juliane Werding,1975,https://youtu.be/sCJu71JxmbE?t=5,b9f8582aeacc3e8780faf7313ddf1eb80ea2af6e872bee4ef1c13191f9900586,"Wenn du denkst du denkst, dann denkst du nur du denkst (ZDF Disco 08.11.1975) (VOD)",
126,Goethe war gut,Rudi Carrell,1978,https://www.youtube.com/watch?v=m5tEoc7zgDU,40af2a46a59ee9d9c19abac4a40610098e75046aa2aba04e7c8b994c290c195f,Goethe war gut,
127,Perfekte Welle,Juli,2004,https://www.youtube.com/watch?v=ad8ukI7Z-b8,3a02c12708b8b78e1a9ef0a156ae7b6ed9ebd9ebfb5d0fd0f435cbddb43105fb,Juli - Perfekte Welle (Official Video),
128,An Der Nordseeküste,Klaus & Klaus,1985,https://www.youtube.com/watch?v=U15ZCSkkU9A,5bf0c940e324ee89320c17a60b7b8f04bbb5623806e50283f0d88a0abf15ec88,An der Nordseeküste,
129,Die Schwarze Barbara,Heino,1975,https://www.youtube.com/watch?v=iWJuHOfwKWc,b2321e5f9e65fdcfe22d59f5b055ed0f6866bd308789b4e7916b257f83400aef,Die schwarze Barbara,
130,Blau blüht der Enzian,Heino,1972,https://www.youtube.com/watch?v=HBGnU4Q5pRg,ae00102d78a56e5bddda32365b0bc1395ace0de4469891cd294b7e06217e05f2,Blau blüht der Enzian,
131,300 PS (... Auto),EAV (Erste Allgemeine Verunsicherung),1994,https://www.youtube.com/watch?v=F8xay6nzVsY,ce6c59dad1994f0e49e0f539ff4800a346a0d8efd70a1eb992ef488e78bdc933,300 PS (Auto...),
132,"Hey Boss, ich brauch mehr Geld",Gunter Gabriel,1974,https://www.youtube.com/watch?v=YecsNemhULA,649f822d0c9c27833dfeef454a957a6851e4ddc893af41caeceef81923eca545,"Hey Boss, ich brauch mehr Geld",
133,Ciao D'Amore,Klostertaler,1998,https://www.youtube.com/watch?v=XGQ_OlrmyCM,6840eab3d823b02db0f427a413093d235a1b9ad04abfe1f0ca1fa079ff9d2ac7,Ciao D'Amore,
134,Solang wir lieben,Simone,2001,https://www.youtube.com/watch?v=N9EbMqcMvm8,bf6071ce85e292bfe07c42d9626d725ac2acd7bbd68d1c622402efaf470f5d2a,Solang wir lieben,
135,Tür an Tür mit Alice,Howard Carpendale,1977,https://www.youtube.com/watch?v=8bIHx4-WcEE,950d8b076b63283446606782526b230ea50aebc5dfe9ad5ff331d418dfe47046,Tür an Tür mit Alice (Remastered 2005),
136,Verlier sie nie,Michael Wendler,2002,https://www.youtube.com/watch?v=-iEGAbJdkw0,faceb4b3f429283bee33180526a624922f7bf4e7c3c60b48f61e32866ffdf5f1,Verlier sie nie,
137,Albany (feat. Roger Whittaker),"DJ Herzbeat, Roger Whittaker",2021,https://www.youtube.com/watch?v=EEWlxdTw1WA,224d2b804dc0a7350171e3fa368a555ac161bb316ebf9114a5131fda34e89a81,DJ Herzbeat - Albany (Official Lyric Video) ft. Roger Whittaker,
138,"Einmal hin, einmal her",Sarah-Jane,2005,https://www.youtube.com/watch?v=FmOlsP4KnUQ,e60fb8a68036f5617ecd975802cf9b5b2debc85ecb1a5fcbbf6b6c2f0a1715f4,"Sarah Jane - Einmal hin, einmal her (Offizielles Musikvideo)",
139,"Alles hat ein Ende, nur die Wurst hat zwei (Krause und Ruth)",Stephan Remmler,1986,https://www.youtube.com/watch?v=eWbcv47DXww,040e79e7fc24f05c7d1816e8edff2914122efdb3e60808c87091857d0e4a64fb,"Alles hat ein Ende, nur die Wurst hat zwei (Krause und Ruth)",
140,Viel zu oft,Simone,2005,https://www.youtube.com/watch?v=3CQOKTb52xQ,7850ac0562db1a2b63b61f9a80479c0c694da34f9dd1ddcdd6b68193a4e09925,Viel zu oft,
141,Joana,Roland Kaiser,1984,https://www.youtube.com/watch?v=SDrZf_9RY4Q,295371ebb4290c2ac88b828c6b18b3da9f1e74f1a06a8b163833afd83ad00da7,Roland Kaiser - Joana (Show & Co. mit Carlo 04.10.1984),
142,Was geht hier ab,voXXclub,2022,https://www.youtube.com/watch?v=tinrJJZmER8,55216ce39708f14033718b959e862fc80f692cb4bb12f697d3ab6b15c9a754f4,Voxxclub - Was geht hier ab (Offizielles Musikvideo),
143,Amsterdam,Axel Fischer,2008,https://www.youtube.com/watch?v=rrsIM7HuWTA,06b06b2de2edf7cefd3fb5c0acdf706aff652b9b3d19e6967845695465a5541c,Alex Fischer - Amsterdam,
144,"Saufen morgens, mittags, abends",Ingo ohne Flamingo,2017,https://www.youtube.com/watch?v=PP9I6WRD4VI,6891d61783d128c3f02664959bc29e731d0d9b48b068a8d9382cd23e33fbe806,"Saufen, morgens, mittags, abends   - der Party - Hit",
145,"Emmylou, Emmylou",Truck Stop,1995,https://www.youtube.com/watch?v=b-LEB2JEtpY,123ee32777a5bb7f68b085604f7004dcad6b9c41a4077fe50f5310ce7fd31f43,"Emmylou, Emmylou",
146,Maschen-Draht-Zaun,Stefan Raab,1999,https://www.youtube.com/watch?v=yNwgTW_AJ_s,6106048bbb06908c347ce08b2cd1362ce292274b5f07d174172216abe745a92d,Maschen-Draht-Zaun (Radio Edit),
147,Das erste Mal tat's noch weh (Les histoires d'amour),"Stefan Waggershausen, Viktor Lazlo",1990,https://www.youtube.com/watch?v=E2QNTaWvqe4,3134fff7e9ffd4a4a8c9e3e73a313918bafc2f1289475474162bb7e7b85aa3c2,Das erste Mal tat's noch weh (Les histoires d'amour),
148,An der Copacabana,EAV (Erste Allgemeine Verunsicherung),1988,https://www.youtube.com/watch?v=7oLmT8Nf76w,eaebab2d8ef273764fe4e7c11def8293696f04a8a72052b31df4c451e69f5534,An der Copacabana,
149,Etwas für die Ewigkeit,Claudia Jung,1989,https://www.youtube.com/watch?v=qWw0IbK9fOA,163be854bf69b37d7e9fa60173768578f876772d7c88f7eae30095d430d6f15b,Etwas für die Ewigkeit,
150,I lass di nimmer aus,Relax,1990,https://www.youtube.com/watch?v=kgOR4WYxOu4,3fc0f7176fce86907fbdd5e81542b435c19f58eabed284a81122e7f70413f669,I lass di nimmer aus,
151,La Luna Blu,Monika Martin,1996,https://www.youtube.com/watch?v=2zicwoLpCyU,0b87511dc6a77bc7910570385ea6521506afc6d655a266386ae34b2420275e50,La Luna Blu,
152,Prinzessin,Michael Wendler,2006,https://www.youtube.com/watch?v=M6BJJ32cfz8,04517981b45edcfffd3977cccf1506ae77d06980c06a23183d927146bea7dd21,Prinzessin (2006),
153,Griechischer Wein,Udo Jürgens,1974,https://www.youtube.com/watch?v=eKveb4BjK_c,b5c71351c6c5d5017a2155dac838556d72b5765dceb806c5283c57a68d3a8934,Griechischer Wein,
154,Die Gefühle haben Schweigepflicht,Andrea Berg,1995,https://www.youtube.com/watch?v=wTIOa9PCxw0,99b6634170173e2313c376ab73a53d16939da6886326170611de62a565cc0eba,Die Gefühle haben Schweigepflicht (Neuaufnahme),
155,Die rote Sonne von Barbados,Die Flippers,1986,https://www.youtube.com/watch?v=9mUg9EReVuk,8d349134c17c9cab7a2ceeff9afed3e73be97e1be81bb68c1e4d6e525f0baf40,Die rote Sonne von Barbados,
156,Es fährt ein Zug nach Nirgendwo,Christian Anders,1972,https://www.youtube.com/watch?v=haIgciQVN-0,446e7f0b3faf00d85ad788de0637de7ef993152e7e02c8b0310c7e3b70808452,Es fährt ein Zug nach nirgendwo,
157,Der Sonne entgegen,Ben Zucker,2018,https://www.youtube.com/watch?v=Vu403ZAEtxE,a16dfea2bb2951445b9e0e326cae44eb283429c239833a853e4fd09e9cd9fada,Ben Zucker - Der Sonne entgegen,
158,Rausch,Helene Fischer,2021,https://www.youtube.com/watch?v=vVnTxZ6ppBU,c9e96220d6232d879ae02b16f04b41dd19d7ae515dab3d733a90a6ae882e4a5d,Rausch,
159,Mit dir werden Wunder noch wahr,Bernhard Brink,1996,https://www.youtube.com/watch?v=znEK4sWjbxk,a6268e602a1e567908f748a472b495fbc792f351729a0f4e57bcec4a0b6a53a0,Mit dir werden Wunder noch wahr,
160,Blaue Lagune,"Anna-Carina Woitschack, Stefan Mross",2020,https://www.youtube.com/watch?v=cnfqTwO5G7Y,3887937c974689ff9b5211b70b4a2086ce976c3286a24fdbb0f1e67f2f9d6884,Blaue Lagune,
161,Ohne Dich (schlaf' ich heut Nacht nicht ein),Münchner Freiheit,1985,https://www.youtube.com/watch?v=0fUsuQUUotA,873c6609f66fe351a63587d158e6c6e0b74159b14721d6628018a7158d637702,Ohne Dich (schlaf' ich heut Nacht nicht ein),
162,Carbonara,Spliff,1982,https://www.youtube.com/watch?v=y52bQT5J8HA,270722124c5a24a1002e78eaf8bda3906f467b8891af13a5aa329c85b3f9ccff,Carbonara,
163,"Der Wilde, Wilde Westen",Truck Stop,1980,https://www.youtube.com/watch?v=80DSyg01uUc,c3eb9d40e2b7092b9a65bb3fd4e1953560876e2e357445122c3e22598fec9524,"Der wilde, wilde Westen",
164,Hello Again,Howard Carpendale,1984,https://www.youtube.com/watch?v=2-EzIZErBCY,62bcc681afba66b59ef03c88763baac1ff3d44107d80b399dbaed481f4d38533,Hello Again,
165,Starke Gefühle,Juliane Werding,1988,https://www.youtube.com/watch?v=KSCk00ygOwY,f08f1b21b4e209e637933c63625081efe960df606db28ddc1f325a1803d9448e,Starke Gefühle,
166,Lieben heißt Leben,Bernd Clüver,1993,https://www.youtube.com/watch?v=CTYiDKX6uEg,21eb7de7a7b8386b59aad35e0778ffa81eb78857392f63f788f6e325ffeeec79,Lieben heißt Leben,
167,Büetzer Buebe,"Gölä, Trauffer",2019,https://www.youtube.com/watch?v=c8kUiobLHqs,0f87b962103da619d3c35822e24ea004e2cecd9135f98ec5900c10fdae7fde5e,Gölä & Trauffer - Büetzer Buebe (Official Video),
168,Mein Herz,Beatrice Egli,2013,https://www.youtube.com/watch?v=rvBBMSfF31w,278aa20cab6d3f3b9f2bb33596c4ff244c62b80ec503ad8654d0dc808be26c01,Beatrice Egli - Mein Herz,
169,Wenn den Kindern Flügel wachsen,Ingrid Peters,2005,https://www.youtube.com/watch?v=lkPZMQuGq3I,accf4d9cb3fcb82f16eacd23f791790a5095e06f1f4771e8900283a98f986f20,Wenn den Kindern Flügel wachsen,
170,Hier kommt Kurt,Frank Zander,1989,https://www.youtube.com/watch?v=S_IOTG7g6Mw,1f64624e3c34efc612bc4dd9683b6cc42bf3583191c9f7cfd866bda248f262bc,Hier kommt Kurt (Das Original remastered),
171,"Verlieben, verloren, vergessen, verzeih'n",Wolfgang Petry,1992,https://www.youtube.com/watch?v=VH9mObSufSg,cbedf35d7b81dc064a3d1a07c9bf2cc556c530c2b3e10c151bdcd33e23b6c237,"Verlieben, verloren, vergessen, verzeih'n",
172,Du Depp,Haindling,1983,https://www.youtube.com/watch?v=Xi7lQJZuSOo,95680dbad6e7f6bfa6029cc3e60641759e5e5fe140dc748c8f39e0c2b959cdc8,Du Depp,
173,Mary Jane,Jürgen Peter,2009,https://www.youtube.com/watch?v=wQ6kpSOCa2s,18e5e750f79b2fe51192bf7cf5de605cb2195950fc1a4a30cced71ea33cd0d51,Mary Jane (Original),
174,"Resi, i hol di mit mei'm Traktor ab",Wolfgang Fierek,1985,https://www.youtube.com/watch?v=Iftl_V1NKpI,2106fcd3a85a6acd24718e4b52f1c876ac7f4377418b9cc4519dd6b85f8c2d52,"Resi, i hol di mit mei'm Traktor ab",
175,Barfuß im Regen,"Dieter Thomas Kuhn, Michael Holm",1970,https://www.youtube.com/watch?v=U1Wgb4nPlZA,1a4e8dc5c29cfff081f5d5686c9eacc5a01739512156e7c8c3c663a4bb1098c1,Barfuß im Regen,
176,Johnny Däpp (Ich Will Mallorca Zurück),Lorenz Büffel,2016,https://www.youtube.com/watch?v=CE70PHlgrlo,4f967ac897600e09ab9b9ad14174aec5f955d15c5efb4d3ff287be7d936643e6,Johnny Däpp - Lorenz Büffel - Official,
177,Du hast mich tausendmal belogen,Andrea Berg,2001,https://www.youtube.com/watch?v=t8zQyi61-wo,ce25451a665d1d50b7911189b4aca0b84c1845500306f1abb6a985f7a9cfbb81,Du hast mich tausendmal belogen,
178,So a schöner Tag,Donikkl,2008,https://www.youtube.com/watch?v=Q65fxgCQeyA,4f92cf9dfa470ae366e76ed419630128e3f5c678506d46daee0790797507b312,"Fliegerlied So ein schöner Tag ♫ Original ♫ DONIKKL ♫ Kinderlieder zum Tanzen, Singen und Bewegen",
179,Kribbeln im Bauch,Pe Werner,1991,https://www.youtube.com/watch?v=S0oJfXDszP0,52d4da377ff8b2ce374c6584f08786b150041ced87379da353c0e5d445830859,Kribbeln im Bauch,
180,Hulapalu,Andreas Gabalier,2015,https://www.youtube.com/watch?v=lHZtcC67yrY,7883b7b0e4106f4d32b40b4c692cadab13e77613854ff1f8730bb75e2b85bb1c,Andreas Gabalier - Hulapalu,
181,Michaela,Bata Illic,1972,https://www.youtube.com/watch?v=Q99Ayk6iHu4,0c6913ef19c851261c6e91630419ddc7e4f11c56e0c059e2315af30bf61483e3,Michaela,
182,Ich sterb fur dich,Vanessa Mai,2016,https://www.youtube.com/watch?v=izHB2EdMngg,8f07517f4a61e0da4c7d33380ee760bd4616c4929676fba4c9635427df36fbd4,Vanessa Mai - Ich sterb für dich (Official Video),
183,Nicht mal eine Stunde,Mike Leon Grosch,2021,https://www.youtube.com/watch?v=pk0edki-syI,4ac40e2a8b7e5560bbdcdd6c157580fcb5b34d6fc4af75aab66f78e6e25b139d,Mike Leon Grosch -- Nicht mal eine Stunde (Official Video),
184,Kölsche Jung,Brings,2014,https://www.youtube.com/watch?v=DcNPqsWPbD8,d68613a8b1139f8edc4f1f83ddc2bb6ad5758e6a4f6ac6968ce0c30d1a18cf89,BRINGS - Kölsche Jung (Offizielles Musikvideo),
185,Je T'aime Mon Amour,"Claudia Jung, Richard Clayderman",1994,https://www.youtube.com/watch?v=Xs5u6-D36XM,1f6067e4021bd3f28b93bf6bcf2b5291466a697dc4d4d820d152977ed7069502,Je t'aime mon amour (Wie viele Stunden hat die Nacht),
186,Freu dich bloß nicht zu früh,Gitte Haenning,1980,https://www.youtube.com/watch?v=XjQaUQid2p0,6925995524e4a99b146c7786da995ad3ed602127d51e4a9df1f865e160313a0b,Freu dich bloß nicht zu früh,
187,Die kleine Kneipe,Peter Alexander,1976,https://www.youtube.com/watch?v=cpGMVgiiUMk,7ce31c3e32ea3f6b040231c361315b9d6b5cb6e1935229d4cc617807de8fbfb3,Das kleine Beisl,
188,Die Biene Maja,Karel Gott,1975,https://www.youtube.com/watch?v=p7hOUROAzn4,dfe2a0afe0629e940843d0175ffb8ed133c3b5b50eed702defd785d3e4dbb57e,Die Biene Maja (Remastered 2019),
189,Und heut' Nacht will ich tanzen,Michelle,1992,https://www.youtube.com/watch?v=MtkrHb30Teg,36fa949dac0e03af59b6b4b236c643472a79341d678acf621bedfc542610dd27,Und heut' Nacht will ich tanzen,
190,Night Fever,Dieter Thomas Kuhn & Band,2012,https://www.youtube.com/watch?v=Oz9T0n-eUno,e61dcd365cb9d09681df5e99d4fbd2688c463c5d30c88f3caad5cc3ee2208811,Night Fever,
191,Es gibt kein Bier auf Hawaii,Paul Kuhn,1963,https://www.youtube.com/watch?v=mB1rM73lmnc,77c25ccae0c66adc1537243ff44145d21467b0ecc43c2d459cfa0acee30bace1,Es gibt kein Bier auf Hawaii,
192,Das Spiel ist aus (Game Over),Olaf Henning,2000,https://www.youtube.com/watch?v=dHM_31pwXFg,8699231fa829ab2e90c9ad3f9c0edae311384036b87672d739b497b729c78f9f,Das Spiel ist aus (Radio Version),
193,Das Lied von Manuel,Manuel & Pony,1979,https://www.youtube.com/watch?v=_Fsdo2DaS_0,f1969abc5fd0ac0ec5d340c8cc68276e8fe184e00244366c22159513ea4a64fe,Das Lied von Manuel,
194,Du warst der geilste Fehler meines Lebens,Nockis,2014,https://www.youtube.com/watch?v=gY4N9uc3N_Y,9fea90c42fedd411fe730f86567ff7f492bdfa371fa1f38aedc119cc2f069342,Nockalm Quintett - Du warst der geilste Fehler meines Lebens (official Video),
195,Es gibt nur Wasser,Santiano,2012,https://www.youtube.com/watch?v=-RWKohWx8JQ,97fa4d2f1d63e117ee81fa70f01a1d78dde1b7442369f06de62ad7f7d479e3f3,Es gibt nur Wasser,
196,So a Nacht,Spider Murphy Gang,1987,https://www.youtube.com/watch?v=sox_-1x-VGw,6906ac2a4c1b07facc4e45a60f9ea92756f6a083623df87515f83355656de750,So a Nacht,
197,Herzilein,Rudolf Rock & Die Schocker,1990,https://www.youtube.com/watch?v=Z7oer9xHqOE,51c3bc918f233f1dd2422bfcd629570f88c5a6bf3a3399235cab13c1fe507916,Herzilein,
198,Der rote Mond von Agadir,Fernando Express,2008,https://www.youtube.com/watch?v=Pu6T2UcKv-A,36bd39e878adbf856d90233dffbf2036b51e5aa2cc739705544016bc3580f07b,Der rote Mond von Agadir,
199,Nimm einmal noch meine Hand,Ines Adler,1996,https://www.youtube.com/watch?v=63K9OAh2L0o,5277d8aea2444cf24fb442f6a02868c82492afdb9fa54d7e99bed6d4584c6587,Ines Adler - Nimm einmal noch meine Hand 1996,
200,Willkommen im Club,Ross Antony,2021,https://www.youtube.com/watch?v=OjQiGPlbPgc,16e044606f1e4a752fe6f408d7d3413e277287583a235b19e512e822c729970b,Ross Antony - Willkommen im Club (Offizielles Video),
201,Anton aus Tirol,DJ Ötzi,1999,https://www.youtube.com/watch?v=bdu1iUgM5c8,eecee2f497730a12735ad05e06a63d3d47767e2b3e5d663ec10fbc7b361e6e55,Anton aus Tirol (feat. DJ ÖTZI),
202,Lebt denn der alte Holzmichl noch?,De Randfichten,2004,https://www.youtube.com/watch?v=uDGsw8S9RYM,0e4f9ee48226d2fb97c5c6205aa02ba296cf779e9ec2c453de571d3eb84b57b8,Lebt denn dr alte Holzmichl noch?,
203,Einen Traum für diese Welt,Xanadu,1989,https://www.youtube.com/watch?v=nk0HTecN568,8c76e4192a5a4a8c1c8ea4d81a6ac19c58c6b76d91a76ea98fcedb3a54fa0bc7,Xanadu - Einen Traum Für Diese Welt,
204,Oberammergau,Peter Wackel,2005,https://www.youtube.com/watch?v=BJSuMSVEmHQ,b7f63228b849db13e8ae9d8b77155e412e0d3c80524276faf5b31a076a946dd7,Oberammergau (Sommer-Version),
205,Katzeklo,Helge Schneider,1993,https://www.youtube.com/watch?v=o99uuZ6pNv4,a10af59713328626fe837d15aae4742dbc0b9be0df281171c707ae5c7089e0f9,Katzeklo,
206,"Ich bin kein Dichter, kein Poet",Tom Astor,1991,https://www.youtube.com/watch?v=FcKFv-s4p6s,ed08e8f5d5f577c2e738b615e7553f209dd80042adcca428a1d3c92a2345fe6a,Ich bin kein Dichter - Kein Poet,
207,Alles wird gut,"Thomas Anders, Florian Silbereisen",2022,https://www.youtube.com/watch?v=ogXjEQkHzUw,e7a9d8ca4505024fa19412104910b85f22d7cfa39dcd229fa54cac1ed94d9284,Thomas Anders & Florian Silbereisen - Alles wird gut (Official Video),
208,Und es war Sommer,Peter Maffay,1976,https://www.youtube.com/watch?v=-DLE_1SQsj0,e2ec8491b7bef09790a9e2957ca35716bc0ae3bb77ef32a714e73b23231ef053,Und es war Sommer,
209,Moos Hamma,"Münchner Zwietracht, Rudolph Moshammer",2000,https://www.youtube.com/watch?v=IsIAPSXWaNw,19f2da51e71ac301eed21546d2a525f63853194f30fb0e4c184fd7b4bebb9bba,Moos Hamma,
210,Ich will alles,Gitte Haenning,1983,https://www.youtube.com/watch?v=tuGnrp1Wh80,f88043c2b4dca7425a3c890295003cc6aec62e46f8b1c55cc29c54d634f4b5f3,Ich will alles,
211,Sex & Seine Konsequenzen,Anja Regitz,2006,https://www.youtube.com/watch?v=VylXVpaGWAg,009d9b5f23cdf636418129207788ea7c5c37943de0f49fcf3bf920d6d0ad87d1,Sex & Seine Konsequenzen (Radio-Mix),
212,Nur geträumt,Nena,1982,https://www.youtube.com/watch?v=HEGRwUuWn64,b92342f5afbe5fe87a47ac6378b684829f4ecfdb44604c9e4cae50ac92c5db9f,Nur geträumt,
213,Wir haben Grund zum Feiern,Otto Waalkes,2008,https://www.youtube.com/watch?v=qUMYfp191jQ,d50167bdd817ee37328426a76de151404e640913a3c5f8066810fad454c13d0d,Wir haben Grund zum Feiern,
214,Ich kann nicht ohne Dich - Fox Mix,Frank Lars,2010,https://www.youtube.com/watch?v=dgm2KFBWHTc,9aa827de8db6a7738485b972daf82fcfbbbad03d31743e3c40e3b35a0011727e,Ich kann nicht ohne dich (Fox Mix),
215,Willst du mit mir geh'n,Daliah Lavi,1971,https://www.youtube.com/watch?v=6hb8MghgTwE,e8d48f0147ba3c5bae98fba5d982aa5a31eb11c98ffd76db9ff62bb00e9c6fe4,Willst du mit mir geh'n,
216,Millionen Frauen lieben mich,Karl Dall,1987,https://www.youtube.com/watch?v=4wf_nRYXZOQ,ed30a6cb27d7ac02e0ddafb800db8b173af6e4a576ba5c5e9dc586e83017e0aa,Millionen Frauen lieben mich (Radio 2008),
217,"Grüezi Wohl, Frau Stirnimaa",Die Minstrels,1968,https://www.youtube.com/watch?v=40BkbgKai7g,7bef92536ba18585ae0ba6a6b646da2fd64adc1548d1a3249208c624e6a87cd5,"Grüezi Wohl, Frau Stirnimaa (Original Version)",
218,"Guten Morgen, liebe Sorgen",Jürgen von der Lippe,1987,https://www.youtube.com/watch?v=AocdApEwnhk,dc7edbd154c0d68f04475e46225ad4efaffdf7fcd3f4abc7c1fb8e4dc8a43efa,"Guten Morgen, liebe Sorgen",
219,So schmeckt der Sommer,Edward Reekers,1995,https://www.youtube.com/watch?v=kCcXlhzX8N4,7c4839413f7204e576a82bc28e272b37dcab7c28c38c24978a7c4b19ab52c97d,So schmeckt der Sommer,
220,Lederhosenrock,Melissa Naschenweng,2020,https://www.youtube.com/watch?v=ZIlTo0JMUb0,bfb3c5a2a491a28f566606ad2e7a0fbe9e3312587719fff78eb1d0f1fb897155,Lederhosenrock,
221,Der Nippel,Mike Krüger,1980,https://www.youtube.com/watch?v=oPGKz-g-r_E,b61fb7fa92bae1030c14b25883a91f590424f54c3feb52f4ac57e3883cf08917,Der Nippel (Remastered 2023),
222,Du kannst nicht immer 17 sein,Chris Roberts,1974,https://www.youtube.com/watch?v=PxArycwd76M,9e292934b1486a5e1f239906b3a4a730757fe19b9498aef63746ff92dab6bdc1,Du kannst nicht immer 17 sein,
223,Es Schiesst Ein Blitz In Meinen Kopf,Michael Morgan,1996,https://www.youtube.com/watch?v=Q863e3u8hnc,49af1270e53d7fcb38aa5a135c146024bc2ba0740be836fbd06439787d6128fd,Es Schiesst Ein Blitz In Meinen Kopf,
224,Das geht ab,Die Atzen,2009,https://www.youtube.com/watch?v=vQqpMukDSP4,42dbe2ba9e2358d0646f89b39ae4249aee217e5b1324b0e95560aa8fd8ea3157,DIE ATZEN (FRAUENARZT & MANNY MARC) - DAS GEHT AB (Official Video),
225,Hör meinen Herzschlag,Norman Langen,2011,https://www.youtube.com/watch?v=YenZC-qaSO4,8053f7ba57a9a4104fae506598f69bb05d4e78ea1155d3fda9647b88efb24ccc,Hör meinen Herzschlag,
226,Bist du dafür bereit?,Marie Reim,2022,https://www.youtube.com/watch?v=0QkRsiwmSB4,cc0cde27f90876411d97c8031ae0714ade7e1c29117e5d8c1b4a6093973106f7,Marie Reim - Bist du dafür bereit?,
227,Ein Leben lang,Kastelruther Spatzen,2000,https://www.youtube.com/watch?v=WhVc_ov2Cks,df41bf4615fd8909c6f7a456ff9515ac3521f1bcc55cebb7759d119aafcc277e,Ein Leben lang,
228,Herzilein,Die Wildecker Herzbuben,1990,https://www.youtube.com/watch?v=1-s6pPNRZ1U,91e81b58f38508dd5d781f090f9deddaebab8166faac349f20456e6f26f9767b,Die Wildecker Herzbuben - Herzilein (Official Video),
229,"Junge, komm bald wieder",Freddy Quinn,1962,https://www.youtube.com/watch?v=6Ag3QNdomuQ,86393cc0ce8991fcf7fc7732798f2badc16ebfbe289dce5eb0e597f6b1ba3a4b,"Freddy Quinn - Junge, komm bald wieder",
230,Wini-Wini,Die Tahiti Tamoures,1963,https://www.youtube.com/watch?v=cRvnFKjEsQ0,bf08a9559d70156b0b43b6bf3ed7f4d52cf0f31e18820ed0acbc359b0b1dedc4,Wini-Wini,
231,Ich versprech dir nichts und geb dir alles,Wolkenfrei,2014,https://www.youtube.com/watch?v=b5fQSIFhlSc,4584ea63c8d173f3c218af7cbed7b026cb07ce59cd34982b7f68091bf2401e47,Wolkenfrei - Ich versprech dir nichts und geb dir alles (Dance Radio Mix / Videoclip),
232,Zehn Nackte Friseusen,Mickie Krause,1999,https://www.youtube.com/watch?v=ZIdhH3TxnD4,5b45432942304f8738b517d85691e00c870c3ee1d2228f69b00709ec95f04598,Zehn Nackte Friseusen 2003,
233,Ein Augenblick in Rot,Münchener Freiheit,2009,https://www.youtube.com/watch?v=7xhhB6nOiFE,0116feefc372966ae9a45e984ba81de981afff3f7486027d8c9c797739da1d26,Ein Augenblick in Rot,
234,Mama Laudaaa,"Almklausi, Specktakel",2018,https://www.youtube.com/watch?v=vloUhu7QxmU,069f59604663aaec9fda3cceddb5358cebce682f552fc35a7f09437863c84264,Mama Laudaaa - Almklausi  (offizielles Video) | Mama Lauda,
235,Schön ist es auf der Welt zu sein,Roy Black,1971,https://www.youtube.com/watch?v=qTyUf4j7frw,8e5aab7fc9e0693f21378e028410917b2e47d6926e9ef713cdd30e4bf466930c,Schön ist es auf der Welt zu sein (Remastered 2021),
236,Sternenhimmel,Hubert Kah,1982,https://www.youtube.com/watch?v=co5tV9VW9o8,91af17f4c1f3eedb6358d3b3789b33ee240ddfa8b65f7293975796042384df73,Sternenhimmel,
237,Wer hat dir das Küssen beigebracht,Gaby Baginsky,1994,https://www.youtube.com/watch?v=9ZhHgzxksZY,a8242123e512b78c270c77ea6307bfdb1753a26e4773b1f468e88d03fed91939,Wer hat dir das Küssen beigebracht,
238,Schwarz und Weiss,Oliver Pocher,2006,https://www.youtube.com/watch?v=B9od0nCPwpo,a396af4fb9a1241818e5e9d0f5a98e3fe595fe5c5c84f418aec02499cfac6ce6,Oliver Pocher - Schwarz und Weiss,
239,"Wenn nicht jetzt, wann dann?",Höhner,2005,https://www.youtube.com/watch?v=wyM7Q4cgrGE,069ec15ffee2c1a4c094275d0665074174cffac75e635418282af8e4e71c294b,"Wenn nicht jetzt, wann dann?",
240,E Vogel ohni Flügel,Peter Reber,1985,https://www.youtube.com/watch?v=13YrHoMNe1I,caf49e61f94c98221aa3745b97c4f664564452bb81c5c51eed8c915da22cbdda,E Vogel ohni Flügel,
241,Ein Himmelbett im Internet,Ibo,1998,https://www.youtube.com/watch?v=i3n87_Cd3IA,40878a8cef05e01b9e3b2d9f6d71b6c7ccdaff66b7260f207742e43873cff366,Ein Himmelbett im Internet,
242,Hal-Le-Lu-Ja,"Klostertaler, Kastelruther Spatzen, Nockis",1997,https://www.youtube.com/watch?v=q2cPcD6cp_A,96c80415bff53c8ef4e4448cd3d5ebd0edfe7911142b70a977e45b2a9245fa2a,Hal-Le-Lu-Ja,
243,Eine Frau die mich nach Hause trägt,PS Alex,2007,https://www.youtube.com/watch?v=hrNXPy7PyJM,b70ef13ce32340d8cb62c1a2c2efedbb599e93e1888af1d3aee265ba4f2bbd64,Eine Frau Die Mich Nach Hause Trägt (DJ-Star-Mix),
244,Er hat ein knallrotes Gummiboot,Wencke Myhre,1970,https://www.youtube.com/watch?v=2lyCBJAOqcQ,f92e27ddb4c8684b4fa35c73755e6f562fc5a02fad1520acf0bfe1407269616d,Er hat ein knallrotes Gummiboot,
245,Ich hab Alain Delon geseh'n,Christoff,2012,https://www.youtube.com/watch?v=f7pOq3vOh5o,136323a922c0b1543271d6d8ca4aad94e9fa2b753a9052b09517136306d9605c,CHRISTOFF - Ich hab Alain Delon gesehn,
246,Deine braunen Augen,Alisha,2021,https://www.youtube.com/watch?v=4ts53J9MPbo,eb87c8eaaa0134c56e84370156509978a1c88fb904b7f5ba1b13dcbdd1594a02,Deine braunen Augen,
247,Bianca,Freddy Breck,1973,https://www.youtube.com/watch?v=pv6vOm5ovEI,a21942eb5ad0bfb2bb3631d63ef99a6d327fb854b2bfeb20e8c329292fe719a8,Bianca,
248,"Sieben Tage, Sieben Nächte",Monique,2020,https://www.youtube.com/watch?v=594ydVlytN0,9a1dca080d560f2cd102159a23cf2359cc638d610d3423e06bb31d0bc72cd32e,"Monique - Sieben Tage, sieben Nächte 2020",
249,Dich hat der Himmel geschickt,Bernd Clüver,1992,https://www.youtube.com/watch?v=qWEEYDWdIGw,aa331c85bcb2f61605db7fd8a749d0403a53e5b36d6bc388ceb259bbbbec9d9d,Dich hat der Himmel geschickt,
250,7 Tage hat die Woche,Manuela Fellner,2012,https://www.youtube.com/watch?v=tYJhwawckmM,4c83a2635bcbcdd64f2e96213d4fc5779e04556a9af684c8155c35702c9a54eb,7 Tage hat die Woche,
251,Na und?!,Ben Zucker,2017,https://www.youtube.com/watch?v=kAsAoyaqh1Y,9ec86bd29b8454b4c575fdf7f5a18f9874cd872b616809f337072d3bec757c00,Ben Zucker - Na und?! (Offizielles Musikvideo),
252,Irgendwann ist jetzt (Karte falsch!),Max Giesinger,2021,https://www.youtube.com/watch?v=pqMz4ZHV3BY,de6175139c4ad58a8581f95887e910dd05c29b2c45743fa4b2aead7a2a78b12b,Max Giesinger - Irgendwann ist jetzt (Offizielles Video),
253,Immer wieder sonntags,Cindy & Bert,1973,https://www.youtube.com/watch?v=UeXCCCY7jq4,b0858504a1059ea090e82d9eab80770b60d96c48fefd2b148fe400620cf627ed,Immer wieder sonntags,
254,Theater,Katja Ebstein,1980,https://www.youtube.com/watch?v=JEoUXUWtxao,a573c9cf8cc48590f4a4131e6ce44dbd0b7196231bf50c8667410b73b7a5e1fa,Katja Ebstein - Theater (Starparade 05.06.1980),
255,Ich wär so gern so blöd wie du,Tic Tac Toe,1997,https://www.youtube.com/watch?v=QukYHQRH3NM,3ea605d129acd6ac1254d4ee7afc300f5bd5be38c0ba92e3a22bd32730f25979,Ich wär so gern so blöd wie du,
256,Für dich,Brunner & Brunner,1994,https://www.youtube.com/watch?v=aW_qlvkAEAg,133680f9b947043522ff95905c825c6baa008c17e2ef49eb8852c7dae4fc117a,Für dich,
257,Du-nur-du-nur-du,Isabel Varell,2002,https://www.youtube.com/watch?v=A1KfvOvrVXU,5ed381dda59a052fcaff86f683f0b28b2904fc331cbd9de5f078d066ef00cbb4,Du-nur-du-nur-du,
258,7 Leben,Mitch Keller,2015,https://www.youtube.com/watch?v=Gojprk_UOmg,4fe8f5e2b22bfc5f050a059293a90ce0848fd7cbbb39b4c4ce903f98e407d005,Mitch Keller 7 Leben Official,
259,"Du, die Wanne ist voll","Dieter Hallervorden, Helga Feddersen",1978,https://www.youtube.com/watch?v=-N_8Lr6YbTw,9a3fa580394c8cc84044b993c4a4f2a9e6b97c9bbabe73c36947881af99574e9,"Du, die Wanne ist voll",
260,Weil ich so sexy bin,Trude Herr,1961,https://www.youtube.com/watch?v=GRtqHMiNKS0,9c636ad134bd69a9682dbf2c5079efd82eeabf412d0b9e2afe9e14f84759acd4,Weil ich so sexy bin,
261,Das rote Pferd,Markus Becker,2007,https://www.youtube.com/watch?v=VDCrh5GRTNY,e6b4cb650e051ef88ae82ef153e21e0f364f597d6a4dfa8eef29f167fadeeb86,Das rote Pferd,
262,Ich war noch niemals in New York,Udo Jürgens,1982,https://www.youtube.com/watch?v=8vkbLeRYaYc,1ed8aab5847515e95d6278153cad6ce3df7a3c0f8378e5bc637a070c47afa842,Ich war noch niemals in New York,
263,Kein Schwein ruft mich an,Max Raabe,1999,https://www.youtube.com/watch?v=ZkHa6Vyy0Wg,2c55f3e7d52977d7d05baf004ed6a63e00f9b89140701166f60ed5ceac0a111a,Kein Schwein ruft mich an,
264,Küssen kann man nicht alleine,Max Raabe,2011,https://www.youtube.com/watch?v=XjU8u_TjXfw,248da2606507aefcddf56f23b6141868e7c49a66413c0abbf5634b6008eb49f7,Küssen kann man nicht alleine,
265,Du bist wie Feuer im Vulkan,Die Amigos,2010,https://www.youtube.com/watch?v=lXi7AB2SxH0,5e8184dd7a22d31472eabebb4dfadf8c567e5a0b74fd22151fdcecabe60b312a,Amigos - Du bist wie Feuer im Vulkan,
266,Herzensschöner,Rosenstolz,1998,https://www.youtube.com/watch?v=6vm-DhU2KQ0,c365b070e2c65d93a377ff29934041ab56b92577ec8409fa7ec85c1ac2dd2e38,Herzensschöner,
267,Guildo hat euch lieb!,Guildo Horn & Die Orthopadischen Strümpfe,1998,https://www.youtube.com/watch?v=yB1lWt1Jmpw,36fe4c287ad32512d78530532bfef78202d1e2410b5319c32270acde604fad72,Guildo hat euch lieb! (Grand Prix Version),
268,Sieben Tafeln Schokolade,Bernhard Brink,2010,https://www.youtube.com/watch?v=KI8Pz6SakiM,123bcb93b24a5924bc1fc83ac5b96b7be6c3f43fe9c25791c02bd1a21b37527e,Sieben Tafeln Schokolade,
269,Dschinghis Khan,Dschinghis Khan,1979,https://www.youtube.com/watch?v=jcr3C5mgGoo,634839bf8dbfbadd7e7c84b0c55b762d73d38424ba4c55b255ef183bd9e2c9fa,Dschinghis Khan,
270,Atemlos,Christian Lais,2010,https://www.youtube.com/watch?v=qQ0E2AVdJOM,57dd9f55dd3bdda7e31147f99a61fe7c15bab3d0b827eedafed474f1456023ba,Atemlos (Radio),
271,Stadt met K,Kasalla,2015,https://www.youtube.com/watch?v=LrudFMBPCIs,4b47de8104448fd18c038e8a179bb222dba2a3d4039ee1f56f58dee5cfc25195,KASALLA - STADT MET K (et offizielle Video),
272,"Schnappi, das kleine Krokodil","Schnappi, Joy",2004,https://www.youtube.com/watch?v=hVRw7jtSiEA,15af148230ff284f0bd6290a4c238111478ae99bdca88cff4f1e352055abaa78,"Schnappi, das kleine Krokodil",
273,Wir tanzen Lambada,Andrea Jürgens,1990,https://www.youtube.com/watch?v=y0GbjgpEAbc,bfd6175125f0255c7ab447be8ae92d523e368ce7dc9e209c15fb057232a71b7b,Wir tanzen Lambada,
274,Er gehört zu mir,Marianne Rosenberg,1975,https://www.youtube.com/watch?v=ROL_sgISCew,81cd2da1df79bd284e2929b9a6c1e178a261b554eb8033d8b2ee9b8df43435f7,Er gehört zu mir,
275,Ich bin kein Model und kein Superstar,Ole ohne Kohle,2012,https://www.youtube.com/watch?v=7xNSfvxJxHA,cea4a05578093ae86f06e303cf12610e4a8a85c4f06c271fbd27a0680d6f70de,Ich bin kein Model und kein Superstar,
276,Ein Lied auf das Leben,Feuerherz,2016,https://www.youtube.com/watch?v=cTeRskQuFNA,de63dd5301e8a2d26905dfdd1784fd5d464773e9afef0d51bab9d70cbd81ed16,Feuerherz - Ein Lied auf das Leben [Offizielles Video],
277,Halleluja - Auf das Leben,Patrick Lindner,2003,https://www.youtube.com/watch?v=U4XOGnBqvCQ,c3721436991ea3ad44b574d80a1a5443a5841c7904f3e4c78ceecad57b56b5f2,Halleluja - Auf das Leben,
278,Goldener Reiter,Joachim Witt,1980,https://www.youtube.com/watch?v=8EopL19YjNg,2289d8bbf131a6b7615a18de0fff5ef9e1466636c30d38dcd11d26685bb8a182,Goldener Reiter,
279,Du liebst mich nicht,Sabrina Setlur,1997,https://www.youtube.com/watch?v=hKsbDGpsdnY,82e3d10ddf0dfb35d633224f1e7a354e00d1968aee5156eb9913682e43a84bee,Du liebst mich nicht (1822 Radio Edit unzensiert),
280,Ich mal für dich den Himmel blau,Olaf Henning,2011,https://www.youtube.com/watch?v=Z50NB9BmYHE,38728094f8b286d87a4a4bb72539c892c8f493c2f1a44396c3bf1fe0ef235abf,Ich mal für dich den Himmel blau,
281,Haben Sie Wien schon bei Nacht geseh'n,Rainhard Fendrich,1985,https://www.youtube.com/watch?v=Ngd0BbvRHJA,4a39f9f4a2312a383cd6e3df66e6e54fd0420bd2d16c3738c2136960dfc53c63,Haben Sie Wien schon bei Nacht geseh'n,
282,"Ein Stern, der Deinen Namen trägt","Nik P., DJ Ötzi",2007,https://www.youtube.com/watch?v=2Ua9af7xC9c,770eed548c64a28826a3206345dccca87d113e9be2e82645bdf09ea84e69b4d2,"DJ Ötzi, Nik P. - Ein Stern (der deinen Namen trägt)",
283,Helikopter 117 (Mach' den Hub Hub Hub),Tobee,2019,https://www.youtube.com/watch?v=ANqoWfqoGJY,28a6898a427f2710ce290539e24f5e8632df57c6fd610e371f0e84923de1ea41,Helikopter 117 (Mach' den Hub Hub Hub),
284,Schöne Maid,Tony Marshall,1971,https://www.youtube.com/watch?v=IjBu07_vtw0,26e6130b9a1186bee34fbef0adb3a979f4e6f5ef71ebc49e2468a05240095bb6,Schöne Maid,
285,"Theo, wirfahr'n nach Lodz",Vicky Leandros,1974,https://www.youtube.com/watch?v=Tw1yaWCsuac,f093c86ef39cde1faf83ee7c84ad135fcfb25ecc2ad3a9b7e51f6b4126367fca,"Theo, wir fahr'n nach Lodz",
286,...es kribbelt und es prickelt...,Kristina Bach,1997,https://www.youtube.com/watch?v=llLES3xzGxA,500eacf33765d465502513d061a666860031f5735e8a60bd8287831fd0776fb7,... es kribbelt und es prickelt...,
287,Egal was andere sagen,Eloy de Jong,2018,https://www.youtube.com/watch?v=3VUIL1fE7Pw,63399c154b64110165001f3790f80509cdfdd57c2263c3a2ba3db72cb8c39908,"Eloy de Jong - Egal was andere sagen (offizielles Video aus dem Album ""Kopf aus - Herz an""",
288,Willkommen im Leben,Ute Freudenberg,2012,https://www.youtube.com/watch?v=kRKpf38DoJ8,e2b6f8fd6c9ec078b3c54725024585d2c62dc182ebdc1fa506186b22b23854c7,Willkommen im Leben,
289,Rock mi,voXXclub,2013,https://www.youtube.com/watch?v=lRzwE95E8dY,a1a9a9748609d44cad86f18b16009982a33ef468e455be6ba6d45ef3ad0b86e8,"voXXclub ""Rock mi"" (Remix!) [Offizielles Musikvideo]",
290,Herzbeben,Helene Fischer,2017,https://www.youtube.com/watch?v=8ySJJMu8ReY,5f6f25b9db2eac6779768c129205611c0aa67ef6b27ac01ca4d3d04efe3d9f48,Herzbeben,
291,Ein bisschen Frieden,Nicole,1982,https://www.youtube.com/watch?v=x81TTWiPmZY,3e7a35470fca52a9aed903d722c112d921641c3c2e25fe0288d2f78e5c290743,Ein bisschen Frieden,
292,Was soll das,Herbert Grönemeyer,1988,https://www.youtube.com/watch?v=xJJIS64k_LY,94b1877d759c0ee020badd98d165b98a9a74b943fff7ada3ff7f9803e51ea502,Herbert Grönemeyer - Was soll das (offizielles Musikvideo),
293,Küss' die Hand schöne Frau,EAV (Erste Allgemeine Verunsicherung),1987,https://www.youtube.com/watch?v=s7PjsHS1Vtw,9da850fef2ad61d80d7feca0392950d952928ca8be722ac0b25a82fb6934513a,"Küss' die Hand, schöne Frau",
294,Freundschaftsring,"Anna-Maria Zimmermann, Olaf Henning",2012,https://www.youtube.com/watch?v=-Uxw08NAiQ4,45370370cd616e8f6b42b78d76c15483d56a5a461ea50f62c18f2e5dbbfed992,Freundschaftsring,
295,Sieben Tage,Die Flippers,1990,https://www.youtube.com/watch?v=UoQYb49mOl8,d1c4a9f984d0e29539b282f62d3840dae0eabf4aaffe48ebaf156c99f0a4451f,Sieben Tage,
296,Wieder Alles im Griff,Jürgen Drews,1999,https://www.youtube.com/watch?v=5G9IH2pOYUA,630d6262eef631cc899d844d77a8b20c839d9d92c33f1fcbb81f85f55fa35e07,Wieder alles im Griff (Version 2017),
297,Heimweh,Plüsch,2007,https://www.youtube.com/watch?v=ZhZhRRg93aA,87d90d424cad546eacfa03bc65dab501023a5b468076c2df450064bbdd2368fd,Heimweh,
298,Hinter den Kulissen von Paris,Mireille Mathieu,1969,https://www.youtube.com/watch?v=5lNMP9gUchQ,7f88e8dd2b9ec1fecdf642cf01ce3924f8da1b2a41988ddb1bb09ef2df5095f6,Hinter den Kulissen von Paris,
299,Gloria II,Nik P.,2008,https://www.youtube.com/watch?v=1NqYMKHKawM,08e5d9b1bd9cf368459bd3e77f7e97a55ac6044a2b06685e39f0d6e503eea001,Gloria II - Lebenslust & Leidenschaft,
300,Schatzi schenk mir ein Foto,Mickie Krause,2010,https://www.youtube.com/watch?v=0BGUBfF4xOk,84bb748b61fcd939c44567f44b586577774166154cdcf1dd4cfb955b3bafe545,Schatzi schenk mir ein Foto,
301,Ich wünsch' mir 'ne kleine Miezekatze,Wum's Gesang,1972,https://www.youtube.com/watch?v=h-iC5wKUVv0,736eac139d5e8c01cc4699bb082b1bc7b7f8ac6d65a33dcd282dca8f74cba4fe,Ich wünsch' mir 'ne kleine Miezekatze,
302,Noch in 100.000 Jahren,DJ Ötzi,2008,https://www.youtube.com/watch?v=LHK-d8EqWAU,35580f6efe3173771c3c2b6bd2c0e6d6e599300a49d91212571df528d3014928,DJ Ötzi - Noch in 100.000 Jahren,
303,Is was,Jürgen von der Lippe,1989,https://www.youtube.com/watch?v=fwjZl8SbASg,02071c9ec9097680af32a5ef9cde93d9b5309437f62b9111657b63d151fccf9c,Is was,
304,Ich bau dir ein Schloss,Jürgen Drews,2009,https://www.youtube.com/watch?v=TOGS85Yno3E,85704ddc04c4017056ac8ec4fbb1a8a382ffd869b7ad5db346d9a12f084867b1,Ich bau dir ein Schloss,
305,"Verliebt, verlobt, verflixt nochmal",Beatrice Egli,2018,https://www.youtube.com/watch?v=_QO4zXwwpS8,171cc904bd6ef10e1bd1a8633ea200ad43feee787d210bb9eb8177df84e55194,"Beatrice Egli - Verliebt, verlobt, verflixt nochmal (Offizielles Video)",
306,"'54, '74, '90, 2006",Sportfreunde Stiller,2006,https://www.youtube.com/watch?v=rj9KyVpCfYg,47fcccc733a6056b821847c5813a9b4f633415d031220651b36ab02e09542914,"Sportfreunde Stiller - '54, '74, '90, 2006 (Video)",
307,Du Du Du,Vincent Gross,2017,https://www.youtube.com/watch?v=0lNb1nflQnk,d169c0c6df32f4470cd17641b9f44100a3015fb784b0b117d4bbf86ba9ea502c,Du Du Du,
308,Mein Herz schlägt Schlager,Vanessa Mai,2015,https://www.youtube.com/watch?v=8bd_6CyjyXI,32c0e483231a8267945b142c6ac801489e57e4aecc44de6d9cdfdb1b05f856c1,Vanessa Mai - Mein Herz schlägt Schlager,
1,Walking On Sunshine,Katrina & The Waves,1983,https://www.youtube.com/watch?v=iPUmE-tne5U,19c22c9167e0ca91d413697d52a888ffe2fa23ccd49c5f83e281cb2bf5f6b252,Katrina & The Waves - Walking On Sunshine (Official Music Video),USCA28500452
2,Summer In the City,Joe Cocker,1994,https://www.youtube.com/watch?v=GuyfyTvrZJc,632a8063314e428ac63e109c7d2fb65978bbd35fce98b6cf36a06b758e272cb9,Summer in the City (Radio Edit),USCA29400204
3,Perfect,Fairground Attraction,1988,https://www.youtube.com/watch?v=txapREGWHp0,2632b7f0dffc6f54ad8f7998b00eb08538b6d94fa39705efa9518b993961ae7c,Fairground Attraction - Perfect,GBARL8800011
4,Have You Ever Seen The Rain,Creedence Clearwater Revival,1970,https://youtu.be/u1V8YRJnr4Q?t=16,2ecb57d908ab20ba4c9ab4e8c7741d46ecb57d46dad17fdfc39d9e3891c84d3f,Creedence Clearwater Revival - Have You Ever Seen The Rain (Official),USC4R0817643
5,Je ne parle pas français,Namika,2018,https://www.youtube.com/watch?v=103bx_Waacc,ed25088b38a251706e3ed6bdce4544d2f8957d63b31f33e2fae83df5b61222b0,Namika - Je ne parle pas français (Official Video),DEE861800295
6,One Dance,Drake,2016,https://www.youtube.com/watch?v=ki0Ocze98U8,ea0afd02fea35f65d9b16eb7725584e257c4250bacc8984d1b4ba9570ba1bf79,Drake - One Dance (Lyrics) ft. Wizkid & Kyla,USCM51600028
7,Vayamos compañeros,Marquess,2007,https://www.youtube.com/watch?v=blawzJELKf4,1bfd9a76e89fbd8c6270a133438c7f1ad8f04dc452e26e8f259be9e55506e1cb,Marquess - Vayamos compañeros (Official Video) HD,DEA620700217
8,MMMBop,Hanson,1997,https://www.youtube.com/watch?v=NHozn0YXAeE,870761c4706645cea35284f13811944b569531cfbe8d022fdd737eaee64209cd,Hanson - MMMBop (Official Music Video),USMR19786791
9,High,Lighthouse Family,1997,https://www.youtube.com/watch?v=taOL5HJdx1A,b4a0bca14e5e92babaccfde2cd6f5f5634646f289799633c54a922692259fa6a,Lighthouse Family - High (Official Music Video),GBALS9700072
10,All Night Long (All Night),Lionel Richie,1983,https://www.youtube.com/watch?v=nqAvFx3NxUM,b91bb9a2aaecb09767bf1285fd6b0b9d2302db0e6b2d07fb009d37d0a5fa9c7c,Lionel Richie - All Night Long (All Night),USMO18390005
11,Let The Music Play,Barry White,1976,https://www.youtube.com/watch?v=tfFjm-6cbu8,9fa0c26e124d120a2ca0665e559869a1a8a89a43c300237cd297ba9487bd9b96,Barry White - Let The Music Play (Official Music Video),USIR20200274
12,Shut Up (And Sleep With Me),Sin With Sebastian,1995,https://www.youtube.com/watch?v=KTfXUXqtkQw,dc2e94d8601c05cd943cb57e977fd8407ab0c79d374cca63f9f7e476356afa4b,sin with sebastian - Shut up (and Sleep with Me),usx9p1318548
13,Baila Me,Gipsy Kings,1991,https://www.youtube.com/watch?v=lgeUItUZjj4,7311e543414e9e8a483d5b61a67305223c499b2af7c4ff1876de202eec8e7f0c,Gipsy Kings - Baila Me (Official Video),GBARL0700383
14,Summertime,DJ Jazzy Jeff & The Fresh Prince,1991,https://www.youtube.com/watch?v=Kr0tTbTbmVA,572110c147135ab79e48762fe59a2299f8b6c04632c6395bc9b1c8878104efd5,DJ Jazzy Jeff & The Fresh Prince - Summertime,USJI19100002
15,Suavemente,Elvis Crespo,1998,https://www.youtube.com/watch?v=WPiEbYSF9kE,05a9e0fed0c4cb625ad07492795f82d17af5b0107f4153cca5bca2643e8f0edb,Elvis Crespo - Suavemente,USSD19700576
16,I Gotta Feeling,Black Eyed Peas,2009,https://www.youtube.com/watch?v=uSD4vsh1zDA,c90ed7587cc4897fe6054256125f2930b4f0d42d46554b7059121ec71a1fb52d,The Black Eyed Peas - I Gotta Feeling (Official Music Video),USUM70965169
17,The Look,Roxette,1988,https://www.youtube.com/watch?v=LlVI7ZNiFlI,cfe223cf49d1e3f80378c57cb9e2f0e6fe3eac321c75e10b896485348f39cf28,Roxette - The Look,SEAME8878010
18,Mysterious Girl,Peter Andre,1995,https://www.youtube.com/watch?v=iqIq4B1rgl4,f23e20014fe94953983fe67ad2c816400264876320d7a0c7553d7c8dd3fd0ab4,Peter Andre - Mysterious Girl (Official Music Video),GBAHS0400990
19,Breaking Me,Topic,2019,https://www.youtube.com/watch?v=jIoEaTN7GGo,551c06c9ddfdcbd82eb1af807c355297d87b7656b9030dc32adf4c239dcc7d9e,"Topic, A7S - Breaking Me ft. A7S",DEUM71906724
20,Here Comes The Sun,The Beatles,1969,https://www.youtube.com/watch?v=xUNqsfFUwhY,ebb1172eb167b90b1d13c6bf0b1f02e599b3ac3d4619eae86ad7ffaae4dc3ff6,Here Comes The Sun (Remastered 2009),GBAYE0601696
21,Eine Woche wach,Mickie Krause,2019,https://www.youtube.com/watch?v=F9y9-xgbPmM,671deced8dae6e284f60a5bf396c7d61db77740a9b35c08203112e8e73a0192c,Mickie Krause - Eine Woche wach,DEUM71901939
22,Was du Liebe nennst,Bausa,2017,https://www.youtube.com/watch?v=TSkVVVBS9k8,91f9fffc602a137ad6ad8ac6e65b7accce8be01af7b26146749ed1c635f09770,"BAUSA - Was du Liebe nennst (Official Music Video) [prod. von Bausa, Jugglerz & The Cratez]",DEA621702378
23,A Horse With No Name,America,1971,https://www.youtube.com/watch?v=na47wMFfQCo,775fdd8cfff58cc6812590aa6a42672b3d658b79e3fb5978d63ac6d0879d32ff,America - A Horse With No Name (Official Audio),uscgh1180340
24,How Deep Is Your Love,Calvin Harris,2015,https://www.youtube.com/watch?v=EgqUJOudrcM,0ab54e546477a114e4cdd67019a8a3fae5bb06d64267c02cff147bae6c794a0f,Calvin Harris & Disciples - How Deep Is Your Love,GBARL1500704
25,Hey Baby,DJ Ötzi,2000,https://www.youtube.com/watch?v=CmhNw9ohGq8,872fd4d398bff279a9c396d802d8275c1cb96b782619d7e6fb0261da926d6f2f,Hey Baby (Radio Mix),ATHE51081010
26,Lady Marmalade,Christina Aguilera,2001,https://www.youtube.com/watch?v=RQa7SvVCdZk,3ce4bba752adb3262a7395a7adf8a4e147c080fec0801391d539368b81a06e30,"Christina Aguilera, Lil' Kim, Mya, P!nk - Lady Marmalade",USUM72206801
27,Loco Contigo (feat. J. Balvin & Tyga),DJ Snake,2019,https://www.youtube.com/watch?v=zNl00mOSnJI,3e66b2269ca5fa42f3e5c8dc8bc9e12591c887631add90356ad52e87b2113fc8,"DJ Snake, J Balvin, Tyga - Loco Contigo",USUG11901580
28,Girl You Know It's True,Milli Vanilli,1988,https://www.youtube.com/watch?v=RdSmokR0Enk,7f9231d2066463800dee1d5d5914676488033a4371f94ebb2ed4f511f09d1795,Milli Vanilli - Girl You Know It's True,DEC738800004
29,Alles neu,Peter Fox,2008,https://www.youtube.com/watch?v=qdtLCfEcPL4,9b365d6c3332a78e6c46f0eb9159c2d61bab4d7762647780941908959bcdea0c,Peter Fox - Alles neu (offizielles Video),DEA620800706
30,Reggae Night,Jimmy Cliff,1983,https://www.youtube.com/watch?v=oPHWzTDJhSE,d539a14330a48564f15e4f5d7117a1995f451b0e1291697171b73fe4815f17e9,Reggae Night,USSM19917309
31,World In Our Hands,Taio Cruz,2011,https://www.youtube.com/watch?v=9-YOU4DasV0,b675ee7de23c502c969843107edc015153eb24e42bb76634cdaf7fe428333c32,World In Our Hands,GBUM71109576
32,Mama Loo,Les Humphries Singers,1973,https://www.youtube.com/watch?v=xabrEUv8IFM,269844ef5280687785f4317764f4fa3eef861e0f4730e01836e753bfbc4b741f,Mama Loo (Remastered),DEA619351680
33,New York-Rio-Tokyo,Trio Rio,1986,https://www.youtube.com/watch?v=6mLb4l8FLlE,f715a6d202ae6704b9d2a9d89f86ad73d298386ecd630f4a8683b079bced1721,New York-Rio-Tokyo,DEHA68600002
34,Sunshine Reggae,Laid Back,1983,https://www.youtube.com/watch?v=R82XGJV_nkU,b27092e2110b3cf1d6443f8bdcbc31fc31ebffe5bc25bd84681b45a36965abaa,Laid Back - Sunshine Reggae,DKABA0002801
35,Sun of Jamaica,Goombay Dance Band,1979,https://www.youtube.com/watch?v=P5OrPKTFBIY,b388cde5f311fe6e5855465802c360e38a6426b5e41988c4beeec9a3f636f980,Goombay Dance Band - Sun Of Jamaica (Official Video),DEK897900010
36,Sweet Sixteen,Billy Idol,1987,https://www.youtube.com/watch?v=ClxXDfvtoj0,5f7faa00b04ad9918af9a7c53512a028dee1817b3ad5a10f48dee9d7ab8992cf,Billy Idol - Sweet Sixteen,USCH30100011
37,All I Wanna Do,Sheryl Crow,1994,https://www.youtube.com/watch?v=ClbmWkbocoY,3840bee2d2ddec009b39a8c78ea71d57b80eb57d1880e03af545fe243b4e02a1,Sheryl Crow - All I Wanna Do,USAM19300013
38,"Ella, elle l'a",France Gall,1987,https://www.youtube.com/watch?v=lgHGU8gqz9U,ef178b9ee79ab6ce00cea94950f1cf7fc58960da466f44992edb341c6813b22c,"France Gall - Ella, elle l'a (Clip officiel)",FRT198700050
39,Sweat (A La La La La Long),Inner Circle,1992,https://www.youtube.com/watch?v=AdIer7rKyq0,c090f52e4a3d1e4d5a73e1ee3e45907b4a14e731b0a0d8b220f063a6bbbf02a0,Sweat (A La La La La Long),USA2P1004785
40,River,Tom Gregory,2021,https://www.youtube.com/watch?v=5gCEh4ICp3A,bbfa9dc2a6e9c4136e1ed00b28e8bae931667aa52425505aa3a70adfed3070ac,Tom Gregory - River (Official Video HD),DEN062100149
41,"Boom, Boom, Boom, Boom!!",Vengaboys,1998,https://www.youtube.com/watch?v=llyiQ4I-mcQ,c92a17ff91d47f1557296c44e5676697468655f584bcecbf41f1e9f77353c3a4,"Vengaboys - Boom, Boom, Boom, Boom!!",NLC529811150
42,So schmeckt der Sommer,Edward Reekers,1995,https://www.youtube.com/watch?v=kCcXlhzX8N4,7c4839413f7204e576a82bc28e272b37dcab7c28c38c24978a7c4b19ab52c97d,So schmeckt der Sommer,DEF069516410
43,Boys - Summertime Love,Sabrina,1987,https://www.youtube.com/watch?v=_OIPDU8kCNo,93ad7e40d93569957495296ed804c37adbb14e8db46e8e49c62ff717f0ef232c,Boys (Summertime Love),GBJUT1009950
44,Summer Jam 2003,The Underdog Project,2003,https://www.youtube.com/watch?v=9AHfNvKRtvM,8e8fdf0c0fa45f1651c759f7368907e88ae8945b77ea61224427917778bb8adc,Summer Jam 2003 (DJ F.R.A.N.K. Summermix Short),DEN060401576
45,Flying Through the Air,Oliver Onions,1973,https://www.youtube.com/watch?v=apOn3XQSYaA,ad1508dcd9119a69b31db36d9f2603f9c499fbed831d69c2ec1c1fef387408cd,Flying Through the Air,DEH840501531
46,Wavin' Flag,K'NAAN,2009,https://www.youtube.com/watch?v=VrurenhpPxE,2ef8da8d9b9acb2b7e404dae3d1381d092827797c64b1ec5f31e817b63e040dc,K'NAAN - Wavin’ Flag,USUM70951245
47,Could You Be Loved,Bob Marley & The Wailers,1980,https://www.youtube.com/watch?v=1Ogjp1hzmZU,757924aeece653c73f87726a3a1164c7daead9d4df6a110f6fd4704cf37920b3,Could You Be Loved,USIR28000016
48,Take Me Tonight,Alexander Klaws,2003,https://www.youtube.com/watch?v=DmgDOFtzRFA,00bc35eb0f7121929193a415822e94a5826950e3cbe0ea8e2ef2ed481473c6b9,Alexander Klaws - Take Me Tonight (Official Video),DEC730300065
49,United (feat. Marky Mark),Prince Ital Joe,1994,https://www.youtube.com/watch?v=AA-y4oqjOUs,7348fb0022a265d04ebb5de3e3d165a7f0984ad2161c31a8be9c0303e730837d,United (feat. Marky Mark) (Radio Edit),DEA619450270
50,Alors on danse,Stromae,2009,https://www.youtube.com/watch?v=VHoT4N43jK8,c0c32da7a90ed314e6ec6f55d460c6e0f4f6785ef963842a6d28dc69a40e83e9,Stromae - Alors on danse (Official Video),FRUM70902424
51,Volare,Domenico Modugno,1958,https://www.youtube.com/watch?v=6jWsIpAbo-8,30c33fd130dfcdb27a4cd92de69403aa10f3b6aaddb020729a583704031877fc,Volare (Nel Blu Dipinto Di Blu) (Remastered),DETL61621179
52,Faded Love,Leony,2021,https://www.youtube.com/watch?v=CE7ymQByeH0,33ca541b5275889676355e278d4b0a15becb6d2df09d681a2d7ca8b208a438b2,Leony - Faded Love (Official Video 4K),DEN062004998
53,La La La,Naughty Boy,2013,https://www.youtube.com/watch?v=3O1_3zBUKM8,1b73ea0ac362fc9f0e950a5326ace6fab284a39dbf0f960483f90c3c690d5fbc,Naughty Boy - La la la ft. Sam Smith (Official Video),GBAAA1300148
54,Fresh,Kool & The Gang,1984,https://www.youtube.com/watch?v=sTJ1XwGDcA4,71a7d6e6732c9d3874d33cec5d08c6437980ffa8cdee85bef98711c44b0ab345,Kool & The Gang - Fresh,USUMG0000175
55,Wann wird's mal wieder richtig Sommer,Rudi Carrell,1975,https://www.youtube.com/watch?v=cH3tuAAHpNI,e55430b7a4b5d00745e84c498c180d1636d45e39dec9ee688e1ab9ca69f37002,Wann wird's mal wieder richtig Sommer,DEF457500504
56,Helden 2008,Revolverheld,2008,https://www.youtube.com/watch?v=XER2pm7UUv0,2cc6d9568b0f376f8d64335a823e96b4b49c8ba06b62ee582618d2d394436985,Revolverheld - Helden 2008 (Videoclip),DEA810800202
57,Ratzfatz nach Mallorca,Ibo,2000,https://www.youtube.com/watch?v=1Rxbg1hGlSc,f43776afa40ac22468bcf532c68376c272d3081e4a743bcb59fed94ea9f5cf35,Ratzfatz nach Mallorca,DEA760003101
58,Sofia,Alvaro Soler,2016,https://www.youtube.com/watch?v=qaZ0oAh4evU,2726bd05bd95bc759ec052e9b918472cb9ac980633144bc4d51b62444e33a73a,Alvaro Soler - Sofia,DEUM71601055
59,Cruisen,Massive Töne,2002,https://www.youtube.com/watch?v=LEi46LleIFo,eae5b7dec3f449133cb666820c0a1957f98b1badc07495e9284de310191843cd,Cruisen,DEA610200332
60,This Girl (Kungs Vs. Cookin' On 3 Burners),Kungs,2016,https://www.youtube.com/watch?v=2Y6Nne8RvaA,8c36ed3ff482612fa3c19a30f34399d268adf68c4d478d3b946c4ef0100e1ff1,Kungs vs Cookin’ on 3 Burners - This Girl,FR9W11601798
61,Baker Street,Gerry Rafferty,1978,https://www.youtube.com/watch?v=Fo6aKnRnBxM,f21095d4fc933d4af72337edb7d621c68f7dd4cd824b2091735a6e008f2ecd22,Gerry Rafferty - Baker Street (Official Video),GBAYE7800619
62,Nutbush City Limits,Ike & Tina Turner,1973,https://www.youtube.com/watch?v=DbivX78Degg,a4092d5979c523647d2915fa9b7f6e662059e7e416acb7b938fced91ad78a76b,Nutbush City Limits,USEM37300029
63,I Want To Break Free,Queen,1984,https://www.youtube.com/watch?v=f4Mc-NYPHaQ,a02bb4abb9acb355cde5f7bc385b88ba03a9378931a92dae320cdb0f42da964c,Queen - I Want To Break Free (Official Video),GBUM71805978
64,Footloose,Kenny Loggins,1984,https://www.youtube.com/watch?v=ltrMfT4Qz5Y,e9193d8b370efe8ee4b1a12f66ced0abfda39d0abf1ac024a25c41870c94d954,Kenny Loggins - Footloose (Official Video),USSM18400107
65,CAN'T STOP THE FEELING!,Justin Timberlake,2016,https://www.youtube.com/watch?v=ru0K8uYEZWw,8c951b8fe1b25b00d2c0eb9cd18d98b63edd6d06820b617a81c3c2be5fc99d53,"Justin Timberlake - CAN'T STOP THE FEELING! (from DreamWorks Animation's ""TROLLS"") (Official Video)",USRC11600876
66,Wake Me Up,Avicii,2013,https://www.youtube.com/watch?v=IcrbM1l_BoI,907a75c1078b47eed476420d40cfafc733d2ac62c088a73f60b8ab4cdbc6fae2,Avicii - Wake Me Up (Official Video),SEUM71301326
67,Hollaback Girl,Gwen Stefani,2004,https://www.youtube.com/watch?v=Kgjkth6BRRY,67edea41a3042a5f349a85e91b9fdddd797b744e44b0bfa7ad593adfe66af7d3,Gwen Stefani - Hollaback Girl (Official Music Video),USIR10400847
68,Where Do You Go,No Mercy,1996,https://www.youtube.com/watch?v=nzQDQcELNuU,c24c68ac837b256aeaaafb4c0a8bb23048f700c72e362d799ebfc04db77cc7a4,Where Do You Go,DED169600128
69,Bella Isola,Bata Illic,2003,https://www.youtube.com/watch?v=xxObvAXJs94,5281482c8eb8564f076cb574ffa969abf39a242bbb7959292abf237a242259a3,Isola Bella,DEQ090300067
70,Lessons In Love,Level 42,1986,https://www.youtube.com/watch?v=9x1RcVrGjGM,6530c88cf00d2e96e754377d4ec3e52abca879def59dcea447360f46020c790e,Level 42 - Lessons In Love,GBAKW8601003
71,Whatever,CRO,2013,https://www.youtube.com/watch?v=FAyGmrS-JlU,b40c49a3433982d9cddc823e36c19a380122fab92e7f3d477b3e56ed243f8310,Whatever (+1),DEW921300229
72,Get Lucky (feat. Pharrell Williams and Nile Rodgers),Daft Punk,2013,https://www.youtube.com/watch?v=M7VTByl6WqA,8a2f9b1ec61122311350e00129082ef3500175508df13e19ec084c9a4481cfd3,Daft Punk - Get Lucky (Radio Edit) [feat. Pharrell Williams] [Official],USQX91300809
73,Venus,Bananarama,1986,https://www.youtube.com/watch?v=d4-1ASpdT1Y,07b5586e120f2685f1b8a7f475f4cd5343f293a7d380b8e097846df0a3a4acdc,Bananarama - Venus (Official Video),GBAAP9600095
74,Happy Together,The Turtles,1967,https://www.youtube.com/watch?v=pSw8an1u3rc,6f7f91fccfed1042533f3756062a0fc34be71b0140170f6512ac662f36e974a6,Happy Together (2016 Remaster),USA560587940
75,Pump Up The Jam,Technotronic,1989,https://www.youtube.com/watch?v=9EcjWd-O4jI,e29aa4bfd6dbcdc4a2466fe33fd86372c55db4dcca4e5384b92bec8258e641d1,Technotronic - Pump Up The Jam (Official Music Video),BED018901375
76,La Bamba,Ritchie Valens,1958,https://www.youtube.com/watch?v=BycLmWI97Nc,e34e25b5b7e47c2eae8cd6cc199c3fa939f24b5f3963a728d473ac86ce6bc081,La Bamba,USRH10402003
77,Heat Waves,Glass Animals,2020,https://www.youtube.com/watch?v=mRD0-GxqHVo,d28bbc8ffeefb948485a551fc658b5b0aea4b28a1a8e4ee4d432e4c4a3cb1540,Glass Animals - Heat Waves (Official Video),GBUM72000433
78,Lonely,Nana Darkman,1997,https://www.youtube.com/watch?v=CD6VMP2wzJM,91f42d82b6bdc0824bf591f9390cb4865dec639a54baedfc2ca76442edd72185,Lonely (Re-Recorded 2021),DEPI82101614
79,Conga!,Miami Sound Machine,1985,https://www.youtube.com/watch?v=VVRHtUes7go,3de825811e6835a8b9bba95f89c2bd570c9aefdbd97ae2e55d6150e22d81548a,Conga!,USSM10026825
80,Holiday Rap,MC Miker & DJ Sven,1986,https://www.youtube.com/watch?v=5JgR6JCLUfg,b8e033e4cf6a0ece6b3759b40d8c2b9b571b6bae735bfc3dd7d842ae4dc380b6,MC Miker G & DJ Sven - Holiday Rap 1986 (Remastered),NLE320400069
81,Weekend,Earth & Fire,1979,https://www.youtube.com/watch?v=0uNaFo3wAR8,6c3ace9e4d8a078e394e5a2f2c5a9f17e0abad7bd5d103c0a12cea0bbd3e540c,Earth & Fire - Weekend 1979 (Remastered),NLC287900009
82,Love Is You,Thomas Godoj,2008,https://www.youtube.com/watch?v=eCsh6FNFg3Y,4624f0adcfec15977da8c05736fd717e7d99b25bb70c2d6b00ebf564192e24dd,Thomas Godoj - Love Is You (Videoclip),DEE860800369
83,Itsy Bitsy Teenie Weenie Honolulu Strand Bikini,Club Honolulu,1960,https://www.youtube.com/watch?v=xxSPQGaGqd0,b3d47ca4c341af388a930d15c25641b0f9b94d871d444f2f7576e52fb3f72ef7,Itsy Bitsy Teenie Weenie Honolulu Strand Bikini,DEU241266207
84,People Everyday,Arrested Development,1992,https://www.youtube.com/watch?v=SvlcpJX4Dn0,747251dc5259e6c7f05321a9ea7886498a3f8b5acf0b3fc0002ed71d4ae5767f,"Arrested Development ‎– People Everyday - 3 Years, 5 Months And 2 Days In The Life Of",USCH39200007
85,Sucker,Jonas Brothers,2019,https://www.youtube.com/watch?v=CnAmeh0-E-U,ac2b43bb62f56fabefc43acd48eca459bb10f7088b046d8140ae73bc0ce0ba44,Jonas Brothers - Sucker (Official Video),USUG11900515
86,California Gurls,Katy Perry,2010,https://www.youtube.com/watch?v=F57P9C4SAW4,cf8a1f21e78abc911a8d28907cccb758938a1a3787b35448ff19194c34954d2a,Katy Perry - California Gurls (Official Music Video) ft. Snoop Dogg,USCA21001135
87,Let's Get Loud,Jennifer Lopez,2000,https://www.youtube.com/watch?v=Q91hydQRGyM,681dddcc1105cc2c615ea437576117b75e8016a5bcde4a8ba83fc870fdd6d976,Jennifer Lopez - Let's Get Loud (Official Video),USSM19900597
88,One Kiss (with Dua Lipa),Calvin Harris,2018,https://www.youtube.com/watch?v=DkeiKbqa02g,d40b723ed4603446bb7d71bc0892438151ba9045f9f5fccfef0f7a76eef07da7,"Calvin Harris, Dua Lipa - One Kiss (Official Video)",GBARL1800368
89,Mambo No. 5 (a Little Bit of...),Lou Bega,1999,https://www.youtube.com/watch?v=EK_LN3XEcnw,b6cdde39684fdfe231719f7fa2fc394713e2e867a57408acdf20dc7be047fe96,Lou Bega - Mambo No. 5 (A Little Bit of...),DEH259900010
90,The Girl From Ipanema,Stan Getz,1963,https://www.youtube.com/watch?v=v5DZ5clg-bg,1a7661c74bcb2a372faaf1f31d564d21dec83fd2922d7ddfc702bd8c97fe90b7,The Girl From Ipanema,USUMG0000425
91,Talkin' Bout a Revolution,Tracy Chapman,1988,https://www.youtube.com/watch?v=Xv8FBjo1Y8I,b6a5de1c73eb7194b3cab0a9c226158f7c372a33bd5d41ed0b4e5aeb7703eefc,Tracy Chapman - Talkin' Bout A Revolution (Official Music Video),USEE10100547
92,Sonic Empire,Members Of Mayday,1997,https://www.youtube.com/watch?v=hhWf2GuDZZc,f6dd231a314b2c3b01f8793a9d8d1b388dc5c9adc584c2d79353c5d706caedba,Sonic Empire (Short Mix),DEE199700014
93,Senza Una Donna,Zucchero & Paul Young,1991,https://www.youtube.com/watch?v=V69vs8JmXYM,238f58b9a0ab9a15538f718d5eb87743948a18360e0d7e338c63dcd47c59cf0c,Zucchero & Paul Young - Senza una donna (Without a woman),IT9008701810
94,Don't Stop,Fleetwood Mac,1977,https://www.youtube.com/watch?v=QV9JJmSCiI8,548b181b2c4eb1a025923416b715726ca9a99aa93927a71b2ab97f92212b4175,Fleetwood Mac - Don't Stop (Official Music Video) [4K],USWB19900180
95,Coco Jamboo,Mr. President,1996,https://www.youtube.com/watch?v=_Jl-QpJNKiQ,2fe9c44cdffc2283e6b7cf82e64cec92a6cc71cd5c0cc54ed9d1b1681232acc8,Coco Jamboo,DEBS80500020
96,"Never Leave You (Uh Oooh, Uh Oooh)",Lumidee,2003,https://www.youtube.com/watch?v=QhKj93rPIDo,ea7013bb984f795b8c73113fd136d5f136c7aea6987a95d929e32b1195081eed,"Never Leave You (Uh Oooh, Uh Oooh) [Official Music Video]",USUR10300367
97,Ö La Palöma,Ö La Palöma Boys,1999,https://www.youtube.com/watch?v=osiScTCh-Wc,3d8cc1f27c31158219c1575a336e21b1e48387b5ab21ee12aa4c9f1e6db6d859,Ö La Palöma (Stefans Funky Video Edit),DEQ989900065
98,Jetzt oder nie,Maite Kelly,2017,https://www.youtube.com/watch?v=y4cQeOguQCg,b6eeb14fabb75b3c2a5abd305832531d7e046669ba641e14d30c7ee205a7d650,Jetzt oder nie,DEUM71602757
99,I.O.I.O.,B 3,2002,https://www.youtube.com/watch?v=AuoMrxTWBlc,c9c1a14aa961ac3f6e8952a2148338518447f0decbda46e37aff28de7413e57a,I.O.I.O. (Radio Edit),DEPI82100993
100,SOS,ABBA,1975,https://www.youtube.com/watch?v=aKXAN-bcwRo,cfb64f1f66ab562bb293a4ed8cb4d615a2a420c60daae940c91a3d0f504c54c3,ABBA - SOS (Official Lyric Video),SEAYD7501040
101,Balada,Gusttavo Lima,2011,https://www.youtube.com/watch?v=JY25N0J5cIM,60734530787723ffacc077e99736d1399e7f2e80584ab25308f4000fc2a7e49d,Balada (Ao Vivo),USA561215539
102,The Shoop Shoop Song (It's In His Kiss),Cher,1990,https://www.youtube.com/watch?v=XpgbmIkyRDc,a2017f58ac52ac97f7a8a6afd55a36a715763ffa0cac212bdccc4763bf953430,The Shoop Shoop Song (It's In His Kiss),USGF19031001
103,Umbrella,Rihanna,2007,https://www.youtube.com/watch?v=CvBfHwUxHIk,d768184995db922d222e11cd5d244add75e75e88986ad570056a90bdf309a8d4,Rihanna - Umbrella (Orange Version) (Official Music Video) ft. JAY-Z,USUM70731242
104,Samba de Janeiro,Bellini,1997,https://www.youtube.com/watch?v=qm3vCvNGQZI,91d477f2cfe3def08108f0ff8c6ddd9fa220c6bd5d1f348fc94d46b7daa31f67,Samba de Janeiro (Radio Edit),DEG129700451
105,Stop! In The Name Of Love,The Supremes,1965,https://www.youtube.com/watch?v=une981B7Q4Y,196ea42ba850705727970536e85c7ca7585cbb38353198d01630c73ada9fa64f,The Supremes - Stop! In The Name Of Love (Lyric Video),USMO16500288
106,Voyage voyage,Desireless,1986,https://www.youtube.com/watch?v=NlgmH5q9uNk,ba39c8b068431f6ce71548b76d90d131036dea9c6713daacc397a00f8e81b41e,Desireless - Voyage Voyage (Official HD Video),DEQ858600201
107,The Ketchup Song (Aserejé),Las Ketchup,2002,https://www.youtube.com/watch?v=V0PisGe66mY,2d2eaddd42a084ac2fc68b52eb9eb8c8e74e38bebcb6a9c166b976b5ac46bc88,Las Ketchup - The Ketchup Song (Asereje) (Spanish Version) (Official Video),ES5110204224
108,Vamos a la Playa,Righeira,1983,https://www.youtube.com/watch?v=x0OMFm8FO90,7f764d225f1487a00ca43b9a6daed0dd0a3ec9758c01ca787405dadd762dc55d,Vamos a la Playa (1983),IT0728300001
109,Macarena,Los Del Rio,1993,https://www.youtube.com/watch?v=zWaymcVmJ-A,cefc852d66116207c871db37af9d3107f75881966d00b58068fa63d9ab85019c,Los Del Rio - Macarena (Bayside Boys Remix),ES5109500538
110,Summer Wine,Nancy Sinatra & Lee Hazlewood,1966,https://www.youtube.com/watch?v=yZYM8YYYfL4,468c34a603f5c2cdfda17e9e86d49b93d3f9916124ed5a42ee10e0cc4adfcadf,Summer Wine,USASE0510168
111,"Rocket Man (I Think It's Going To Be A Long, Long Time)",Elton John,1972,https://www.youtube.com/watch?v=DtVBCG6ThDk,f007231858b97664677acf57bd39c62ef6bdd260a8f801295f9f3a7a3061a272,Elton John - Rocket Man (Official Music Video),GBAMB7200006
112,Dance The Night,Dua Lipa,2023,https://www.youtube.com/watch?v=OiC1rgCPmUQ,e03b5759018a937fafb8d0eb5e326bca13e6a150adb4164dbac38106d4555667,Dua Lipa - Dance The Night (From Barbie The Album) [Official Music Video],USAT22305730
113,One Night Stand,Capital Bra,2018,https://www.youtube.com/watch?v=SSbnQpiDawY,4474f1f8bf3fbe113ca8fec9ca3e3a7cc08eb7524f38398dcf2f65cae653895d,One Night Stand,DEWS21700051
114,Sunny,Bobby Hebb,1966,https://www.youtube.com/watch?v=J-5xGXpNt74,8871298e8b4fb0beadca14bdd13a072f26292efd95a62d5eaf27d549cf619cef,Sunny,USPR39402093
115,Ti Amo,Pietro Lombardi,2021,https://www.youtube.com/watch?v=dp-RIi-jous,b473b7d2eab1b8d699828499a1c3598420a094a52f834872fc26931525f31c32,Pietro Lombardi – Ti Amo (prod. by Stard Ova)| Official Music Video,DEUM72115879
116,Spirit In The Sky,Norman Greenbaum,1969,https://www.youtube.com/watch?v=RUh6u7wJ3Ns,01037e861ebcf889069d52089896e06644549239d6d94d1c433df0671a88bfca,Spirit in the Sky,USRE19600416
117,Stadt,Cassandra Steen ft. Adel Tawil,2009,https://www.youtube.com/watch?v=ltQNeihjqB0,c81ad2ee6be3a4ff87b3764a0a9d37378dcebef345c24ab399b60cb16cb7445d,"Cassandra Steen, Adel Tawil - Stadt",DEUM70900096
118,Lila Wolken,Marteria,2012,https://www.youtube.com/watch?v=CrYYg_atdtk,c4fdd34ab003d751d638afbb7eb68f3aff66faa81f2b1c835dfa6f1351cd3c48,"Marteria, Yasha, Miss Platnum - Lila Wolken (Official Video)",DEQ321200214
119,Sailing,Rod Stewart,1975,https://www.youtube.com/watch?v=RFgn9-8KL4s,b24218853a681f868ad6b8d7b0b4fb2e416f54939690490aded3652a0e82d669,Sailing (2009 Remaster),USWB10807925
120,Am Tag als Conny Kramer starb,Juliane Werding,1972,https://www.youtube.com/watch?v=wn9pxvlTdBk,35499307dae983df85cdf85eb7c068f1017df4171acf06afffd7bc830570b8ea,"Am Tag, als Conny Kramer starb",DEC737100002
121,Mi Gente,J Balvin,2017,https://www.youtube.com/watch?v=wnJ6LuUFpMo,60a513cef6abe988d998a2ea6fb3e4d9fe46df274f29a3304a62c47fc42aee74,"J Balvin, Willy William - Mi Gente (Official Video)",FR22F1701790
122,One Day / Reckoning Song,Asaf Avidan,2012,https://www.youtube.com/watch?v=KRAMNWzfjcg,f981a2e3e9c92cb5d477d08fbc5a1846e669852ddcf25e97118c3bfaae9ea926,"Asaf Avidan, The Mojos - One Day / Reckoning Song (Videoclip Night Version)",DEQ321200132
123,I Feel Love,Donna Summer,1977,https://www.youtube.com/watch?v=nTNcCKq6V2c,957ad9567164ca1ee9f2724125275efa55dd21a97c0eb19404137f3712168476,I Feel Love,USWWW0125612
124,Summer,Calvin Harris,2014,https://www.youtube.com/watch?v=ebXbLfLACGM,467b27bc7ba6d32c86dab28e81cf01d03239543b538ff5bcb6f7cc52b711d252,Calvin Harris - Summer (Official Video),GBARL1400296
125,Du,Peter Maffay,1970,https://www.youtube.com/watch?v=bAaisLTIUu4,69d9d45f1748c61a25925e6215ab975629a999584a6fa1ef39813df8137c8dae,Du,DEA818100076
126,Rhythm Is A Dancer,SNAP!,1992,https://www.youtube.com/watch?v=JYIaWeVL1JM,9225b6e7c085da9a589230379997c20e8f7790bef33abbe53aadca93e3844f05,SNAP! - Rhythm Is A Dancer (Official Music Video),DET189200600
127,Dubi Dam Dam,Banaroo,2005,https://www.youtube.com/watch?v=VHmNYvhizhU,a9c6794ad7023203588acd036bd6bcb8f3ce2e1a32c5b9244f3be17b5d50cd6e,Dubi Dam Dam,DEBA20500001
128,Night Fever,Bee Gees,1978,https://www.youtube.com/watch?v=-ihs-vT9T3Q,4d1be24cb7093efc2c0c9a9ec99691b855c2e2e7653d63a00f56796ec55420ec,Bee Gees - Night Fever (Official Video),NLF057790035
129,Yeah! (feat. Lil Jon & Ludacris),USHER,2004,https://www.youtube.com/watch?v=GxBSyx85Kp8,58d0fb45c9c292e3d80891b7a87f3d62d7ae912c6a278e77ff4bda4b00b81877,"Usher - Yeah! (Official Video) ft. Lil Jon, Ludacris",USAR10301423
130,Without You,Mariah Carey,1994,https://www.youtube.com/watch?v=4iusJui-BxM,8cf82f9ec303395a62372bb06a293b78414c516f341d330c0fd994d32804ac5a,Mariah Carey - Without You (Official Lyric Video),USSM19303176
131,Un'Estate Italiana,Gianna Nannini & Edoardo Bennato,1989,https://www.youtube.com/watch?v=N2ANAqO1TLs,4bba2b45fe72ff43826a03bac3b9d6b73f53865e4b5ca348f378ed892c653ab1,Gianna Nannini & Edoardo Bennato - UN'ESTATE ITALIANA (Videoclip Italia 90),ITZ049900408
132,Evacuate the Dancefloor,Cascada,2009,https://www.youtube.com/watch?v=voVizghdfJM,ff8061ed236ae611ae25b05525f8d18d295266f754b366194e68a358b578a903,Evacuate The Dancefloor (Radio Edit),DEHK90911301
133,Closer,Ne-Yo,2008,https://www.youtube.com/watch?v=z_aC5xPQ2f4,c593d52043280690ec0e01e773b7ad27b17fe65188be17ef0cd6f3ae285536f1,Ne-Yo - Closer (Official Music Video),USUM70809378
134,Boom Boom Boom,The Outhere Brothers,1995,https://www.youtube.com/watch?v=u6qMxuFaq0I,8ccc30afb6402df0fa40e78738ff8cbad34b8c83b2c2ba8e76db214cc4fab8b6,Boom Boom Boom,CAU119402044
135,The Cup of Life (La Copa De La Vida),Ricky Martin,1998,https://www.youtube.com/watch?v=11x7crPnOF4,2a7a8c098aca93dbbaa79921a5f674a3ea64b02ac8c6b68145750b1af7ac7fbf,"The Cup of Life (La Copa De La Vida) (The Official Song of the World Cup, France '98) (English)",NLB639810008
136,Let's Get Back To Bed - Boy!,Sarah Connor,2001,https://www.youtube.com/watch?v=cgFMbBfK-1I,d81daa88a2c191e7bedf79146d5a9b68b08176505bad5656ff30c2b5298e747f,Let's Get Back To Bed - Boy!,DEE860100326
137,Black Velvet,Alannah Myles,1989,https://www.youtube.com/watch?v=ZHHEmd5mECY,1cd56436d2fc284db913955462cde66d0b25ee1c4f277157ad3929211a0e3b65,Black Velvet,USAT20103053
138,Waterfall,Michael Schulte & R3HAB,2023,https://www.youtube.com/watch?v=KCYJa9UdEb4,626a7dd7c29c505f030875da9c2d4e9b9b247ce084b5eef7f8842c44c8e4bc28,Michael Schulte x R3HAB - Waterfall (Official Music Video),DEUM72119688
139,Bailando,Loona,1996,https://www.youtube.com/watch?v=dwIvtGYRtXU,d99b20ee4f01cf363271c956077a15d1702bba8358b50058ed594079e01f93c3,Bailando,NLJ2Y2000008
140,The Power,SNAP!,1990,https://www.youtube.com/watch?v=nm6DO_7px1I,ce2195effba6cee7499fb058c1c833ddf228c9338153f689c1990dc74106f1df,SNAP! - The Power (Official Music Video),DET189000100
141,Drop It Like It's Hot,Snoop Dogg,2004,https://www.youtube.com/watch?v=GtUVQei3nX4,c1e1d790c02f0d3d4eb49d6cbce908e63670fc066347ddf998aea81876c49828,Snoop Dogg - Drop It Like It's Hot (Official Music Video) ft. Pharrell Williams,USMC10400640
142,Love Generation,Bob Sinclar,2005,https://www.youtube.com/watch?v=MJfwcmPFNtQ,533cf7db7fd097ab6bbcb4e7e469d09734a908197067550a1ad1a107814ecdbe,Love Generation (Radio Edit),FRQ380500331
143,Get Busy,Sean Paul,2003,https://www.youtube.com/watch?v=HXceurkQcCs,948b7eb3e817b1ab370f2c2229e28d8983ac3efc726b3a8be08effc479477cb1,Get Busy,USAT20202575
144,Barbara Ann,The Beach Boys,1961,https://www.youtube.com/watch?v=-bSnI-a0BSc,a4ecd4eec642c4db20ec670ce00108ae231fca7efe229b0278447735316f1d18,Barbara Ann (Stereo Mix/Remastered 2012),USCA28600057
145,Femme Like U,K.Maro,2004,https://www.youtube.com/watch?v=8qfM7offtiA,8b1a8f2c0857b101c8ac6d09d4a7fc461027f0bca1a8671d0fd9971c57d449b2,K.Maro - Femme Like U (Clip officiel),FRZ160400064
146,Akropolis Adieu,Mireille Mathieu,1971,https://www.youtube.com/watch?v=Kuo_x9hD2y0,08f805e759a9e9239db759be2ebe6dd744d0eb5eecaa752f2e47ab269cfe6eaf,Mireille Mathieu - Acropolis adieu (Audio),DEC717100002
147,San Francisco (Be Sure to Wear Flowers in Your Hair),Scott McKenzie,1967,https://www.youtube.com/watch?v=LAX5GgvS-8s,8ed264e670b8c7b021fb541c4bba98f85bd0f9136cd4100be1f97cda34b8f77e,San Francisco (Be Sure to Wear Flowers In Your Hair),USSM16701024
148,I Believe,KAMRAD,2022,https://www.youtube.com/watch?v=-kCxFFACZxY,b028f7dedfc8e7c5bd102d58edb8bca2237644600eedad681d5a98763897e2f0,KAMRAD - I Believe (Official Video),QMDA62184030
149,Substitution,Purple Disco Machine & Kung,2023,https://www.youtube.com/watch?v=7x5lqqji9ww,7df8d2a6c9c8565a083298ba614378f56f3ffca7e1500e72666b449bdc3bfc15,"Purple Disco Machine, Kungs - Substitution (Official Music Video) ft. Julian Perretta",DEE862300093
150,Lush Life,Zara Larsson,2015,https://www.youtube.com/watch?v=tD4HCZe-tew,74dccf4e9438b0d8f127b6293f94538863987ff7f8a6470f98d595194dd9b38b,Zara Larsson - Lush Life,SEWEE1500509
151,So Am I,Ava Max,2019,https://www.youtube.com/watch?v=SxGLPVvNjvY,e90c49d0a85b5a28a3023c4c03b4188cf14d33ac1c6757bfa11b14bd43fdc70a,Ava Max - So Am I [Official Music Video],USAT21900569
152,La Tortura (feat. Alejandro Sanz),Shakira,2005,https://www.youtube.com/watch?v=Dsp_8Lm1eSk,57bd1e6e9a1a55bf5b759d4702dbf80d4db145a971083f75328c5e01db356745,Shakira - La Tortura (Official HD Video) ft. Alejandro Sanz,USSM10501700
153,SexyBack (feat. Timbaland),Justin Timberlake,2006,https://www.youtube.com/watch?v=gfWQ1r6IQrY,ca6bf1ec85be2cf2d392a2e7ddf5058b66e40e930c4859c24f9995a823f8466a,SexyBack,USJI10600269
154,Axel F,Harold Faltermeyer,1984,https://www.youtube.com/watch?v=L2cstHtZ4gQ,89e347b1d51c5c786d9717b9ef2bfe7b211dca1982f7cab8b9f3c45bba6b4fe7,Axel F,USMC18416586
155,Summer Of '69,Bryan Adams,1984,https://www.youtube.com/watch?v=1i0i5lG6Ojc,b4933bb43edb81d6376463fa52bff075944f138a57b6d1b778061b3712d58945,Bryan Adams - Summer Of '69 (Official Music Video),USAM18490006
156,Cover Me In Sunshine,P!nk,2021,https://www.youtube.com/watch?v=vGZhMIXH62M,d79b66300e0a9fb9108463ae05cf312369e9c987e2685e5475ddb38062e3da23,"P!NK, Willow Sage Hart - Cover Me In Sunshine (Official Video)",USRC12100138
157,Hot In Herre,Nelly,2002,https://www.youtube.com/watch?v=y8vLMHeO_5s,71f8d1eeab56945e70346e6924f2418470f2b516e0d17ba7b17b4b3cecf85646,Hot In Herre,USUR10200252
158,Be My Lover,La Bouche,1995,https://www.youtube.com/watch?v=ViP87WipSm0,2563eb9958e1f43a5a9453cd0a10e4afa39346ba7bbde0c8b9bc666ee7bfe732,La Bouche - Be My Lover (Official Video),DED160200012
159,No Doubt About It,Hot Chocolate,1980,https://www.youtube.com/watch?v=qkUIlc8CBP8,fd7e9b7f77888228322a7c77a261d5b91a9f1aa9fe338821e75e95f53c66f7ec,No Doubt About It,GBAYE8000032
160,Guten Morgen Sonnenschein,Nana Mouskouri,1977,https://www.youtube.com/watch?v=HiVOIxzOx88,f1479209ae45718194066badb4db7d94e56ff66d0395f02de4357c4fbeaf178d,Guten Morgen Sonnenschein,CH0527780010
161,Dance Little Birdie,De Electronica's,1981,https://www.youtube.com/watch?v=ArBNqichSig,32fb93d342068de1849e593947a85770ac5c9ef68bdc6275b659916b54f58e3d,Dance Little Birdie,NLA342200075
162,Like Ice in the Sunshine,Beagle Music,1985,https://www.youtube.com/watch?v=5EwnGpLJr4Q,4fd72018e88a762301a4499766411653839f845954d5038786779681bf897743,Like Ice in the Sunshine,DEP551600193
163,It's My Life,Dr. Alban,1992,https://www.youtube.com/watch?v=aBJZsHDJvf0,2b2000329d19eba9a9196f5a219da1fb6456522ef11155f112284b6e6185398f,It's My Life (Radio Edit),DEA819200287
164,Blondes Wunder,Bernhard Brink,1990,https://www.youtube.com/watch?v=eHum6T-8sY4,27f90be95e6b1125b467bd06faa7e38d9fd94976fea49735c06460d6fa28b13d,Blondes Wunder (Remastered 2003),DEA600100316
165,The Rhythm of the Night,Corona,1993,https://www.youtube.com/watch?v=OnT58cIJSpw,ffc5ec1642032c35c857aece7be8f5d1e2c4679afe0f9affeaf75943986b988d,Corona - The Rhythm of the Night (Official Music Video),ITA199800041
166,Seasons in the Sun,Terry Jacks,1973,https://www.youtube.com/watch?v=-tPcc1ftj8E,d1f8d140b909af414d44f84ac8288cc7243cc4c60532f7d973ce05e5e7d41ea9,Terry Jacks - Seasons In The Sun (Official Audio),USAR17400171
167,Nur Noch Schuhe An!,Mickie Krause,2012,https://www.youtube.com/watch?v=D6z9Ay3kMmQ,12018e39072ffb8001f2fecc396c6540e26ce07db662b98a421c73fe73c1ab2f,Mickie Krause - Sie hatte nur noch Schuhe an,DEC611200301
168,Sexy Eis,Bürger Lars Dietrich,1996,https://www.youtube.com/watch?v=H7c7hiRnvFY,fe7ad70a86a17fbb485a53d53c7f03c9681233d45275b6a9fcf6de96bcffcc15,Sexy Eis,DEA619650050
169,It Feels So Good,Sonique,2000,https://www.youtube.com/watch?v=0bcYxH65kSg,3ed4990cbb0f7eb78e95c6b628d7d563635e6cac4170138ffc18d5ae71c741b8,It Feels So Good (Radio Edit),USUR10300602
170,Ain't Nobody (Loves Me Better) (feat. Jasmine Thompson),Felix Jaehn,2015,https://www.youtube.com/watch?v=5j1RCys4R0g,d693d20109e47aca537a79e37df3d44ce8e465677f56b0b9ffdaf53efc18f34e,Felix Jaehn - Ain't Nobody (Loves Me Better) (Official Video) ft. Jasmine Thompson,DEUM71500425
171,Tacata,Tacabro,2012,https://www.youtube.com/watch?v=tET9jckFgdo,fdb97fda43f5a4077ebb037963f5e0fbc52a8629f7f0693d4d58ce138bd8af1f,Tacata Radio Edit,ITV951100211
172,Scatman's World,Scatman John,1995,https://www.youtube.com/watch?v=aIQln4JfGdU,31afeb01ef3e39944488da76a577c2bf378bb9e2cfc5fd55eb724cde3d00bee2,Scatman's World (Single Mix),DKELA9610002
173,Moonlight Shadow,Mike Oldfield,1983,https://www.youtube.com/watch?v=9uYF95jR_ME,f0760e0c9f3afc8f5ba22fb65dbeba35a59c693205ecd62bcf5003d2a9d7c4f3,Moonlight Shadow (Remastered 2013),GBAAA8300001
174,Waves,Mr. Probz,2013,https://www.youtube.com/watch?v=0a5WyAjL1MM,e4c6b00a525897d8eb2354bb5d38a3f208cbc9ee2b8959811e373d607fde128d,Mr Probz - Waves [Official Music Video],TCABN1366256
175,Rosemarie,Hubert Kah,1982,https://youtu.be/nNmLXUkSKnw?t=4,21c2677e19126a36dc836b78178c645e5b6aa8660b5948379dc9ce05f6d39307,Rosemarie,DEF068200820
176,Fade To Grey,Visage,1980,https://www.youtube.com/watch?v=6sSKbcwKHXw,aaa090e31147618c01cd123f5570f8610cb00159eed4ad08a1fb80f65e50e832,Fade To Grey (Main Version),USPR38080067
177,Solo Para Ti,Alvaro Soler,2022,https://www.youtube.com/watch?v=lPX_POCmlT0,539c44e196061967a1c71dee32a12d0991506c051c322aff6dec7ec1c4e13b0d,Solo Para Ti,DEUM72201943
178,Everytime,Britney Spears,2003,https://youtu.be/8YzabSdk7ZA?t=6,ee74ca0c47bac2e295e5175595c381de18637b413ec964f86188700d9c16e2fe,Britney Spears - Everytime (Official HD Video),USJI10301010
179,Jungle Drum,Emiliana Torrini,2008,https://www.youtube.com/watch?v=4tRpuASOqVc,2b34a53854180c57bd90721b86d5e54d00a6889796a3145b1ff2e71e5209317d,Jungle Drum,GBCVZ0802439
180,Nevermind,Dennis Lloyd,2016,https://www.youtube.com/watch?v=naW6-WxmMiU,923c8b3c588b6d2d68978e746d74e46afcff74087e169a3c8da983a06aad4ce5,Dennis Lloyd - Nevermind (Official Video),USHM91642610
181,Prayer in C,"Robin Schulz,Lilly Wood and The Prick",2014,https://www.youtube.com/watch?v=fiore9Z5iUg,90dfe1e7d9976f6580d94c90755e61beba92e032cc76fded828eb895f5a924f3,Lilly Wood & The Prick and Robin Schulz - Prayer In C (Robin Schulz Remix) (Official),DEA621400286
182,Obsesion,Aventura,2002,https://www.youtube.com/watch?v=8_QY5gFQUTg,0e602ec275aaed846e2f4019970f703870c4dc4b037d41f26782ab7ba6f41898,Aventura - Obsesión (ft. Judy Santos),US83W0500074
183,The Edge Of Glory,Lady Gaga,2011,https://www.youtube.com/watch?v=QeWBS0JBNzQ,ec5b6a1b064acf689f8e4c4a98cba4fcccce2c26fcf046598d14f9d486e5ce7f,Lady Gaga - The Edge Of Glory,USUM71106458
184,Cake By The Ocean,DNCE,2015,https://www.youtube.com/watch?v=PAzH-YAlFYc,a8b4777d1a2693d583498e041f618df2637c512005cd029e2510f624f4c6aecd,DNCE - Cake By The Ocean,USUM71514637
185,Heaven,U96,1996,https://www.youtube.com/watch?v=iWSAGEQs20A,60ec4ac85c33597fe963eb52f20be61b6ae6f86ed7783c2e8267ff3da8f61730,U 96 - Heaven,DED579602560
186,Wannabe,Spice Girls,1996,https://youtu.be/gJLIiF15wjQ?t=49,38150c7c1c041f2e01a34e914c03ef0f1cce7e93824179cb973944b17ca71078,Spice Girls - Wannabe (Official Music Video),GBAAA9600008
187,I Know You Want Me (Calle Ocho),Pitbull,2009,https://www.youtube.com/watch?v=i-6idBTkRb4,752b97d61d8fd360935f6fbf0b495d480cabc88186618f304390dfacffd95981,I Know You Want Me (Calle Ocho),USJAY0900144
188,"'54, '74, '90, 2010",Sportfreunde Stiller,2006,https://www.youtube.com/watch?v=rj9KyVpCfYg,8072c6d7013c90c492ce780c7b9e4bba2b42247ec62dfc03f839638f6ff65089,"Sportfreunde Stiller - '54, ''74, '90, 2006",DEUM70602470
189,Daddy Cool,Boney M.,1976,https://www.youtube.com/watch?v=ghGiv7YLC7Q,0beb0016b3d910c09d5f9e94546ed15fc7b3893af7da9c339627a53ed0d12326,Boney M. - Sunny (Official Audio),DEC737600002
190,Beautiful Sunday,Daniel Boone,1972,https://www.youtube.com/watch?v=hz3T4ChuW5o,0aaefb1e6fd36d4c39c613df0878ae4730f372c6f2bd2a189d4d31624f52fb0a,Beautiful Sunday,USV351317686
191,Ab in den Süden,Buddy,2003,https://www.youtube.com/watch?v=q5WdWSpz1vQ,ac3d5373823de666f0b2bc146e9408c561c6578c11a32f95dfc063e1476befd7,Ab in den Süden,DEZ921300172
192,"I'll Be Missing You (feat. Faith Evans, 112)",Diddy,1997,https://www.youtube.com/watch?v=pNPf-aP-bsA,8d78fa9c92760616df87ea8d48a5080e35c0e9a949432abc5be2fdd90a962395,"I'll Be Missing You (feat. Faith Evans, 112)",USBB40581044
193,Stole the Show,Kygo,2015,https://www.youtube.com/watch?v=Vs3LXhqm5h4,65dfea301173dff79066c70ea4b30f04047f28268afe123e1b4f10aa8e47d216,Kygo - Stole The Show (Lyrics) feat. Parson James,SEBGA1500071
194,Despacito,Luis Fonsi,2017,https://www.youtube.com/watch?v=kJQP7kiw5Fk,5a2272a37035af8d0556edfd004c5030524cdb607589b45ff92f77df95ab4f17,Luis Fonsi - Despacito ft. Daddy Yankee,USUM71607007
195,Sweet About Me,Gabriella Cilmi,2008,https://www.youtube.com/watch?v=qvuyYj5ROmk,f34eac7c1c2d0bd36af1220b187c0e0fe4d27f11a95315ac767a1c4b6a9046de,Gabriella Cilmi - Sweet About Me (Official Video),GBUM70709626
196,Au Revoir (feat. Sido),Mark Forster,2014,https://www.youtube.com/watch?v=VTogdK-LHZg,1b6c00b4ef5ff6ea12c69af186fb3e6c2d5eb0922254b6457c4bf1ac570457ca,Au Revoir,DEQ321400093
197,Hamma!,Culcha Candela,2007,https://www.youtube.com/watch?v=lhZfb8b3DR8,4f34a7e2283449381741703d7503018313347d806ddd1e7eb2a55c42120aed7c,Hamma! (Single Edit),DEUM70706793
198,Shape of You,Ed Sheeran,2017,https://youtu.be/JGwWNGJdvx8?t=5,63da764821136fc2248e8513b198802fb62625388c87fbf8358245bca3e0ea93,Ed Sheeran - Shape of You (Official Music Video),GBAHS1600463
199,Swing The Mood,Jive Bunny and the Mastermixers,1989,https://www.youtube.com/watch?v=1w88-T0p-I8,e577bb39dc84e86196a112e2bbbfa71eaaeaa733ff466332f959a4f34a2057ae,Swing the Mood,GBCMJ9905669
200,Jumpin' Jack Flash,The Rolling Stones,1968,https://www.youtube.com/watch?v=KXUJMaYzh6U,d0f54fcac85c47bce6b4b7832fd27bb97e97c5fb26c6120a6a90190686c9999e,Jumpin' Jack Flash,USA171810060
201,Played-A-Live (The Bongo Song),Safri Duo,2000,https://youtu.be/o_ZBzGlYS6g?t=5,c76435447b30b5f8b3b4821ad8dbb7a4c40d32b1254477127998f44e00c0bed2,Played-A-Live (The Bongo Song) (Radio Edit),DKBKA0001601
202,Kingston Town,UB40,1989,https://www.youtube.com/watch?v=2UOY1JeFvAw,e7c667d8ebdc1e73211b1b7c378562005529af8bcff17a45f1a072475aef8c4f,Kingston Town (Remastered),GBAAA8900032
203,I Don't Care (with Justin Bieber),Ed Sheeran & Justin Bieber,2019,https://www.youtube.com/watch?v=y83x7MgzWOA,89db0274b70bccc627d6aaf9502daa9991152f823bb206b8d3c94e0cc2f03032,Ed Sheeran & Justin Bieber - I Don't Care [Official Music Video],GBAHS1900672
204,"I'll Be There for You (Theme from ""Friends')",The Rembrandts,1994,https://www.youtube.com/watch?v=RIjTq_OdFvo,e181d4a592abe737caf3432e008543526e2c84a4b9a6ca7e4fc94e90443db6c2,"I'll Be There for You (Theme From ""Friends"")",USEE10900777
205,Please Don't Go,Double You,1992,https://www.youtube.com/watch?v=9oWr1muik7M,9cec657a02d8ae4d46d7689dfc4df4da2ef5fe67b691e9a932ded1a9be522e43,Please Don't Go,IT00C9200201
206,In My Mind,Dynoro,2018,https://www.youtube.com/watch?v=5gga8E43clk,9f17d1a587c4cbc76e281238f1030fc78a4d4777b9d0d6be7a8e112f1c81fee6,Dynoro - In My Mind (Official Video),QZ22B1859046
207,Rose Garden,Lynn Anderson,1970,https://www.youtube.com/watch?v=roxohOzFz3E,23715bfe57238e670ecb778b57d0db2fe9c6f7cffd62c2e0e03da9c6840f618e,Rose Garden,USSM17000700
208,Perdona,Tiziano Ferro,2001,https://www.youtube.com/watch?v=eVvynsdd8h0,55aab3abec0a610602afa05faf9b677ac9eb220365e48867339f4ec2a5e68322,Perdona,ITB920200002
209,This Love,Maroon 5,2002,https://www.youtube.com/watch?v=XPpTgCho5ZA,21cf0bd8394907b433b742beec8d88debc5679fa763a7d0add71e2608de3b00e,Maroon 5 - This Love,USJAY0300080
210,It's Not Unusual,Tom Jones,1965,https://www.youtube.com/watch?v=k-HdGnzYdFQ,690f99ff72e5878ab9444e4be58fa68bc16f39818eaa8da85966ce08d8cfe9f8,It's Not Unusual,GBF076520010
211,"Türlich, Türlich (Sicher, Dicker)",Das Bo,2000,https://www.youtube.com/watch?v=iEjiMf7QIyM,d9ab0524b50a39556d225a28fd57d6a1b02f955cd6913b17325c09aa2dea01ba,"Türlich, Türlich (Sicher, Dicker)",DEZN32100024
212,Ghetto Supastar (That is What You Are) (feat. Ol' Dirty Bastard & Mýa),Pras,1998,https://www.youtube.com/watch?v=MnWogQTfSIY,53e3748996e2849ada1a07f213912a3b99b8f2927e4493eda4588e495eea6e70,Ghetto Supastar (That is What You Are),USSM19803488
213,La Camisa Negra,Juanes,2004,https://www.youtube.com/watch?v=kRt2sRyup6A,a8e388223cde80664cde33d948a074303fae9ec5a786f82bdd583da788c0d2b3,Juanes - La Camisa Negra,USUL10400965
214,Call Me Maybe,Carly Rae Jepsen,2011,https://www.youtube.com/watch?v=fWNaR-rxAic,3d491d026bf13ae5f7b3e69ec79588012712f04ef9512057e6dbb49dbdb192c8,Carly Rae Jepsen - Call Me Maybe,CAB391100615
215,No No Never,Texas Lightning,2006,https://www.youtube.com/watch?v=FojUoWKmSsU,a41c3b0d553fd7222c19374d249c93a1ff12e1d109ea5ac286fb97913a93c61e,No No Never,DEX570600001
216,Everybody,DJ BoBo,1993,https://www.youtube.com/watch?v=MM19WL9r4_0,0181dfa3e0ba2db652c9ca5fa6744365f1e4187bbf180e8193fd855fc779eccf,Everybody,DEMI60600006
217,Cose Della Vita (with Tina Turner),Eros Ramazzotti,1993,https://www.youtube.com/watch?v=7s_b7Q_5UZU,ec115e904fafc31c3027c6f98ce821b23b69de41708ac92ba4361f3781e6b90d,Cose della vita (Can't Stop Thinking of You),ITB009700361
218,Miss California,Dante Thomas,2001,https://www.youtube.com/watch?v=hJAh2noiK6w,51ac7d685b93d9efc6de7d4f989d98388f4b34a9f193fd4811b51aadaae6102e,Miss California,USEW20000324
219,Country Roads (Dance Radio Version),Hermes House Band,2001,https://www.youtube.com/watch?v=krLcc21v9cU,af857c3613e9d3d2a922f3ff033a42b0329407bda5a3adc98f68fd9235939c2f,Country Roads (Dance Radio Version),NLA910100123
220,The Safety Dance,Men Without Hats,1982,https://www.youtube.com/watch?v=1p_BvaHsgGg,9ecdf1ec7dcbea5c2cd0b17e302c6c8d175f056c17d888b8b62a032d1611a8ad,Men Without Hats - The Safety Dance (Official HD Video),GBBLG0200043
221,Gypsy Woman (She's Homeless) (La Da Dee La Da Da),Crystal Waters,1991,https://www.youtube.com/watch?v=KHIgpxwdZfg,3b66cdf961fd4d2ad94602231a5773bd39d86ede44f1562a845c926f839cf553,Gypsy Woman (She's Homeless) (La Da Dee La Da Da) (Radio Edit),USPR39102713
222,Summertime Sadness,Lana Del Rey,2012,https://www.youtube.com/watch?v=TdrL3QxjyVw,312eaa2254533403fa81926ab75ee3be051087066d99fae6686065f9a9528696,Lana Del Rey - Summertime Sadness (Official Music Video),GBUM71111565
223,Get It On,T. Rex,1971,https://www.youtube.com/watch?v=B0hCPOaXvsE,b69505658574d459061e03d1136056bc0853a3dfc20ff69a9cb9dd6aef256d63,Bang a Gong (Get It On),GBCHM7100038
224,Blue (Da Ba Dee),Eiffel 65,1999,https://www.youtube.com/watch?v=frb34jzxrf0,035ddf8bc5f1440f62edbef95451cac103a8869ae28664cb9cd65b7d5b5c38d2,Blue (Da Ba Dee) (DJ Ponte Ice Pop Radio),ITT019810102
225,Maria,US5,2005,https://www.youtube.com/watch?v=OI_shpuZ-FY,f91decb0abd74f1927d8eee751364bae3147dc13789b8df6479263b800727db2,Maria,DEPI82102292
226,No Limit,2 Unlimited,1993,https://www.youtube.com/watch?v=HMTCw8CtX0E,f258d6a4d59402f39f189374388221391df3708eec11a27a60da5a3dec2e8149,No Limit,BEAA19507007
227,American Pie,Don McLean,1971,https://www.youtube.com/watch?v=PRpiBpDy7MQ,673d498b2a6173b71479bf68c091870a6dd86d8ec20f33ed6a12283eb9cf1f87,Don McLean - American Pie (Lyric Video),USEM39000209
228,Sugar Baby Love,The Rubettes,1974,https://www.youtube.com/watch?v=x6PRG-E4nYo,afc0536d9460c8a7b4bf3621baf24aae5ecd631709d6d4671a035050a82a6c62,Sugar Baby Love,GBAKW7400099
229,Lieblingsmensch,Namika,2015,https://www.youtube.com/watch?v=3ryohiCVq3M,8c1c917b2c7e3f986e263c7c9afeba7e601ae259f72ecb3f055266d2725b9645,Namika -  Lieblingsmensch (Official Video),DEE861500389
230,Let It Be,The Beatles,1970,https://www.youtube.com/watch?v=QDYfEBY9NM4,5f5855eebb574ab6ec7a8af0d1fd494ba2435a62a040419d091498dbc6f4119f,Let It Be (Remastered 2009),GBAYE0601713
231,Around the World (La La La La La),A Touch Of Class,2000,https://www.youtube.com/watch?v=Se237UXFKlQ,4d824a9d91997bc6c1cc9d060c2dae284650f882285eb3f032bf3804ce2a5e6e,A Touch Of Class - Around the World (La La La La La) (Official Video),DEP810000008
232,Party Rock Anthem,LMFAO,2011,https://www.youtube.com/watch?v=zIh5AHxh-Ok,047740700dba8cfccfb77b24bba97c8d09432760b55a57fdff13aa1e1dc1b23c,"LMFAO - Party Rock Anthem (Audio) ft. Lauren Bennett, GoonRock",USUM71100061
233,Backseat of Your Cadillac,C.C. Catch,1988,https://www.youtube.com/watch?v=giNe1IY8N_E,96c477426ab581221024b65f05d52f76dfce55cdc86f34a1950085d095757b3b,Backseat of Your Cadillac,DEH820500223
234,Crazy,Gnarls Barkley,2006,https://www.youtube.com/watch?v=gFtjckFWRZM,43b6bda20187deca21ffeea81acd8204a1540bed729dbf07a97819d4705865cd,Crazy,GBAHT0600202
235,Tom's Diner,DNA,1987,https://www.youtube.com/watch?v=FusUqeoYPtE,f8137fe4948e77e4713002251cdc540595b5e731a9fbdd7812ea3711004b9fa2,Tom's Diner,USAM19104303
236,Love Runs Out,OneRepublic,2013,https://www.youtube.com/watch?v=0OWj0CiM8WU,2a099eaf29b7b6305a987336e4c6f713a91988e102cc738b1f5ea9721582473c,OneRepublic - Love Runs Out,USUM71404631
237,Never Gonna Give You Up,Rick Astley,1987,https://www.youtube.com/watch?v=dQw4w9WgXcQ,efa0cf5d3eb7dc217cb21290b1ab6b6ba1e5a4d4c673a3da861ee76ec4c35079,Rick Astley - Never Gonna Give You Up (Official Video) (4K Remaster),GBARL9300135
238,It's a Real Good Feeling,Peter Kent,1979,https://www.youtube.com/watch?v=pQVnTxRLho8,5bac9ae920a65fed3b1696b68fdb480a55d74f511630957999b270430cea0f03,It's A Real Good Feeling,AUXN22294751
239,Aicha,Outlandish,2002,https://www.youtube.com/watch?v=f0nFTdKlKLw,9acea03e3655cf235b55761469c7bf492e347a688d5fcffb9587511723275863,Outlandish - Aicha (Video),DKADG0201504
240,Heart Of Gold,Neil Young,1971,https://www.youtube.com/watch?v=c7eB7Wns1-M,c61e600df767e254f0d9879b36e4b40fe6576c60835bae964b19ab63eab62545,Neil Young - Heart of Gold (Official Audio),USRE19900182
241,Semi-Charmed Life,Third Eye Blind,1997,https://www.youtube.com/watch?v=KR5pPlE4rqc,5aa55dc5b87c63a9db9a26aa345204118b8b0caa2684a863b24d477639f2c746,Semi-Charmed Life (2006 Remaster),USEE19701203
242,Glow,Madcon,2010,https://www.youtube.com/watch?v=P9QBK1W9Ag4,88321593adffbf235e799924758ab6bd95efaf0bbbb07440726654604537245c,Madcon - Glow - Official HD Video,NOBLV1005010
243,Looking for Freedom,David Hasselhoff,1989,https://www.youtube.com/watch?v=iFS_lAg_tSo,8d59825d9a92807e9491177ab2dfbd4ee11a3fe1930676e9d1f0ab9989a64e7c,David Hasselhoff - Looking For Freedom (offizielles Video),DEC718900010
244,All Summer Long,Kid Rock,2007,https://www.youtube.com/watch?v=C6uP3uA6yLs,8618811af7106661b51f9fa69f4bc89dcd20d908d6e220ed3f1dfa685697e62e,All Summer Long (2018 Remaster),USAT20704333
245,Zwei Mädchen aus Germany,Paul Anka,1964,https://www.youtube.com/watch?v=n2rnoOMXkm4,1a8b332187df72f494c96beb61bd9797ce00598c1e84e1c6f35820af5cdde17e,Zwei Mädchen aus Germany,DEAR41617538
246,Mr. Saxobeat,Alexandra Stan,2010,https://www.youtube.com/watch?v=nwsewSMWIas,497f6a44fa1a821670d593e2f20f70f76623794558bcb9b02e8b2985e108d565,Alexandra Stan - Mr. Saxobeat (Official Video),ROCRP1002864
247,Ferrari,James Hype,2022,https://www.youtube.com/watch?v=CgeleP7nWN0,6ddb7b365037b4d055959e9bcfeb9973bf1fc39c03ea75be8b2bd3e9215df206,"James Hype, Miggy Dela Rosa - Ferrari (Lyric Video)",GB3CE2200004
248,Wunder gibt es immer wieder,Katja Ebstein,1970,https://www.youtube.com/watch?v=JsPiUDBbluQ,a55634eda9818212a82b531aa804c474c1d642b16f1e6ded875272aba0764806,Katja Ebstein - Wunder gibt es immer wieder 1970,DEA817000006
249,Chocolate (Choco Choco),Soul Control,2004,https://www.youtube.com/watch?v=kTylYpwQ74w,1d3126cb31dcb3023369fabf52c8357c81e340bf0db7c63ade69650d28fc7185,Chocolate (Choco Choco),DEA312007513
250,I Swear,All-4-One,1994,https://www.youtube.com/watch?v=upB-OYQ_Ajo,942b30fa7bf2d2c4c209e99f912e89d5ff62e7ba5f783424d3ba017d37fe09e8,I Swear (Radio Edit),USAT29400058
251,"Zeit, dass sich was dreht",Herbert Grönemeyer,2006,https://www.youtube.com/watch?v=VMbUJoPswsI,dd35587116bd1bb1459c7227a40257e7eeddb2bdce4dfa2a2761f5dfd9d3ff28,"Zeit, Das Sich Was Dreht",DEC610800606
252,Ich bin der Martin 'ne,Diether Krebs,1992,https://www.youtube.com/watch?v=lTSfscNQz50,e464488197ee1474d266eae06a9beb484194ad0b00769fe7051d49d4b0fb1bc8,"Ich bin der Martin, ne ... ?!",DEG419900676
253,Komet,Udo Lindenberg,2023,https://www.youtube.com/watch?v=rqvdfwo9TGc,b2e9f676b6d33f220f106e6cf051200733d9d85bc8311b3563871eb3d3b9b349,Komet,DEA622202192
254,Dicht im Flieger,Julian Sommer,2022,https://www.youtube.com/watch?v=hzqcMvDON1g,e4d5d02ec4e0d0d550102f6b1f976d6e556a31ac642459a115e853df0b81cd3a,Julian Sommer - Dicht im Flieger (Offizielles Musikvideo),DEUM72201033
255,Rock Your Baby,George McCrae,1974,https://www.youtube.com/watch?v=0xVCT0MzBDo,25e7a9a22b6f03ea046c74677a38e68fffedd77a9d3cc9d579008dd6006ba7ac,Rock Your Baby (2012 Remaster),GBAYE7400155
256,We're Going To Ibiza!,Vengaboys,1999,https://www.youtube.com/watch?v=MXXRHpVed3M,07ccbf6d91a92bfb12706f64f4bad4bde17952c3870c8bb7aacd760462d1b5f2,Vengaboys - We're Going to Ibiza!,NLC529811170
257,Frühstück in Paris,Capital Bra,2020,https://www.youtube.com/watch?v=eLA4nLUXfv8,a831fabbbda17929725b94f4ca48fb3efad21e6c7ee2fe68c0c78864c88ddb5a,Frühstück in Paris,DECE72000990
258,Lambada,Kaoma,1989,https://www.youtube.com/watch?v=ooxAZfr-woI,72c6de66f4c50ac392e2e2ddae4577ff35eb86e4163271139f70cb34a5c4af35,Lambada (Original Version 1989),FR6V89602629
259,Satellite,Lena,2010,https://www.youtube.com/watch?v=93ugDwiBVzA,7d6d6e495bc8a023294dcb26f4d9ac62591fb50f27ddfe672893b95c9b7a5b41,Satellite,DEUM71001210
260,Don't Leave Me This Way,Thelma Houston,1976,https://www.youtube.com/watch?v=rUdw7V-FC_Q,f168a443fe058bb2d39cff030657bb0cd5406dfc8da7e22848cde7c03cd81210,Don't Leave Me This Way,USMO17600547
261,You Really Got Me,The Kinks,1964,https://www.youtube.com/watch?v=fTTsY-oz6Go,cf169eabac558977afa6c14812c5028ddda83412e0491b9764e026fd800e2978,The Kinks - You Really Got Me (Official Audio),GBAJE6400005
262,Smooth (feat. Rob Thomas),Santana,1999,https://www.youtube.com/watch?v=c-dQmVi0HlM,9ac0f882accb84a1ae472f0ff11b391bfe336ec023ec202a798f2454cc7f334c,Smooth (Radio Edit),USAR19900033
263,Don't Cha,The Pussycat Dolls,2005,https://www.youtube.com/watch?v=QbzbcglUvhQ,d766e18e76701fd1f7f2b299288922d3f369d58e32a189510755db0a03f01038,Don't Cha (Radio Edit),USUM70503191
264,You Can Get It,Mark Medlock,2007,https://www.youtube.com/watch?v=P6kAoYFejFs,c856bb30d898454db77b2e797423ecb0dc7c5828ab7de30259ba90b9be875135,You Can Get It,DEE860700443
265,Let's Talk About Sex,Salt-N-Pepa,1990,https://www.youtube.com/watch?v=8zWhI5ZjkDY,b4894972f7d827ca44a5714806063562ea3ad35306b51490f676dc0b6cb12081,Let's Talk About Sex,USIR20180412
266,Waka Waka (This Time for Africa),Shakira,2010,https://youtu.be/pRpeEdMmmQ0?t=12,7d869d04671b2337a1fe45f42046e5cebaad9e27ded35a9a30850337456eada9,Shakira - Waka Waka (This Time for Africa) (The Official 2010 FIFA World Cup™ Song),USSD11000358
267,Hot Summer,Monrose,2007,https://www.youtube.com/watch?v=ikgpaT5_XXY,6c4b5472e14263218ee0eea93936915acbe4830af5eff7b304e669a6314153d3,Monrose - Hot Summer (Official Video),DEA620700243
268,Friday (feat. Mufasa & Hypeman),Riton,2021,https://www.youtube.com/watch?v=U6n2NcJ7rLc,bcec4f46aba6d8f37dd182b809db50c3e24a1290367acc19735853de7154b6a6,Riton x Nightcrawlers - Friday ft. Mufasa & Hypeman (Dopamine Re-edit) [Official Video],GBCEN2000163
269,The Free Electric Band,Albert Hammond,1973,https://www.youtube.com/watch?v=Na148b5lM_g,a4d9a3f93e5e9cfa84cbd91ce77d4f828c6670fb3ad924beca36fda3a907af04,The Free Electric Band,USSM17300806
270,Kung Fu Fighting,Carl Douglas,1974,https://www.youtube.com/watch?v=hq5REevpSP8,4b9381b2a88c91013ae15b687ce78e1c36ab450824ee93b847b4b4b3db2180c7,Carl Douglas - Kung Fu Fighting (Original Version Official Audio),GBAJE7400014
271,Welcome to St. Tropez - DJ Antoine vs. Mad Mark Radio Edit,DJ Antoine,2011,https://www.youtube.com/watch?v=LuOcaIilW9k,46865611e6f0519c8e8767035bde522dafc662e0b2ae7d3b6008b3e07abbf40e,Welcome to St. Tropez (DJ Antoine vs. Mad Mark Radio Edit),DEN061101459
272,Im Nin'alu,Ofra Haza,1988,https://www.youtube.com/watch?v=l2JR7c0afjU,55dbef14832e239e2e4674edf06fb6bb815e24449e96cddd239baf5814468c9e,Im Nin Alu-2000,IL1001900030
273,D.I.S.C.O.,Ottawan,1979,https://www.youtube.com/watch?v=EO51YkA3qys,9119f845da3956aa1a75dde569d5b9380cbe88373e9a66e7768c95a9f09face4,D.I.S.C.O.,FR58F7900100
274,Una Paloma Blanca,George Baker,1975,https://www.youtube.com/watch?v=BuRYDZJxr3g,d7571848892255b7d78c9ed5e82d3138ea81e6cab8493a08a1e9cc6853ec4170,Una Paloma Blanca,NLA279500913
275,Tarzan Boy,Baltimora,1985,https://www.youtube.com/watch?v=U7ZUdutweeo,3e090a4478942edc8a26445fa879539a82ec74b6d595794e5dc2eb8151f2a737,Tarzan Boy,ITD008500001
276,Stars On 45,Stars On 45,1981,https://www.youtube.com/watch?v=VXcWSppu3A8,bdc2e37656efc6b98542e38801dcc8acb8e885ddd08c4ae5b603b1ca7bde2cdb,Stars On 45 (Original Single Edit),NLC288100003
277,When Love Takes Over (feat. Kelly Rowland),David Guetta,2009,https://www.youtube.com/watch?v=zudbz4hOcbc,e09288fb736904cd32508d68f4fd41809990d89d4ecc4928bb31bbf46f8948f6,David Guetta Feat. Kelly Rowland - When Love Takes Over (Official Video),FRZID0900200
278,Aloha-Ahe,Freddy Quinn,1962,https://www.youtube.com/watch?v=XsTk0PMIVMY,ce83f157cbe2d1031b1ec5a94795e56df25bd822554ac5edbdc6617e69930e70,Aloha 'Oe,QMDA71378219
279,Chequered Love,Kim Wilde,1981,https://www.youtube.com/watch?v=Re58O6EpNzg,8bb65f91ad3f664c1263233d7f5151004ecf2d41fcc36712f6bc61212f8574ba,Kim Wilde - Chequered Love (Official Music Video),GBAYE8100010
280,Arrivederci Claire,Andy Borg,1982,https://www.youtube.com/watch?v=3w5VywcytnM,353d5c6070c844e15d3bdada45f4b139f16de898e87deb8f2f859412621c50c5,Arrivederci Claire,DEA600200669
281,Funkytown,Lipps Inc.,1979,https://www.youtube.com/watch?v=hbp53NNBzTw,eb2b1c158ffa48f167b094dd5ebfdb8a3ff57de0fa8d9e5127add354b34218ca,Funkytown,USPR37902457
282,Flowers,Miley Cyrus,2023,https://www.youtube.com/watch?v=G7KNmW9a75Y,c5001cd4609e73c3e99ea2b1b998f2aab460485b698bbbe8fe5e728ce47f11d4,Miley Cyrus - Flowers (Official Video),USSM12209777
283,Iko Iko (My Bestie) (feat. Small Jam),Justin Wellington,2019,https://www.youtube.com/watch?v=TzwqnlYMqIg,b23e77723ca9d3c50c8015c109e017b6821448d2be82c4057386e05f4b2dc0b9,Justin Wellington - Iko Iko (My Bestie) [Official Music Video] ft. Small Jam,GBARL2100825
284,You're The One That I Want - From Grease,John Travolta,1978,https://www.youtube.com/watch?v=e__Pp4FxsjU,4f088731a95311fbca498180f233809bdc08870219abec332761954476bdec6d,You're The One That I Want (From “Grease”),NLF057890004
285,Want to Want Me,Jason Derulo,2015,https://www.youtube.com/watch?v=X_mxDuaOOjI,ff4602108d4b1dc52d09e4d6e90f6ef06165a65504fb18fdd88f2839e6a5d272,"Jason Derulo ""Want To Want Me"" (Official Audio)",USWB11503046
286,Self Control,Laura Branigan,1984,https://www.youtube.com/watch?v=FQD0yGuZ2N8,e7ceb80e0ab393484541cf889a972702d6e3ca38d399d5b56e8b8f7359475eff,Self Control,USAT20903047
287,Nossa Nossa (Ai Se Eu Te Pego),Michel Teló,2011,https://www.youtube.com/watch?v=hcm55lU9knw,33128aed5944d2d3260ea5961dac2a53e21b8f990001a2822b603599de816739,Michel Teló - Ai Se Eu Te Pego -  Video Oficial (Assim você me mata),DEY691200102
288,Carnaval de Paris,Dario G,1998,https://www.youtube.com/watch?v=qWcOxPfzRPs,0abb532b3df08b276666e59dcce5d68eff9e87175a3ff16b0eb70ae31606ac5c,Carnaval de Paris (Radio Mix),GBAHT9802811
289,Live Is Life ,Opus,1984,https://www.youtube.com/watch?v=BODBiJz7RoY,43877ac9973991e3f828e11032852d6488864dcd2339e54953b9ca07de4638c0,Live Is Life (Digitally Remastered) (Live),ATX141100001
290,Unsere Lieder,Ben Zucker,2022,https://www.youtube.com/watch?v=WRZyd_WkXhs,2564eaef4314d711211ee8c9fa7d5e65f13d5d9c18b01f1a226b87a78f508b21,Ben Zucker - Unsere Lieder (Offizielles Musikvideo),DEUM72202455
291,In Your Eyes (feat. Alida),Robin Schulz,2020,https://www.youtube.com/watch?v=mDLiAs5k1oI,9e5d3bca6122a81d870a0a130c76043822885e7d006702a034a19df61f891330,Robin Schulz feat. Alida – In Your Eyes (Official Music Video),DEA621901341
292,Never Let Me Down,VIZE,2020,https://www.youtube.com/watch?v=FE59sa7axHQ,38af59bde82c0221a95f258cc9e8d8272fdb5c2935cffc07c80213d7ace39677,VIZE & Tom Gregory - Never Let Me Down (Visualizer) [Ultra Music],DEN062003458
293,Millionen Lichter,Christina Stürmer,2013,https://youtu.be/AgSKO0memAs?t=14,0c97c1dde50751f1761f1169c791080e7580f293cd8b1e97aebf32cbd9e6736a,Christina Stürmer - Millionen Lichter,DEUM71300342
294,When The Beat Drops Out,Marlon Roudette,2014,https://youtu.be/BLRgaU9uUnA?t=14,133c85172702472c6ec2c619975cf7e810115c512103153bd92fc3f18719e538,Marlon Roudette - When The Beat Drops Out,GB27E1400001
295,Butterfly,Danyel Gerard,1971,https://www.youtube.com/watch?v=3hwt6ZMHniE,e07512d808437a33ba55e0978865815ed89cdebc461b6ade904a98dcd609db6f,Butterfly,FRZ087500010
296,Danza Kuduro,Don Omar,2010,https://www.youtube.com/watch?v=qdGvQweTghA,b32965cbe5fb7a30c0e31dd2c3781f432c9a365409ddb4d4c61a5a47d77ae464,Danzar Kuduro (feat. Lucenzo),USUM71020778
297,La vie en rose,Grace Jones,1977,https://www.youtube.com/watch?v=intcKvTQzlI,245f47ef41a0270c409a76a295a781c2e2aa7990cb443c29170af8b76e28ab19,La Vie en rose,USIR27700004
298,Club Tropicana,Wham!,1983,https://www.youtube.com/watch?v=v2_UulzmUtY,718c2413548e1873366cce018f569e541b929cf8746b593612f9b2f73dd9a051,Club Tropicana,GBBBM8300007
299,Maneater,Nelly Furtado,2006,https://www.youtube.com/watch?v=7RdcBwSAZtk,5bda110fb88f00a6e564d19fd3e2a73e53565b4c8037bac69634357002119c52,Maneater (Radio Version),USUM70601449
300,La Isla Bonita,Madonna,1986,https://www.youtube.com/watch?v=ZmzjH6OjjIA,10ebcd3a2a108242a050f0abcd813fade6e09a293184d9a2b4ad9d72f46a01db,La Isla Bonita,USWB19903355
301,Übermorgen,Mark Forster,2020,https://www.youtube.com/watch?v=1tD41isys1o,356b25d29131a5e4a21e6bc96bcd0bee67481595af6e86c1623cea93ea262659,Mark Forster - Übermorgen (Official Video),DEQ322000065
302,Get Down,Gilbert O'Sullivan,1973,https://www.youtube.com/watch?v=LtAElNf_klQ,3380bfe45c149d2bb024e310b3a128abbe6373b1348a7f034e8e9bb7b60a5bde,Get Down,GBEQJ0400004
303,Israelites,Desmond Dekker,1968,https://www.youtube.com/watch?v=0wSXTN2EfRo,4c74f6589e812d8e435a34fff42c8f7df62763d5e3bc51b80fb77d1d8f4f406f,Desmond Dekker & The Aces – Israelites (Official Lyrics Video),GBAJE6800413
304,What A Feeling,Irene Cara,1983,https://www.youtube.com/watch?v=xuHwv07G3qE,34a9f886d111be4eae5c088726d4d6c1de0cd1ee289308a544cd05255a1ae7f5,Flashdance... What a Feeling (Radio Mix),USA560619873
305,Music,John Miles,1976,https://www.youtube.com/watch?v=lAsvjVx-Mg4,e52f2fbd77b4b7177b453563dba99498732f3d52f6cb10c667f75b176a83d75c,John Miles - Music - 1976,GBF077620010
306,Santamaria,Oliver Onions,1980,https://www.youtube.com/watch?v=UalYNiT5Tvo,16d924946858ae29db6e703a5e229030b469c13dffc70ed66e8423f4a83787c0,Oliver Onions - Santa Maria,DEA370801193
307,Radar Love,Golden Earring,1974,https://www.youtube.com/watch?v=ckM51xoTC2U,44cf9ff0e1c74f48672f37b8049393fea5474ba6186146c54ba0b374bd77ea28,Radar Love,NLC287300054
308,Lovers on the Sun (feat. Sam Martin),David Guetta,2014,https://www.youtube.com/watch?v=EpbjEttizy8,d76e0c19667f820c2f1ebfa5e41358074763075e9a451edab8bb3a2c2b06156f,David Guetta - Lovers On The Sun (Lyrics Video) ft Sam Martin,GB28K1400017
1,"Nachts, wenn alles schläft...",Howard Carpendale,1979,https://www.youtube.com/watch?v=aLe-skz3pbo,8840a51d835814aa95bb74d423db35ddb09de6b6f9493994f5675820afd10831,"Nachts, wenn alles schläft",DEA340500985
2,Love Shack,The B-52's,1989,https://www.youtube.com/watch?v=LXZFtJceQC4,6d76c7826d73de3a43762d13db25c6ee7fded3118f72020389852fdcda1f8abd,Love Shack,USRE10801410
3,Wake Me Up Before You Go-Go,Wham!,1984,https://www.youtube.com/watch?v=c5DGcQoBC9k,606fdc28606745a22dd7cb1e223737d74d61e76547c888ebdd8728b69f6f9958,Wake Me Up Before You Go-Go,GBBBN0009712
4,Daydream Believer,The Monkees,1967,https://www.youtube.com/watch?v=aG9MBS0fjyE,06339b5f3563883d1c6e81c89205676a4ab4b68997f973f1124963f1e3ba943a,Daydream Believer,USRH10125802
5,Issues,Julia Michaels,2017,https://www.youtube.com/watch?v=7dqMyh4ILIg,185e714b59c55dfaf3cb39616e3cf8f578c6dfb6f47f79a76fb1ea0ff841299e,Julia Michaels - Issues (Audio),USUM71615691
6,Black Saturday,Mando Diao,2014,https://www.youtube.com/watch?v=t5Uq1wV4PUQ,3b5dcf5f0febffa3faae39ce5a627bd329bdf62f6e06c312af247bd867bafa94,Black Saturday,SEYBD1300102
7,The Weekend,Michael Gray,2004,https://www.youtube.com/watch?v=PMXjC6ZpNr4,a505775cc811d7ee548679449d28b4acbac991399ab9a81183638266e4cd8819,The Weekend (Radio Edit),GBBFR0400137
8,I Will Always Love You,Whitney Houston,1992,https://www.youtube.com/watch?v=tP0zj220CbQ,1736cb688ede5398147a5f6817eb6d26d2179f96befbbb1a0c3bb023e4526884,I Will Always Love You,USAR19200110
9,Tears in Heaven,Eric Clapton,1992,https://www.youtube.com/watch?v=VVqXLXMch9g,1d3e8c832318fae137fcb1eef4eee5cd63b02fd20f5b5c501091197f685bd2fd,Tears in Heaven,USRE19100010
10,Woman In Love,Barbra Streisand,1980,https://www.youtube.com/watch?v=hQLGCX8D-1Y,8f0d9d23a104c725691e3172affb8e812b4f93686a6ba8e47d9c95e500e51966,Barbra Streisand - Woman in Love (Official Audio),USSM18000362
11,Please Mr. Postman,Carpenters,1974,https://www.youtube.com/watch?v=R1qY7QaL8pM,1d89cb65542502bff2e770ee7da50b60198be378e08e3f0d61dd7438586d84b6,Please Mr. Postman,USAM17500067
12,Crucified,Army Of Lovers,1991,https://www.youtube.com/watch?v=NtvoxOIQ9g0,9bdab900cc89ab211eb934c655efdf171f5eea92257214ef2a01f61b6dfef85c,Crucified (Radio Edit),USGI10000215
13,Holiday,The Other Ones,1986,https://www.youtube.com/watch?v=PSP-S882RKc,aa9a8e2dee5a04f8781700e639f0fc4d08a89c19facdb9765f4a721007e3bb3c,Holiday,DEG128600401
14,Hijo de la Luna,Mecano,1986,https://www.youtube.com/watch?v=sIIEP6pVACA,2e9744b874ea2111907aac31e86e3fdad91d6874436f715047a2206a8bc14a8b,Hijo de la Luna,ES5028600049
15,I'd Do Anything For Love (But I Won't Do That),Meat Loaf,1993,https://www.youtube.com/watch?v=kOeu1QhrCZg,fb61b53d2f71a73f43ce2a9dcc8b2fed7eaff81d584780342b4397e6fc936aac,I'd Do Anything For Love (But I Won't Do That) (Single Edit),USMC19341323
16,Soulmate,Natasha Bedingfield,2007,https://www.youtube.com/watch?v=PSmEy0CyWFs,0e32b2ae68bdb816e9c296ff429955b185c81523be556a9fa3d87cbd16e6369f,Soulmate,GBARL0700096
17,Faust auf Faust (Schimanski),Klaus Lage,1985,https://www.youtube.com/watch?v=CLF-ZCb9E5s,fcda845cc74af1ee21d971fe9b4cec55b1014d586928b12e5366b4f526182b59,Faust auf Faust (Schimanski) (Remastered 2007),DEA340700759
18,Because I Love You,Stevie B,1990,https://www.youtube.com/watch?v=Tm4lcJ9nMSw,7691b485afa0650da143fae3c0fc0147a104e8e63790014645bfe6b8f1b137c0,Because I Love You,AUGBT2311775
19,Anywhere,Rita Ora,2018,https://www.youtube.com/watch?v=ksdAs4LBRq8,5855cac387ce83ceae44998cf9bc89ea090bf68e240574ad7292290578457314,Rita Ora - Anywhere [Official Video],GBAHS1701111
20,Can't Take My Eyes off You,Frankie Valli,1967,https://www.youtube.com/watch?v=iObGpqXKBdY,6621a64a0bd7c50277e98853b6706017cbdc86f6505c6758a9da8e5778116603,Cant Take My Eyes off You,USRH11000238
21,High Hopes,Panic! At The Disco,2018,https://www.youtube.com/watch?v=GJY8OMJXRAk,b279e59289c9a658d62907a89f6837adf8192f9fd4b21461b43cff94667a496b,High Hopes,USAT21801174
22,Love Me Like You Do,Ellie Goulding,2015,https://www.youtube.com/watch?v=725WlG1idPc,1ea7601096f1e895b6ab80e4b822bf897716115b987a8031d4a05b40a0f92be2,Ellie Goulding - Love Me Like You Do (Official Audio),GBUM71406823
23,"Sugar, Sugar",The Archies,1969,https://www.youtube.com/watch?v=Om5O6GL7cLY,b5972e082451ecb7ab32e4655b7de0f5e583c7a9790ccb41835ef4c8ae1d25bf,Sugar Sugar,NLG620400826
24,I Follow Rivers,Triggerfinger,2012,https://www.youtube.com/watch?v=vYAejDztNhk,2d9a72523bbf0febd4a49b48faf5de4b4f15ba13e2d27efa55f739ae86ef5a73,Triggerfinger - I Follow Rivers (Radio Edit),BEN151200019
25,Mr Boombastic,Shaggy,1995,https://www.youtube.com/watch?v=TeNjhglXm6w,0c543049d26185aadc9cb0e20453eb6cf9bf35ac958aefdf837483f4acc5aea5,Boombastic,FR8GV1904450
26,Because You Loved Me,Celine Dion,1996,https://www.youtube.com/watch?v=fpl4if07ics,b8a1b24756ab73fa305a98b328a3521f91ef96be31287fe60016dc30f7a76930,"Céline Dion - Because You Loved Me (Theme from ""Up Close and Personal"")(Audio)",USSM19504296
27,Whatever It Takes,Imagine Dragons,2017,https://www.youtube.com/watch?v=gOsM-DYAEhY,bc1fb475968cf79f4db2926724971d003e46e24b50c6449558ab11c9c48cce67,Imagine Dragons - Whatever It Takes (Official Music Video),USUM71703515
28,Take on Me,a-ha,1984,https://www.youtube.com/watch?v=djV11Xbc914,bd8f527ec2776d996a227d1b8dec775f7273712434008ae237d9aec4d8e48605,a-ha - Take On Me (Official Video) [4K],USWB19901214
29,I Believe (give a little bit...),Joana Zimmer,2005,https://www.youtube.com/watch?v=5UUGt2p_hwY,bd2cda7b716db927bac4f1ca2bc17bd795106cf65d94b4b42f54b3a8a3f4d37f,Joana Zimmer - I Believe,DEN120408863
30,Hadschi Halef Omar,Dschinghis Khan,1979,https://www.youtube.com/watch?v=bEhcJf8XFXE,728c44e5c048077eee8509958d419ebcd475059a6baa788a9816db1d899c890b,Hadschi Halef Omar,DEC717900083
31,My Life Would Suck Without You,Kelly Clarkson,2009,https://www.youtube.com/watch?v=cRM70Jw7F4M,52e5cdab1e3893ff62bb72ce3daaeb65bfddc6a2ee6ce5f227711a20e73fae60,Kelly Clarkson - My Life Would Suck Without You,GBCTA0800348
32,I Can See Clearly Now,Johnny Nash,1972,https://www.youtube.com/watch?v=b0cAWgTPiwM,c40291dce7f4f8c395ab41c32dfbe1f2c620990e4adc130611415ea46c20208a,Johnny Nash - I Can See Clearly Now (Official Audio),GBBBN9999947
33,Words,F.R. David,1982,https://www.youtube.com/watch?v=nwrqQ2jYpwY,ed6d2c79464cc461558c121b8bdae2aea366bd480859648638aba9aa9eaa89dc,Words (Original Version 1983),FR6V81029402
34,You're The Greatest Lover,Luv',1978,https://www.youtube.com/watch?v=OO8pvsa3MGw,48a79647c67becad6a85803679ac7b41b6ea2264a39d2be742e276567fdde15f,You're The Greatest Lover,NLA307800001
35,I Only Wanna Be with You,Bay City Rollers,1976,https://www.youtube.com/watch?v=wTADOT31rnQ,f7905f8ba191e620f7b67fb71e358525bb441265c5f549c94396cd3214e61ec2,I Only Wanna Be with You,USAR17600112
36,Uptown Girl,Billy Joel,1983,https://www.youtube.com/watch?v=o-0Oect0nVQ,f4ea7cecc95c4b916b76cbfe7c357e9e77b8dc57ad8f20ca19033989cb313f8a,Billy Joel - Uptown Girl (Official Audio),USSM18300270
37,Step by Step,New Kids On The Block,1990,https://www.youtube.com/watch?v=GDEDQ8TCzW8,ff3dc49e1acd33422f911101c244eac00d3cfae5c7c91efb2ea35502687cd304,Step by Step,USSM19917887
38,Flashdance...What a Feeling,Irene Cara,1983,https://www.youtube.com/watch?v=Q4TK82N1nEk,cfa805556be83c4d7d1f01126513f573026eae9601c6cc7b7241185665619071,Flashdance… What A Feeling,CAU118300354
39,Solang' man Träume noch leben kann,Münchener Freiheit,1987,https://www.youtube.com/watch?v=MfhWdhHV6fw,67e3ac82e8137ad16117c233f5ed7fa40fb9bc3b706259ee80811a7af11670c2,Solang man Träume noch leben kann,DEE869700867
40,Bad Habits,Ed Sheeran,2021,https://www.youtube.com/watch?v=HeOpRzcqKrE,76d22539d939804835a0577ed94efb3652305f30c5816424db9a6234c83d7648,Ed Sheeran - Bad Habits [Official Lyric Video],GBAHS2100318
41,Indianer,Pur,1993,https://www.youtube.com/watch?v=_WfxKi2o8_A,563b097ee01ba4a99db5d65e56d294b6d26e354bd494cb1a1c2c8c56a54696e2,Indianer (Remastered 2002),DEA349302123
42,It Must Have Been Love,Roxette,1990,https://www.youtube.com/watch?v=k2C5TjS2sh4,51afce2b1c06a2b7c0a25884a729db9830f02b126b46fd6d508add2710e443c8,Roxette - It Must Have Been Love (Official Music Video),SEAMA8777131
43,Nessaja,Peter Maffay,1983,https://www.youtube.com/watch?v=sNm7WmIxgec,7b71fb2b02e257e766a3cf6428c9239fd623e9193050df0bf364d9e62a9a959b,Nessaja,DEA818300093
44,I'm Outta Love,Anastacia,2000,https://www.youtube.com/watch?v=EpTgryswsZQ,4451c151864535711f2becb36531612a841b2f6f7df9cfbb49543fa500f0fcfd,I'm Outta Love,USSM19925562
45,Walk On the Wild Side,Lou Reed,1972,https://www.youtube.com/watch?v=oG6fayQBm9w,f71128137aa6fe0483964046ce3694956a95808c7579103f2462ed82da2dc8c3,Lou Reed - Walk on the Wild Side (Official Audio),USRC17201948
46,Ruby,Kaiser Chiefs,2007,https://www.youtube.com/watch?v=Q2IeFx48Bas,f77bbdbee17511bca74e137daf3c35d1eb37f6d8e9e73b9687b9620074356a42,Ruby,GBDVX0600080
47,Love Is In The Air,John Paul Young,1977,https://www.youtube.com/watch?v=ZWzWL-S05fg,962e987611afe71bd9fdae009fb715c2211c95e9a74afddae382890a8ab99011,Love Is in the Air,AUAP07800004
48,Bring It All Back,S Club,1999,https://www.youtube.com/watch?v=G-vBymB7sNQ,8daee990f921e695508fe734f0394948d940a910dc32362911954b237f4a0358,Bring It All Back,GBCVL9900001
49,Gonna Make You Sweat (Everybody Dance Now) (feat. Freedom Williams),C & C Music Factory,1990,https://www.youtube.com/watch?v=dQSNpUahA-I,0e85c4d1c29d1ff557a859eeb4d7cb34d8cbfd2e4bd3f097f6460b6ba0d574ae,Gonna Make You Sweat (Everybody Dance Now),USSM19000533
50,Don't Stop The Music,Rihanna,2007,https://youtu.be/yd8jh9QYfEs?t=12,b0ebc7ba636fe53865d629a8ef768aa917db75f5c3836c446bd8086124a8809c,Rihanna - Don't Stop The Music,USUM70734700
51,It's Now or Never,Elvis Presley,1960,https://www.youtube.com/watch?v=Uwelrtb8Oho,185b54c2ca9ac5e3ea886de47d991c824e76bd7c6551870661d87cb0c4dfc38f,Elvis Presley - It's Now or Never (Official Audio),USRC10200339
52,Kings & Queens,Ava Max,2020,https://www.youtube.com/watch?v=jH1RNk8954Q,86ffc1e627f228de25d441fdd43b1bb506602d5869891f3e1db7750d77d79825,Ava Max - Kings & Queens [Official Music Video],USAT21906943
53,New Age,Marlon Roudette,2011,https://youtu.be/Jk5kYjD9E1I?t=5,1a9ddee9c49c0a4e4098e8f8688d7d0d2a8b38c8cccd360948f4a02b2819482b,Marlon Roudette - New Age (Official Music Video),GB27E1100001
54,Tainted Love,Soft Cell,1981,https://www.youtube.com/watch?v=TgyqZlFHokQ,23348134b638777824911f2b47d4ed896b8c0e4d6b3f08abc888794d81dcc010,Tainted Love (Remastered 2023),GBF088100017
55,"Marie, der letzte Tanz ist nur für dich",Rex Gildo,1973,https://www.youtube.com/watch?v=3nJJGqBhZlk,56bac443f099b5011a30bd005c9bf55afc0bbe56e742436b10154d86105d8fda,"Marie, der letzte Tanz ist nur für dich",DEA817400020
56,Say It Right,Nelly Furtado,2006,https://www.youtube.com/watch?v=bBHGHa8AahM,413fc495b8e3c93f550acc843e1f18beaeeb75ce9453b001cba1b71edcea4a47,Say It Right (Radio Edit),USUM70603368
57,Back for Good,Take That,1995,https://www.youtube.com/watch?v=N2ICtCO8TCw,92fa212fba71ce8181419ca40ca0c5c9f9405aac25abe25f95b711daeb014fd5,Take That - Back for Good (Official Video),GBARL9500020
58,Shake It Off,Taylor Swift,2014,https://www.youtube.com/watch?v=nfWlot6h_JM,257b398604d6195f01db10513216df89f6ab6dd1bbc8c0b4a078f269372d11bd,Taylor Swift - Shake It Off,USCJY1431349
59,How Will I Know (Who You Are),Jessica Folcker,1998,https://www.youtube.com/watch?v=5sJ4oxGDqzQ,cf427acab355d70a5f22c3a39a6426577dbbf1a576995033da95f640374fdeba,How Will I Know (Who You Are),NLA379800019
60,Marvin Gaye (feat. Meghan Trainor),Charlie Puth,2015,https://youtu.be/igNVdlXhKcI?t=9,ec47491e17b2c2f81e774e154c4b45041110c52c8d3b33cce147e95d1c1fa418,Charlie Puth - Marvin Gaye ft. Meghan Trainor [Official Video],USAT21500254
61,Hotel California,Eagles,1976,https://www.youtube.com/watch?v=BciS5krYL80,e56609d059e9372112e9803fac70b4a3273ea40bc2a635baf8db971320261349,Hotel California (2013 Remaster),USEE11300353
62,Komm gib mir deine Hand,Tony Marshall,1971,https://www.youtube.com/watch?v=If40-PyRyxA,96a466eebb3df8b349e8eb103948c9d032d0468e20ffed456d2ceb3ac4fd71e7,Komm gib mir deine Hand,DEC717100004
63,Schickeria,Spider Murphy Gang,1981,https://www.youtube.com/watch?v=Ity1AA7pnFM,e1c216e711525ff3e8d7b8edc350769a6d89799e88645ecb04a0e1ecc852b01b,Schickeria,DEA348101052
64,"Ja, ja, die Katja, die hat ja",Heino,1980,https://www.youtube.com/watch?v=DJnaeEZS3go,40cd4c591199ceaeb35b26b25b938ef4af3d0b4238ac88e5c51e97f84ea051d1,"Ja, ja, die Katja, die hat ja",DEA348000473
65,Als wär's das erste Mal,Unheilig,2014,https://www.youtube.com/watch?v=R5ZWrQ-MX6Q,9c92cdccffe2fae888cd27f02dc90c3f3128737df90cb969d982501233d8d2d8,Als wär's das erste Mal,DEUM71400175
66,Amazing,INNA,2010,https://www.youtube.com/watch?v=czRYJCzGO3A,c7db88d886f20fb88f5383f3efe2479c337a6577c309eff3698d76a5fcc6f190,INNA - Amazing | Official Single (by Play & Win),ROROT0901606
67,Bye Bye Bye,*NSYNC,2000,https://www.youtube.com/watch?v=C27NShgTQE4,e06fde0a1eb9ceda207c4c4009a71465976a36ca552c2f790b03447ac24d002b,*NSYNC - Bye Bye Bye (Official Audio),USJI10000001
68,"Baby, Baby",Amy Grant,1991,https://www.youtube.com/watch?v=_YrNW2RtOH4,a6271956f15b3ccd4d04b7887c21a33d239a57c063aba26da6171dd22ac8f69c,Baby Baby (2021 Remastered Version),USSP30765178
69,Sexbomb,Tom Jones,1999,https://www.youtube.com/watch?v=KfGHjjovIe8,2fb35c615fee56d9e1463eb37cd2f053848690cde48da81e7352cadb1449d979,Sexbomb,GBBRL9970040
70,Up Where We Belong,Joe Cocker,1982,https://www.youtube.com/watch?v=Xlsx_CG02UE,d584e30fd47c4d33390818887a2508740f5d4620c89238f982d80bd661f53f71,Up Where We Belong,USIR28200024
71,Domino,Jessie J,2011,https://www.youtube.com/watch?v=FMtgC9lYt2w,1ca25d7dd430e99eed1c2ddffb243e5631bba2be8a308dd4d42e06faba53bc68,Domino,USUM71113573
72,The Edge Of Glory,Lady Gaga,2011,https://www.youtube.com/watch?v=qigPzqghPkw,ed16479721e5b85355e90608ee337433c915f81cf966f309bebb27034c13937b,The Edge Of Glory,USUM72206231
73,It's Raining Men,The Weather Girls,1982,https://www.youtube.com/watch?v=4x6leDGV7gs,0b859c086bd5d3f4df259acc46a97d962bd5ddb0a6a9ab41e3021f7ac5e9529a,It's Raining Men,USSM19913325
74,Mit 17 hat man noch Träume,Peggy March,1965,https://www.youtube.com/watch?v=VmR0DapFn6U,a9270c7905dffcc8fd06fbcb217979aedfdd737da31c501cf9ee0389b6495e6b,Mit 17 hat man noch Träume,DEC766500001
75,Sommernacht in Rom,G.G. Anderson,1985,https://www.youtube.com/watch?v=qJiJ1NuV7ok,ba6303422dddb7b81453c24c1f6cbbb4afa1c92d9419eeca80ab6a2f1e923e51,G.G.Anderson - Sommernacht In Rom,DEC738800042
76,Itsy Bitsy Teenie Weenie Yellow Polka Dot Bikini,Brian Hyland,1960,https://www.youtube.com/watch?v=n56E3kScoN8,c840052b9b4f3f95235356d1ec554c0aedd4489c7f94b7265c0c7b75501b1518,Itsy Bitsy Teenie Weenie Yellow Polka Dot Bikini,USMC16051029
77,Post Malone (feat. RANI),Sam Feldt,2019,https://www.youtube.com/watch?v=c42wPUQpZ84,8d7f259215c10b52ec312bd4e727b1d1f9e129ff049a509d3b04639f6a322659,Post Malone (feat. RANI),NLZ541900734
78,Nächstes Mal am Ende der Welt,Valeries Garten,1992,https://www.youtube.com/watch?v=wmRqLQAnwJ8,d249a7f57d1fd8c599691bb1df97d065e1e01b900a509534ef859ed783869ae1,Nächstes Mal am Ende der Welt,DEU200600198
79,More Than This,Roxy Music,1982,https://www.youtube.com/watch?v=wwXtPu-iA4Q,d8badfcc56a9e17fd4a5c9ff988c2799054af889aa8acf88dd06fc2d040290f4,More Than This,GBAAA9900092
80,Come On Eileen,Dexys Midnight Runners,1982,https://www.youtube.com/watch?v=HwVnX4ZgliY,4b9ad7516e372d9feaedab1be4a66c93fcdff501ca8fd17e90003240294455c3,Come On Eileen (Single Edit),GBF088200006
81,Heaven Must Be Missing An Angel,Tavares,1976,https://www.youtube.com/watch?v=UiEH4H986Vg,0dbd9a9fd445cb82b00eee877c8258f61e4cdd2c43df37e8dcd2c032b73a2deb,Heaven Must Be Missing An Angel (Radio Edit),USCA28900559
82,I Don't Feel Like Dancin',Scissor Sisters,2006,https://www.youtube.com/watch?v=JBUs7P2kIAs,d329c62a47ed071bcce20b129b39d49c3279aec47789b1447027114278729aab,I Don't Feel Like Dancin',GBUM70602587
83,Let's Twist Again,Chubby Checker,1961,https://www.youtube.com/watch?v=Frw7U5X8dhg,fb85ec2cb4e037501658ca07177fbe9fd7b209fa622ccc741dca601f8b54ab6e,Let's Twist Again,USA176140170
84,Bamboléo,Gipsy Kings,1987,https://www.youtube.com/watch?v=NhGAQ6fjJxo,597b3b8a7cfc87f641b2fabf3b0cd181299fdb34adf6f0d2691e7bce93a1f1ca,Gipsy Kings - Bamboléo (Audio),GBARL0700397
85,Herzbeben,Helene Fischer,2017,https://www.youtube.com/watch?v=8ySJJMu8ReY,5f6f25b9db2eac6779768c129205611c0aa67ef6b27ac01ca4d3d04efe3d9f48,Herzbeben,DEUM71704905
86,I Kissed A Girl,Katy Perry,2008,https://www.youtube.com/watch?v=usvTbqTHwyw,eac97f0d0f725db858782837b69bf4e4576f388e05d6a34c19da3d548ef2658d,I Kissed A Girl,USCA20801738
87,Ironic,Alanis Morissette,1995,https://www.youtube.com/watch?v=Adu-EfJbuBs,8d5d2960efa5882e5e8f3d6aaec8ada8489c3eb266ec7b9fbb0c4f81501bdaa8,Ironic (2015 Remaster),USMV29400003
88,Mercy,Shawn Mendes,2016,https://www.youtube.com/watch?v=YfuyEdCpAp0,a59a423d678baad89ae0f300ce36d28bbbf4d13947b93564b40f49989f40a55f,Mercy,USUM71603531
89,Flying,Nice Little Penguins,1994,https://www.youtube.com/watch?v=iSqguQk55CI,dadb103ca46254b086725a0b13806600dc79cc9a95017bb86e83d38398902008,Flying,DKELA9400302
90,It's My Party,Lesley Gore,1963,https://www.youtube.com/watch?v=RjdH_NmmO0I,ba144059bbca38d2c3103f6bd26d02a280d1a828527a11b23213a7058fc963a4,It's My Party,USPR36205231
91,To All the Girls I've Loved Before,Julio Iglesias & Willie Nelson,1984,https://www.youtube.com/watch?v=7As9e3uLpV4,60e5daa1ced99f4ebeba49de9ce2f2a12330a7351db8aac5f03ea8cf7bb40492,Julio Iglesias - To All the Girls I've Loved Before (Official Audio),NLB630000270
92,Dann küss mich doch,Nicole,1992,https://www.youtube.com/watch?v=STIi47fPnyI,faf1972b938650b089bad18664cc8a1b75f73ba329c59d0cbfa86175e507bd3a,Dann küss mich doch,DEC719200001
93,Heaven Is A Place On Earth,Belinda Carlisle,1987,https://www.youtube.com/watch?v=UocN_FLb3To,3ac9bc9ba654bb55f9f13e7e55b119439146805c90bbabe3b02f963373a01635,Heaven Is a Place on Earth,GBAAA8700010
94,All By Myself,Eric Carmen,1975,https://www.youtube.com/watch?v=iN9CjAfo5n0,d27273d21fc428f6836439c5266e9b64e7d878c1063b46732becf84e02c15093,Eric Carmen - All by Myself (Audio),USAR10400530
95,I Love Your Smile,Shanice,1991,https://www.youtube.com/watch?v=zokhyLQloBI,c48c12e4712ec6a3943ce89c7eaa2d87a9b9ba06741a60bac8242a0e690a906f,I Love Your Smile,USMO19190003
96,Summer Son,Texas,1999,https://www.youtube.com/watch?v=wUfKbWyr-OM,8449eddd20c0f08fc050f0d34b441860fd90277f18759069e3ed178d69b93eda,Summer Son,GBF089900144
97,7 Seconds (feat. Neneh Cherry),Youssou N'Dour,1994,https://www.youtube.com/watch?v=QgWNByQJA4A,c0c4c23d78e94f5bd4386d44972f962ae8a4c61a2341402691df184173a671a8,7 Seconds,USSM10021897
98,Perfect Strangers,Jonas Blue,2016,https://www.youtube.com/watch?v=91byJDDV3mU,0e5566ae4e9bc8fa20d32e3f005b2a484917ef09fdeb18ad39da79057cebde14,Perfect Strangers,GBUM71602437
99,Rescue Me,Bell Book & Candle,1997,https://www.youtube.com/watch?v=zDcJXNkYtN8,91f65f353fe39129bd25b51f8d80a9ed1d6740c4b5a7ea55e51fac003fd6cf91,BELL BOOK AND CANDLE Rescue Me [ official music video ],DEC739700458
100,Ein Festival der Liebe,Jürgen Marcus,1973,https://www.youtube.com/watch?v=ewEcJ9oU80I,4cadb7e1febff59021460f9e50f2279fb849332b4ec46cbbd98b20c958dcaf89,Ein Festival der Liebe,DEA370803297
101,TiK ToK,Ke$ha,2009,https://www.youtube.com/watch?v=u5uSlUKBEDc,58c8bbbe84e5268681b46c63a53163a11ee11705d1cf244f4a6f377cef3a2db3,TiK ToK,USRC10900433
102,Livin' On A Prayer,Bon Jovi,1986,https://www.youtube.com/watch?v=YBdyc1WDlBQ,1542298e73bbbfd01630e900179cd1b29b0e14f7df94f332748b6a1d55d9b8fd,Livin' On A Prayer,USPR38619998
103,Symphonie,Silbermond,2004,https://www.youtube.com/watch?v=8bNHTgVhdYM,33d775ab35de153b0fedea90fef47634c4ee29b43cb5605e40965fbd2801a066,Symphonie,DEA810400356
104,Weather With You,Crowded House,1992,https://www.youtube.com/watch?v=NZ3Ck43m_ZY,c284235c57079ffbda6ea13bc0c0e462b2e9d27a9d29fdf0e2e872d63b1e1cec,Weather With You,USCA29100164
105,Downtown,Petula Clark,1964,https://www.youtube.com/watch?v=G8lk4ZTnbuc,6adea21eb25dbaec2a06a076be0a7d33b3e189271aefbe4a067e632927548247,Downtown,FRZ196400510
106,Felicità,Al Bano And Romina Power,1982,https://www.youtube.com/watch?v=_a6fMVxTEI8,394f9abc1b84d8660c007a18177599d77572c6bcc8748d98992ec6c4c83d35c5,Felicità,USBI10000114
107,Ich bin nicht mehr dein Clown (... die Manege ist leer),Olaf Henning,1997,https://www.youtube.com/watch?v=syrpXeCVpoc,98965a89f98adad077980785d67a8c36d54aa33043904ee3e02ffcf0c9f9db1a,Ich bin nicht mehr dein Clown (Original Version),DEG419700001
108,9 to 5,Dolly Parton,1980,https://www.youtube.com/watch?v=E4OzdyxbOuU,41eeafb9f7abc7c2066fb5a1178959654ed3c54cb106b2e89320ea50a8f17eee,9 to 5,USRN19400384
109,Don't Worry Be Happy,Bobby McFerrin,1988,https://www.youtube.com/watch?v=AFDOSq6Wxa0,a0561118b634d80890ca0b7f7f86329fecb2dae010e6625b0ff180cd4242b3cb,Don't Worry Be Happy,USEM38800361
110,I Can't Help Myself,Four Tops,1965,https://www.youtube.com/watch?v=8Jtokmp8zoE,e9e04ed564d330aaa27d0fd7a7b9a1a1fd1339277fdef9bf4fad6ede1aac1479,"I Can't Help Myself (Sugar Pie, Honey Bunch)",USMO16582593
111,Joy To The World,Three Dog Night,1971,https://www.youtube.com/watch?v=EVcpKjXYa5c,8301332818f07fc5808155e388effa1a412bb48c7bf5af1bf4348ad74475a706,Joy To The World,USMC17047804
112,Made You Look,Meghan Trainor,2022,https://www.youtube.com/watch?v=2HKitdFks0o,6aba682cb8a14a97229f9c5cce6ce406786ed81fdd2378487953791b09ae8874,Meghan Trainor - Made You Look (Official Lyric Video),USSM12204574
113,Keeping Your Head Up,Birdy,2016,https://www.youtube.com/watch?v=SQfBYKz1XWY,368595b26bf87823b6475aabc8ccdf8916f8bcfcbe880fe1ca836f64af139332,Keeping Your Head Up,GBAHS1500572
114,Liebeskummer Lohnt Sich Nicht,Siw Malmkvist,1964,https://www.youtube.com/watch?v=Lz3S5HXyw4o,c387753b4ed07aaae419e1630c3850861efbd27a927295cd5bcfd24ed9a63267,Liebeskummer lohnt sich nicht,SEPQA1200908
115,Levitating,Dua Lipa,2020,https://www.youtube.com/watch?v=TUVcZfQe-Kw,c7a8b1dad16259e14c2e4588350e0b8fd45d335d898eade2fbf57fe63fbb0e6a,Dua Lipa - Levitating Featuring DaBaby (Official Music Video),GBAHT1901299
116,Beiß nicht gleich in jeden Apfel,Wencke Myhre,1966,https://www.youtube.com/watch?v=jUWTXq_mMjU,e1a7e4ef3948f7b2ab25471b95ffbcba49b3e15e60f6ff85fb170240ba815a59,Beiß nicht gleich in jeden Apfel,DEF066600760
117,Ein Stern (der deinen Namen trägt),DJ Ötzi & Nik P.,2006,https://www.youtube.com/watch?v=uMaoBvGPEvI,6c8aced4064bb39ce2ff0c1a768e401a6523ff24b661b382d811df362efe3569,Ein Stern (der deinen Namen trägt) (Radio Mix),DEUM70606360
118,Just the Way You Are,Bruno Mars,2010,https://www.youtube.com/watch?v=HBzyuCda2RI,63a78d7f3390ff80f3d46cae90b838f136b2f803aa9abb2bdf942ed9c617b734,Just the Way You Are,USAT21001269
119,The Joker,Steve Miller Band,1974,https://www.youtube.com/watch?v=q3mfENm6VJc,7ea81465ea1c697f8b29b7db65b9524adfcf2c6a454c3fb10319d444eddbd465,The Joker,USCA29100532
120,(Is This The Way To) Amarillo,Tony Christie,1971,https://www.youtube.com/watch?v=kyohWo3aZvw,61cec614fd302e969042288ca60c3504b5dfbfe53ff661e6a094324bf4427f3c,[Is This The Way To] Amarillo,USMC10200219
121,Book Of Love (feat. Polina),Felix Jaehn,2015,https://www.youtube.com/watch?v=6vyPU5ASG98,fa63ec17aab5eeaa3c15bc48e09e06c2156292628d35653beeffebe799014e62,Felix Jaehn - Book Of Love (Official Video) ft. Polina,DEUM71502573
122,"Küss mich, Halt mich, Lieb mich (Drei Haselnüsse für Aschenbrödel)",Ella Endlich,2009,https://www.youtube.com/watch?v=QBsIDPi3kko,5eb502723ea0e48ff0ed225a695a43b449e889c39db31f617942d275a5b5c923,"Küss mich, halt mich, lieb mich",DEZ651214396
123,Mamma Mia,ABBA,1975,https://www.youtube.com/watch?v=U4Sm7v6PDY8,f4d3ea19b0a09383585d240e7b4ea6902544e3a634999578de3df679fa61cd4e,ABBA - Mamma Mia (Official Lyric Video),SEAYD7501010
124,Girl on Fire,Alicia Keys,2012,https://www.youtube.com/watch?v=mVuSfxqpZa4,5f7cf835178bf30c70df8fd5ca054c6a2745c256b23109ebcf5e228df163d6ca,Girl on Fire,USRC11201015
125,Light My Fire,The Doors,1967,https://www.youtube.com/watch?v=qoX6AKuYWL8,06c8c7fa32ab3bf7d38e9fd97d13e2ccc0d6d64e6c087f6efecfc0f0d50b60db,Light My Fire (2017 Remaster),USEE19900203
126,Blueprint,Rainbirds,1987,https://www.youtube.com/watch?v=DMVeh6lO2yo,1b12394e3f6eb51f12da8f24f1365a0f36e7bbfefc9730757ab2d7bb6b26d2de,Blueprint,DEF078703100
127,Deutschland,Die Prinzen,2001,https://www.youtube.com/watch?v=7T4vEiPeagM,ef8177fcd9e620d2593bb96feeeae49f42be2220a0d2185012913d444344df17,Deutschland,DEC730100323
128,Don't Go Breaking My Heart,Elton John & Kiki Dee,1976,https://www.youtube.com/watch?v=DH7kBuZ5GZk,7a0b3883fa57b6f2e91ecbbb6d378d83bd31fe8c9af7f1b3af4366ae7268edfb,Don't Go Breaking My Heart (Remastered),GBALX7600007
129,Wer Liebe lebt,Michelle,2001,https://www.youtube.com/watch?v=HF_nIjQOIaU,58e738383aaf6ceec478472faad76cc7dab1c245e561a54f774deccc3467ae7b,Wer Liebe lebt,DEA340002407
130,We'll Be Together,Sandra,1989,https://www.youtube.com/watch?v=-jnpbEbSugQ,2df1d3c47e5b19f77210e09eb6ce3e747341a4e198370ff54de5098853504940,We'll Be Together (Remastered 1992),DEC648900023
131,We Built This City,Starship,1985,https://www.youtube.com/watch?v=BsCBGsKSW4g,ba4580cff63f734d3e006c8e3556e65edf246da209a51399593787fb5913c5f7,We Built This City,USRC18503424
132,Chasing Cars,Snow Patrol,2006,https://www.youtube.com/watch?v=sgj04v5sDm4,c77205fbef0b5e6749daf98c81c365397a47f5bea636e41bfaf54c35e56cce35,Chasing Cars,GBUM70600345
133,First Day of My Life,Melanie C,2005,https://www.youtube.com/watch?v=MrMW4g9Sofc,6f0f999391286158aabe8d226d49d45b3b9caafd15358dd37ab3ba36f72d1d91,First Day Of My Life,GBHMK0500015
134,Losing My Religion,R.E.M.,1991,https://www.youtube.com/watch?v=Efa6BAWPm9o,f7fc45e66cec0d6a397afbae5c52e99456561dbe5b8ae82783fc98ed4641b706,Losing My Religion,USC4R1605373
135,Go West,Pet Shop Boys,1993,https://www.youtube.com/watch?v=0c9s70yytYE,38240bd771f6577fdd6087c9f6a5ededa43184e2360bbee45d00dce37df9698c,Go West (2023 Remaster),GBCEW0300002
136,Everybody (Backstreet's Back),Backstreet Boys,1997,https://www.youtube.com/watch?v=J47YIH1XCGE,11b7cacaf270f00004e05e8dc97006cb350f0c26c790c3b569adbe638012135f,Everybody (Backstreet's Back) (Radio Edit),USJI19710083
137,Flugzeuge im Bauch,Herbert Grönemeyer,1984,https://www.youtube.com/watch?v=D-GrB_52_bQ,23a8961121882196ba76fb0700680419ae214687379bccf257bf7ca7acbc8c08,Herbert Grönemeyer - Flugzeuge im Bauch (Musikvideo),DEC610800615
138,I Ain't Worried,OneRepublic,2022,https://www.youtube.com/watch?v=mNEUkkoUoIA,16914d8527046852df77bdd5e30f4310f20e2cb5c3db070f7f2c923cc2a9db65,OneRepublic - I Ain’t Worried (From “Top Gun: Maverick”) [Official Music Video],USUM72206227
139,Everybody's Free (To Feel Good),Rozalla,1991,https://www.youtube.com/watch?v=LM9kN4v065Y,17bc677dc879f37626dd695129f4de4b5a18e9129c9a0d0920fd936b46a3b9ea,"Rozalla - Everybody's Free (To Feel Good) [Official Video US Version, 1991]",GBBLG0400723
140,Brother Louie,Modern Talking,1986,https://www.youtube.com/watch?v=SSkDfGa9Bnw,9f098ab256e7e07e7248b97803c62940400a63c851e5c969016406e38c386066,Brother Louie (Remastered),DEC738600004
141,Can't Get You out of My Head,Kylie Minogue,2001,https://www.youtube.com/watch?v=uYANAvwvPBg,3cf02445ac2cbf907ac0bd7c2ab895856019b696137994a77eb95642b8cfaaf7,Can't Get You out of My Head,GBAYE0100913
142,Wenn das Liebe ist,GLASHAUS,2001,https://www.youtube.com/watch?v=tcLaJ_iRpn8,d02bea8f45084a6f2984ee99d67b7b650dae7748f1eebfdc015d33ab975a7a1d,GLASHAUS - Wenn das Liebe ist (Official 3pTV),DEP950400179
143,Radio,The Corrs,1999,https://www.youtube.com/watch?v=js-Wg53U-3k,058fcd54575408e08a6ee7874d71c901cfcb1b281381e3f21834d6c682c75faf,Radio,USAT29901742
144,Hit the Road Jack,Ray Charles,1961,https://www.youtube.com/watch?v=SrnWp5O0DEs,efcd9228c7f1f21175cdae940170a41aa8edbb3046c73ec665fefc98cb01f37a,Hit the Road Jack,QZR8K2111005
145,She's Got That Light,Orange Blue,2000,https://youtu.be/HnZPif5CQ-w?t=1,cb83a6aa33c6da2b71c4a6a2c39ffa80dce48456b389010146b53e33db4ebbd4,ORANGE BLUE - She's Got That Light [Official Video],DEH840000056
146,Zucker im Kaffee,Erik Silvester,1969,https://www.youtube.com/watch?v=ZANOvZr3GTc,71af92d26e8a5d2e122f7bed8d9077a92dfdd2a29de2949436a8d9960468f502,Zucker im Kaffee,DEA340400325
147,Dancing In The Street,Martha Reeves & The Vandellas,1965,https://www.youtube.com/watch?v=1PXzYVhA2CQ,fc66591d9aff78edeebec8a797d44d423489aac0820286dd8eda941f12558a94,Dancing In The Street,USMO16400446
148,As It Was,Harry Styles,2022,https://www.youtube.com/watch?v=nujn6wbr-e8,2bcadaf672401acf614a40a2e6196def06df04b7e9223051b841fb8a89860453,As It Was,USSM12200612
149,(It Goes Like) Nanana,Peggy Gou,2023,https://www.youtube.com/watch?v=P1jK0yKj5jI,f811241a798827d1448fef7c69073b52e9a06d95000b4620f60c1fdce13620b6,[It Goes Like] Nanana,GBBKS2300080
150,Chandelier,Sia,2014,https://www.youtube.com/watch?v=8DS-h67qEiY,cb3f8df548996c74363cf77d763e732b1231bca43579ad1f7041e5185d2957b3,Sia - Chandelier (Official Lyric Video),USRC11400498
151,Échame La Culpa,Luis Fonsi & Demo Lovato,2017,https://www.youtube.com/watch?v=hAhZy32B69I,20c168777746e8339d5fe771ae8901805c00949d75fca37c5fe90ac5129ccb1d,Échame La Culpa,USUM71712163
152,Complicated,Avril Lavigne,2002,https://www.youtube.com/watch?v=DTtb9rt1tnk,458d8940414b9401269351875673ea8bfb13133d62c2fa2b9fd6e6d9f6ca8f4e,Complicated,USAR10200223
153,Just More,Wonderwall,2002,https://www.youtube.com/watch?v=qcuKd0Rog8I,aacf05b57f63a55ae0007c10df6bd5b0c7abfde15f64fff4d56bb2b4f3fbbca0,Just More (Single Edition),DEA620101571
154,Pan,Costa Cordalis,1980,https://www.youtube.com/watch?v=EULnIzBdr7k,605f2b34a8d8765b741cdcfb06b63177c41cfbf3dd0b385090e3babf29b2c377,Pan,DEE868000048
155,You Drive Me Crazy,Shakin' Stevens,1980,https://www.youtube.com/watch?v=R__cIlBrX_Q,adf4eeee2139d2f4441f66282222082681c82896fb6aeafd76cad14564d14b1a,You Drive Me Crazy,GBARL0801567
156,Dynamite,BTS,2020,https://www.youtube.com/watch?v=HaEYUJ2aRHs,4eae34157f6b125594e80f6f19d2cf75597e757834ee5e0d45ebe372c4e42bf2,Dynamite,QM7282022872
157,Out Of The Dark,Falco,1998,https://www.youtube.com/watch?v=Tod1V1OZWGA,5a5f009d98e841226bb3c7d9ee8ceb4cc8b7e6b9bb6819177046afa36304ba0e,Out Of The Dark,DEA349701888
158,From a Distance,Bette Midler,1990,https://www.youtube.com/watch?v=S-4xzk26EcM,2cfd7ab35227454e2822f32ff9601fb679326e444fdd9f7ff75bbfd515bf0ba9,From a Distance,USAT20000391
159,Give A Little Bit,Supertramp,1977,https://www.youtube.com/watch?v=J9JOut9yh5g,381179e509f7cb0f1b6a992a8a8018cb2f7fbcd9035beebcd9c24e37fad5264d,Give A Little Bit,USAM19500634
160,That's the Way (I Like It),KC & The Sunshine Band,1975,https://www.youtube.com/watch?v=IdfZUZ_rWCI,4ed7ad0cc61d8ceecb99da98da6e9aeca97a7dc4e20ee453b6759f87043ec2cd,That's the Way (I Like It) (2004 Remaster),GBAYE0400454
161,Rivers of Babylon,Boney M.,1978,https://www.youtube.com/watch?v=eN3Fmpnoado,1a80ca8b9e8d76c7719f7cb9a65b6af9bc1afda268f2a831a10c70555ef8eb2e,Rivers of Babylon,DED167800006
162,Billie Jean,Michael Jackson,1982,https://www.youtube.com/watch?v=Kr4EQDVETuA,7d581bf2b47ddb21839bdbe9da4ca6f48ba6078dbf98ff618b16c0f22cef2726,Billie Jean,USSM19902991
163,La Bamba,Los Lobos,1987,https://www.youtube.com/watch?v=bfAZvP83-74,8bcb906071651a4ac4796a493ac653ec9c9644fe1d05cf155869a46871319e92,La Bamba,USRH10802794
164,Ba-Ba Banküberfall,EAV (Erste Allgemeine Verunsicherung),1985,https://www.youtube.com/watch?v=c7BIT7UKEwQ,ab65583cd3afbdfa7fe994c562fad0eeeab24d2e3e02945fc2221f9deecfb833,Ba-Ba Banküberfall,ATE068500030
165,The Way to Your Heart,Soulsister,1988,https://www.youtube.com/watch?v=-rzpX12fJy0,8217dca3acdfd0b3388c12edde7f940a83529f199ad6a13959e5063bd1bbf588,Soulsister - The Way to Your Heart (Official Audio),BEI018800101
166,Song Sung Blue,Neil Diamond,1972,https://www.youtube.com/watch?v=ighSddnnaPE,69bce667181c79811b7a8de43052a45f4601d8ff5c143294491f88d90f896ea3,Neil Diamond - Song Song Blue (Stereo!),USUG11400705
167,Baby,Justin Bieber,2010,https://www.youtube.com/watch?v=GqWYJT-iMTw,aea3654eaccc92d8592daddc267023c0a02f906a0072d22ac7710850ef11664c,Baby,USUM70919263
168,I'm Too Sexy,Right Said Fred,1991,https://www.youtube.com/watch?v=1l8KLXDhTMQ,a34604bd4b1c1c4427062c53b85f04bfda3879e0b39d52e9cf33e024b34f67e6,I'm Too Sexy,GBBRL9290469
169,Here I Go Again,Bnd,1995,https://www.youtube.com/watch?v=d_izrMwn5kk,567979c99ec67a2d6274fe7d22ab5def641ba82cd71571dcaf82349bab1dbeea,Here I Go Again [Mike Stock & Matt Aitken Radio Edit],DEA319601809
170,Budapest,George Ezra,2013,https://www.youtube.com/watch?v=NqEwn5sCxos,ba2b9a2743d65068d5ce96c0a8f2be350a729a910778fa08fff5e45ff6fd9245,Budapest,GBARL1400477
171,Hello,Martin Solveig,2010,https://www.youtube.com/watch?v=WmH4iWoJfTo,6eab8cbc882a62dff1437e7a959706bc57162992caded9eafcf44b7435147762,Hello (Martin Solveig & Dragonette),FR2PA1000020
172,Freiheit,Westernhagen,1990,https://www.youtube.com/watch?v=0ohpSRdenhQ,df14bd7b17d92acb6cf6186d386ca5c6f09ace5d082cb95b4c925950ced407a2,Freiheit,DEA620000958
173,Xanadu,Olivia Newton-John & Electric Light Orchestra,1980,https://www.youtube.com/watch?v=mX8Y_LUxIJo,b2b64a47afefc7ae14b7b7d97cfa16b204e7bb9d6671c2f69e1b5d3bcff2a2cf,Xanadu,USSM19801023
174,Video Games,Lana Del Rey,2011,https://www.youtube.com/watch?v=mhr4YecSV_Y,dc2f7e76672bac80ccdcda62db871f5431e0fbb4d4b3e2c58b84eaafa3b2a2ca,Video Games,GBUM71111621
175,Kiss You All Over,Exile,1978,https://www.youtube.com/watch?v=jv5n1L_sZ2w,c69c01a7ddc07118c69558d924af538cfe5a73f3b34fd3727d947eab97293914,Kiss You All Over,USSM19915889
176,Im Wagen vor mir,Henry Valentino & Uschi,1977,https://www.youtube.com/watch?v=hcYZ5QxKSzM,a5c96915815ab121261a647387c1756aeb6839f1686e048c4b5307d43d0743ca,Henry Valentino + Uschi - Im Wagen vor mir,DEA347702437
177,We Are The People (feat. Bono & The Edge),Martin Garrix,2021,https://www.youtube.com/watch?v=VjPXdubfIG8,4e751faf77a66cbbbbd7e1973a6413f1cf08495c22aaab04ac97a496716f6338,We Are The People (Official UEFA EURO 2020 Song),NLM5S2101216
178,...Baby One More Time,Britney Spears,1999,https://www.youtube.com/watch?v=91Niv2q4gvc,21f6575099eda81555a4c6d50b804032231b81350c4098e78b88c97e71996f59,... Baby One More Time,USJI19810404
179,You're Beautiful,James Blunt,2005,https://www.youtube.com/watch?v=i0N4hmT0NLw,c2cbfbaf9350b30d338e39c86b81c0d077398423671fb92e905f6ccd4247d534,You're Beautiful,USAT20401588
180,Superheroes,The Script,2014,https://www.youtube.com/watch?v=tmbEePmIFkI,4f89e8094332e2352b2b7497522d075845c6fd2d9b3a6bd1af5583ef4b3d566e,Superheroes,GBARL1400978
181,We Are Young (feat. Janelle Monáe),fun.,2012,https://www.youtube.com/watch?v=f_K_0SNaRk0,5aaa7bfacc9f6c44b8bbd55e6f74368afd3e2d2bdf2bbccf8aa35d340557d259,We Are Young (feat. Janelle Monáe),USAT21101399
182,Jojo Action,Mr. President,1997,https://www.youtube.com/watch?v=5aKXeGNUSJs,aee06ff1537160ea911262926b6af6049c887c4cb0bc1a802c4019808bb2db49,JoJo Action,DEA629761810
183,Ayo Technology,Milow,2009,https://www.youtube.com/watch?v=DE9IchvpOPk,f0b7fd7d37d233cbe27eeb07fdc2d0dc9b17712d72a02ffae3e9334216deaed7,Milow - Ayo Technology (Official Music Video),BEA890800003
184,Shut Up and Dance,WALK THE MOON,2014,https://www.youtube.com/watch?v=nbcCG7PkI18,a39830e2981666fd09ca290e07a7169e41b41c497d18cbc99503e14dd1d4e765,WALK THE MOON - Shut Up and Dance (Audio),USRC11401949
185,Achy Breaky Heart,Billy Ray Cyrus,1992,https://www.youtube.com/watch?v=vDjbZVawd68,51f288bd7bc57c1054a0458d70d801359ebcee14903c4b453b9c6eb4fdf6e65e,Achy Breaky Heart,USPG19290113
186,Ein Herz kann man nicht reparieren,Udo Lindenberg,1991,https://www.youtube.com/watch?v=DZgTN-yjVyg,335f716b608068572375731265c5eef14d00e7284304e480005633b5c8d803df,Ein Herz kann man nicht reparieren,DEF069015020
187,Bleeding Love,Leona Lewis,2007,https://www.youtube.com/watch?v=CFJtRiKgLhE,c555129228970bcf68533382d1e12f085f608c4da9c5cdd78c0027d857d06312,Bleeding Love,GBHMU0700049
188,Soak Up The Sun,Sheryl Crow,2002,https://youtu.be/ynTRWe3J9UM?t=15,4e12482f0eb2a2db41eedfc3c422cb156cbe034048612eb70d33daeec7bc2a7f,Soak Up The Sun,USAM10200092
189,Mandy,Barry Manilow,1974,https://www.youtube.com/watch?v=AvGpvQbkccE,a4d6968667b9c6c2f978522d6136da0075cf432ad79ea2696f78190b1652f980,Barry Manilow - Mandy (Audio),USAR17400164
190,Ich bin verliebt in die Liebe,Chris Roberts,1970,https://www.youtube.com/watch?v=JsRgDkWdSJk,16818a402568a46c778ada7f78937511da3662f49140d61d07bd7df31f73893c,Ich bin verliebt in die Liebe,DEF067004940
191,Un-Break My Heart,Toni Braxton,1996,https://www.youtube.com/watch?v=O596XpES1rI,9f38aa5a6e7b8d7e03399740ce371c44576953a09b8d5a53a5945c08240b544a,Un-Break My Heart,USLF29600015
192,Die Da!?!,Die Fantastischen Vier,1992,https://www.youtube.com/watch?v=I72Np50zTWk,abbc49deed36327d579b557c538e6cd3525e6b81d6cb50552fa196af84fa47d8,Die Da!?!,DEE869200228
193,Story of My Life,One Direction,2013,https://www.youtube.com/watch?v=8M3Vlnu_i3c,a74ac7b46e9a62738174f1cfb4d1b1df0e8525f7d61afe4615e3cd3f79525ed1,Story of My Life,GBHMU1300210
194,Rockabye (feat. Sean Paul & Anne-Marie),Clean Bandit,2016,https://www.youtube.com/watch?v=TOi1Ipwv5Qc,26994f0590dd0bdf3ccc6587eabbd5ad50779ee6030610da138c4c69c568efc1,Rockabye (feat. Sean Paul & Anne-Marie),GBAHS1600363
195,Hips Don't Lie (feat. Wyclef Jean),Shakira,2005,https://www.youtube.com/watch?v=nOj6d-HOw2w,f5f4f57fc918815f33e8cc618fc63cfcf854eb957cf96ff4f78c42eb67d26f6d,Hips Don't Lie,USSM10600677
196,Drive By,Train,2012,https://www.youtube.com/watch?v=ct1SIHfjzvM,23f807781d796df88c4227689eabebc720be70fe23fd20f6a70313fc8db7cd66,Drive By,USSM11106876
197,Free Like the Wind,Alexander,2003,https://www.youtube.com/watch?v=9c2zl-wcIRE,7593634732d2d7240d0ec7f0d2d562e431d536a5214cfc9a64639fd126fa664f,Free Like the Wind,DEC730300413
198,King,Olly Alexander (Years & Years),2015,https://www.youtube.com/watch?v=_3M9w7WwyXU,99eecd2559be754c9503b10858f3a7f425f0ee0d06872ccaba132fc533418938,King,GBUM71406892
199,Verliebte Jungs,Purple Schulz,1985,https://www.youtube.com/watch?v=6alEBnBGdOo,39b186bd2dad582d975aeac87a5b95a44da849cd65e71b46f385636af7ef5540,Verliebte Jungs,DEA348500348
200,"Monday, Monday",The Mamas & The Papas,1966,https://www.youtube.com/watch?v=sWGh92O9kxU,abdbffc2488bb5ec60289a5e4c93b84895fee72ad345632ad4c377453d7b5500,"Monday, Monday",USMC16546367
201,"Bronze, Silber und Gold",Wolfgang Petry,1995,https://www.youtube.com/watch?v=dE2PsCKoZSo,c5d2fa933239dafac7f7f69ec159e0af331c31ed4a1794e2f9c1d9585a7aae2f,"Bronze, Silber und Gold (2021 Remastered)",DEC739500448
202,Walk Like an Egyptian,The Bangles,1986,https://www.youtube.com/watch?v=cFGCu5hnLyA,3d70147f01d007fa8059675dd70c82f4d13c836baf93ae0c4be296b9983c6b7f,Walk Like an Egyptian,USSM18500592
203,It Ain't Me (with Selena Gomez),Kygo,2017,https://www.youtube.com/watch?v=OK848_DSj6k,b6767dc38e76784534379d7457f28d5bf161544858faa25993a4340ed11991ce,It Ain't Me,SEBGA1700015
204,I Promised Myself,Nick Kamen,1990,https://www.youtube.com/watch?v=hq4ZF1b5lHA,f2a198dba1ab9e15503c444b97a99f53284377346c07e81f7e10c0253ac56646,I Promised Myself,GBAHT1400334
205,She's Like the Wind (feat. Wendy Fraser),Patrick Swayze,1987,https://www.youtube.com/watch?v=45V-ai4htd8,ee5d516a1b2e5040651ccaa56cd3e6e2845827712ab709f86369f95698d56b02,"She's Like the Wind (From ""Dirty Dancing"" Soundtrack)",USBMG0100040
206,Ich werde lächeln wenn Du gehst,Andrea Berg,2016,https://www.youtube.com/watch?v=vAJme94IBBg,faad2b2ea81115492277e73b8dce5c7a69a6b701d0c9ae1a0f47ff3bce67977f,Ich werde lächeln wenn Du gehst,DEUQ71600001
207,Geh nicht vorbei,Christian Anders,1968,https://www.youtube.com/watch?v=AVYW7l2D9EE,e9aca2dbb5bb5266080ed82126431abdca345f9359da29c53608084f328fe186,Geh' nicht vorbei,DEA346900153
208,Spice Up Your Life,Spice Girls,1997,https://www.youtube.com/watch?v=NG2i4d8xOMo,8f092b8446090a5ffc38e178e9eb51803f3a1703fdc3173f80f69d6345b240ff,Spice Up Your Life,GBAAA9710052
209,Strong Enough,Cher,1998,https://www.youtube.com/watch?v=ZhmLYsxhWUk,a49b9d410fe9cf105d823774b804903e8996f9d46e1794155a48d003874103a4,Strong Enough,GBAHT9803037
210,I Get Around (Mono),The Beach Boys,1964,https://www.youtube.com/watch?v=BchXkabxn4A,de1bd65b1067c6aa053d9f4e03a80b6292ef4fa8d1cdb768e6da229720cc3b8b,I Get Around (Remastered 2001),USCA21202039
211,Scatman (ski-ba-bop-ba-dop-bop),Scatman John,1995,https://www.youtube.com/watch?v=Eht9W25tDZo,782f22089e61afd550e744c7394f1686e050db06af345940e50d8ec11e958f67,Scatman (ski-ba-bop-ba-dop-bop),DKELA9610005
212,Runaway Train,Soul Asylum,1993,https://www.youtube.com/watch?v=ooutlWLE0js,433b500a4b68fcb3c7103661e6ca83ecc1b49b9b020d3b94359e7ef7fa0dab0c,Runaway Train,USSM19200612
213,Beautiful Day,U2,2000,https://www.youtube.com/watch?v=rIKTwELuCLw,167a5a546fcdcf3309914de4b3af399d9d1504981560eec43d5a6d28e30ae712,Beautiful Day,GBAAN0000196
214,Summer Love,Mark Medlock,2008,https://www.youtube.com/watch?v=hxnPBeZAg30,282c19e9a77148d14223cd7f2a6e44b8c564199469711d29f2bddf4ce4cc69ad,Summer Love,DEE860800263
215,White Flag,Dido,2003,https://www.youtube.com/watch?v=jRqhGC5vgC0,d7ec0715c08ec42e8bee8e9a1c4ff8cffc78ed3a7afa512bfe3dd6adb62d6c93,White Flag,GBBXH0300035
216,Flames Of Love,Fancy,1988,https://www.youtube.com/watch?v=7MRWnFCmCt0,5a0941ec0a2308514f3520703189ff1e531a251d5c1c784b4061b9fd75a8c7ae,Flames Of Love,DEP551911248
217,Like a Prayer,Madonna,1989,https://www.youtube.com/watch?v=b_rIk8yKDGI,88496c507301227fe8aeb132a6ed3128068d853cdb2b748180f41a6af7c8ebcb,Like a Prayer,USWB10002775
218,It's My Life,DJ BoBo,1996,https://www.youtube.com/watch?v=WEQLaMXrgnQ,eb59ae81abe9107daeb64660cbb3bd621522ef606b6d538a6ec8207505d7b43e,DJ Bobo - It's My Life (Official Audio),DEMI69600004
219,A Neverending Dream,X-Perience,1996,https://www.youtube.com/watch?v=8tvqlU4-PV4,50cebf46201741d6d9324675596ab14e293daf6a84760a259c531e7bc09f41f9,A Neverending Dream,DEA629663339
220,I Was Made For Lovin' You,KISS,1979,https://www.youtube.com/watch?v=12fJAnaif34,01f754bfc7ef81800fda39574bf76a9b84951a45e298762db2d98c31e597c341,I Was Made For Lovin' You,USPR39330175
221,Caravan Of Love,The Housemartins,1986,https://www.youtube.com/watch?v=At_ykyi1ad8,96fd00ad8a6a8bc9ee8103b5173358b43a6540b7d9f6a7d69dcd22f940894c9d,Caravan Of Love,GBF080080423
222,Rolling in the Deep,Adele,2010,https://www.youtube.com/watch?v=bDtjO-R0QSo,ad802be667c9698770fd38661fc711edeebcb42cfdce996974d3eca0641bd88e,Adele - Rolling In The Deep,GBBKS1000335
223,Song of Joy - Himno a la alegría,Miguel Ríos,1970,https://www.youtube.com/watch?v=WPz7efM0Es4,e03af41e3458ff198e9536e854b40d91d575a2efe9ed63e7478707efcf86f082,Miguel Ríos - Himno de la alegría (Audio Oficial),ES5151401396
224,Life,Haddaway,1993,https://www.youtube.com/watch?v=jF5vUrJFp5Q,3da067d9346f39492e89447e6824995e811590bbfa48fb6c50265a86fae9dccd,Life (Radio Edit),DEA410500403
225,Beautiful,Christina Aguilera,2002,https://www.youtube.com/watch?v=f1zLSpzCh9E,4b0d1f6922d41b3847511f3255fde1277e64f6280e2da05e6eaef78d38f99dd9,Beautiful,USRC10201067
226,Ship of Fools,Erasure,1988,https://www.youtube.com/watch?v=Kq5AYt2xbho,ca8367b684912f32b3cc04e5ef751a649f08fb004e8bce6f19bd1ab3fc945b0e,Ship of Fools (2009 Remaster),GBAJH0900812
227,"Take Me Home, Country Roads",John Denver,1971,https://www.youtube.com/watch?v=1vrEljMfXYo,12189980b5cb3892ddc58dd9f99429d1f43e82bf0a901c7259e2a3c3a0e21b32,"John Denver - Take Me Home, Country Roads (Official Audio)",USRC11100481
228,Rock the Boat,Hues Corporation,1973,https://www.youtube.com/watch?v=_SU__KLiPCc,19f60599faa60119e34e84ca3acc6bffbe434abe95d159efc186b5258059b543,Rock the Boat,USRC17308512
229,Geronimo,Sheppard,2014,https://www.youtube.com/watch?v=OCLgRVRLZXo,d304bdcada9c460e68c35579ace7dd57065d497c1a9f6922a5de114c93ab8cf3,Geronimo,AUIYA1400002
230,Aquarius/Let The Sunshine In,The 5th Dimension,1969,https://www.youtube.com/watch?v=VlrQ-bOzpkQ,45cd29115c4d5a23ef0a5b95e4a7926bac8ae1ccd488c9f0f8412132f50443bd,The 5th Dimension - Aquarius / Let the Sunshine In (The Flesh Failures) (Audio),USAR10001747
231,An Angel,The Kelly Family,1994,https://www.youtube.com/watch?v=Sfepfm_gi2Y,c018c2c9a658d8554abb21176b03700d6a1f622ec96962b420a2f8ac61a16af2,The Kelly Family - An Angel,DEC649500267
232,Break Your Heart,Taio Cruz,2009,https://www.youtube.com/watch?v=ddgcdagdbwI,9387f31886983c40e7a374b5f528d75fe5854d302433fbbaf522db6ef0a90a49,Break Your Heart,GBUM71003723
233,Bodo mit dem Bagger,Mike Krüger,1983,https://www.youtube.com/watch?v=iYdsvh_knsY,13caae5319c90a5b7955a19e2982d9e02a2ad2680f19def20aaec0d250a883b3,Mike Krüger  Bodo mit dem Bagger,DEEG22198431
234,A Thousand Miles,Vanessa Carlton,2002,https://www.youtube.com/watch?v=z04o40nPQMU,b0ac93b436bc7e17ab2125ea53f884a5bec14f3551bcc9e44e8ea09e790c75f4,Vanessa Carlton - A Thousand Miles (Lyrics),USIR10210955
235,Girls Just Want to Have Fun,Cyndi Lauper,1983,https://www.youtube.com/watch?v=jRr5EasAq84,6dad2d1de5ec43081c5c6b7a88eb68fbfa2402b3bee85a8cd9e11826eaeaf162,Girls Just Want to Have Fun,USSM18300548
236,Nur in meinem Kopf,Andreas Bourani,2011,https://www.youtube.com/watch?v=Bb38E6TcpL8,6b7cd8d04c940b7d799a90e7265161caa1082f51ac308431cf7abb5df7f32847,Andreas Bourani - Nur in meinen Kopf lyrics (songtext),DEUM71100995
237,Total Eclipse of the Heart,Bonnie Tyler,1983,https://www.youtube.com/watch?v=LSYGIljR6sQ,6de5008187633d3b2a16de0941dff0c97776bd66cd5f152bd910f71e15fa6e12,Bonnie Tyler - Turn Around (Total Eclipse Of The Heart Official Audio),GBBBN8300002
238,"Yes Sir, I Can Boogie",Baccara,1977,https://www.youtube.com/watch?v=dTvXBAKm_5I,3fa9bb715748872021b2a5e17423725853d6790c35d718f68cd7c470f8274d6c,"Baccara - Yes Sir, I Can Boogie (Musikladen 21.05.1977)",DEC760000065
239,Livin' la Vida Loca,Ricky Martin,1999,https://www.youtube.com/watch?v=CN5hQOI__10,7e59f1345d402ee057a04c6a9229e8d0eea234b06d7daca1b10ff8956a7b2e42,Ricky Martin - Livin' La Vida Loca (audio),NLB639920005
240,Yellow River,Christie,1970,https://www.youtube.com/watch?v=qJ5-FoiBuVc,d2804ab5c96fed04500c05d5d2142309bc3f81011157742a8a7c676732f0e231,Christie: Yellow River,GBBBN7000002
241,Mr. Vain,Culture Beat,1993,https://www.youtube.com/watch?v=VAmq5-wcLHE,66f01088a5ee4c7b5dff70303aff4b45174511c94aae748d827f52a830a6a092,Mr. Vain (Original Radio Edit),DEPT99300133
242,Amoi seg' ma uns wieder,Andreas Gabalier,2008,https://www.youtube.com/watch?v=HQZW9GLgTVg,aa876e74de4a49e0065d95a5ed962af82aaa2c6c92873467bcdd7753611d069d,Amoi seg' ma uns wieder,DEUM70902152
243,The Power Of Love,Huey Lewis & The News,1985,https://www.youtube.com/watch?v=-UQFBtHEFJ8,aa25aa160eb4578ecfe4f36d40f54d6b607253b2e7f0b62e116dc231309cc047,The Power Of Love- Huey Lewis And The News,USCA20600519
244,Music Is The Key,Sarah Connor,2003,https://www.youtube.com/watch?v=5EmNiiAutno,1c672f776eed930dcfff9e9b09b4991abae5aed4cbca4a6fe78541b292e388bb,Sarah Connor - Music Is The Key (Official Video) ft. Naturally 7,DEE860300940
245,Be My Baby,The Ronettes,1963,https://www.youtube.com/watch?v=jSPpbOGnFgk,934af49bdf526af482b67da2d88b6ffc8fec598ad15cb7e11cad97ef36cd42e5,The Ronettes - Be My Baby (Official Audio),USQX91100088
246,I'm Yours,Jason Mraz,2008,https://www.youtube.com/watch?v=hxTopOuj01k,307b2b36c91593f01463e74d8593d4b217877c95d62f341909d5d4a8aec4ff23,"JASON MRAZ - I'm Yours (Lyrics Video) ""Well open up your mind and see like me""",USEE10800667
247,Magia,Alvaro Soler,2021,https://www.youtube.com/watch?v=Irwea_BVBhI,d2450ce7648a33b05d69f8310e39121c43e3cb07489511cd2c87afac059e36e6,Alvaro Soler - Magia,DEUM72100298
248,Mrs. Robinson,Simon & Garfunkel,1968,https://www.youtube.com/watch?v=9C1BCAgu2I8,908ffb217f2c2b98d1a2f1d45d338f0a352c5786b8284848a90964af8a080ddb,Simon & Garfunkel - Mrs. Robinson (Audio),USSM16800379
249,Forever in Love,Sylver,2001,https://www.youtube.com/watch?v=Ue2KkI3DLhU,457438a08b908ec1a118774592ef5bade2626c6678fc77933538424d7359d90f,Forever in Love,BEAA10114101
250,Another Day in Paradise,Phil Collins,1989,https://www.youtube.com/watch?v=eaFlJQGtBeM,b6b387d955083e3128655438bfc65ad4c38d45d9f126d90baa74272b1cdd303b,Phil Collins - Another Day In Paradise [Audio HQ] HD,USRH11602150
251,Désenchantée,Kate Ryan,2002,https://www.youtube.com/watch?v=NDhSXVTs068,711271351a6b7a7c32715327d13f360d815fa1270850d4e2941ced9fcfbb5ffd,Désenchantée (Radio Edit),BEC010100040
252,Never Gonna Give You Up,Rick Astley,1987,https://www.youtube.com/watch?v=dQw4w9WgXcQ,efa0cf5d3eb7dc217cb21290b1ab6b6ba1e5a4d4c673a3da861ee76ec4c35079,Rick Astley - Never Gonna Give You Up (Official Video) (4K Remaster),GBARL9300135
253,Trustfall,P!nk,2023,https://www.youtube.com/watch?v=BKR3vn9kKKA,913c890f9f55727f7d46be43b1b4ebb9f96986c687cbaed3c3be18a304c1580e,P!NK - TRUSTFALL (Lyrics),USRC12204190
254,Never Going Home,Kungs,2021,https://www.youtube.com/watch?v=fVkWwJl1h9M,11f8301bc4ec6eb63126adcfee8ae336d23eba17fe409982ae704e216cbebabe,Kungs - Never Going Home (Lyrics),FR9W12110749
255,Smoke On The Water,Deep Purple,1973,https://www.youtube.com/watch?v=1L3XxUxEb6U,09a96664961912f4f928bc62d9f290c43353f08df7c7529e7982254e907b200b,Smoke On The Water (Remastered 2012),GBDXG1200006
256,Engel wie du,Juliane Werding,1994,https://www.youtube.com/watch?v=ovHFQP7VuYY,002b17deddd179f82b0dca6e216439057698e8e51a9ada625a2a5e76bc344fe0,Maggie Reilly / Juliane Werding / Victor Lazlo - Engel wie Du (Official Musik Video),DEA629451550
257,Promises (with Sam Smith),Calvin Harris,2018,https://www.youtube.com/watch?v=-imUq8WysSc,308237122ae890d8489242547c2e080d254cb8c35f37d4a617e2c291831dac82,Calvin Harris & Sam Smith & Jessie Reyez - Promises (Audio) (2018),GBARL1801049
258,Stay,Bonnie Bianco,1984,https://www.youtube.com/watch?v=OGaOZqq_RZc,4058a5cd6b378c9b25360f1910ed00ea6e6a7572ba8fd2f01aff6041db1ea55f,Bonnie Bianco & Pierre Cosso - Stay,DEA370801465
259,Human,The Killers,2008,https://www.youtube.com/watch?v=PODjfdNOIEo,9f37c3d3a83acf554f6d3658c01e624a196a51fb193a365966b6efb55f3b4c6e,The Killers - Human,USUM70837367
260,"Nur ein Kuss, Maddalena",Michael Holm,1974,https://www.youtube.com/watch?v=pJQmn1lUFq4,afda9cf5b210701e17da46eef4d65e8329f8087e4aeec456c5a01e9ce8cdf3cf,"Nur ein Kuss, Maddalena",DEA817400018
261,Ich will 'nen Cowboy als Mann,Gitte Hænning,1963,https://www.youtube.com/watch?v=zOcyefACvws,ed26f10e8059ba63c846c7f841d3c9c1a195ce7a4836eaa65291b820ca9ff95f,Ich will 'nen Cowboy als Mann,DEA340400443
262,Im Himmel geht es weiter,Matthias Reim,1994,https://www.youtube.com/watch?v=nD3KfyT4xAA,b7573b42fe49a8ede406cb1372033a6e2b4c47f57a4f5a3c38e91ff0e8833d55,Im Himmel geht es weiter,DEA811600164
263,Dream Of You,Schiller,2001,https://www.youtube.com/watch?v=kWhZV0mdm1Y,95edacae8a7ee1fa2b725604a82a0546c5f55aacc8594400de5838f6d42081d8,Schiller mit Heppner - Dream Of You,DEN120101152
264,From Paris to Berlin,Infernal,2004,https://www.youtube.com/watch?v=THt5u-i2d9k,e9b0d1073e2b9b34545638c1ff137bfbb138f382c7ee0c9971aefce9e3e4120f,INFERNAL - From Paris to Berlin,DKCC50400404
265,The Final Countdown,Europe,1986,https://www.youtube.com/watch?v=NNiTxUEnmKI,a28fe7a339c409189a6ad96a3883f496280566fcb02d97355f6c9dd0869de2a4,The Final Countdown,USSM18600196
266,Viva La Vida,Coldplay,2008,https://www.youtube.com/watch?v=y4zdDXPYo0I,c51e4323985c8a3d56c48972067a11b3591873ce7ddbd3c9b053d0dff76badba,Coldplay - Viva la Vida (Lyrics),GBAYE0800265
267,Sie liebt den DJ - 2004,Michael Wendler,2004,https://www.youtube.com/watch?v=wTv-DBtKLec,2652ead4d8d05f2a6979fc9cf40288fa6a64cbc501343049df9b691009093b04,Sie liebt den DJ (2004),DEA810701151
268,Head & Heart (feat. MNEK),Joel Corry,2020,https://www.youtube.com/watch?v=CRuOOxF-ENQ,803b7f8dade1908a278d67572ddf81dbf27fda4c5df79e2bc1a203fe47bc9b41,Joel Corry x MNEK - Head & Heart [Official Video],UK4ZF2000305
269,Never Ending Song Of Love,The New Seekers,1971,https://www.youtube.com/watch?v=ChopL-5R9fo,17c578280598a7258ce0e8e0e8530d3c535418c619737acf4a1d1428fadeecdf,Never ending song of love ~ New Seekers,NLF057190044
270,You Are The Sunshine Of My Life,Stevie Wonder,1972,https://www.youtube.com/watch?v=sp6hzycBsTI,192b150e23de3b4c9175c2b2cfff8d59cac5fbb63c96911bc3488cf0b0c26915,You Are The Sunshine Of My Life,USMO17282852
271,When Love Takes Over (feat. Kelly Rowland),David Guetta,2009,https://www.youtube.com/watch?v=X-OSOtL401o,37ea92b799426de482181a40858ea7ce74174b3371cc37fd312deec2722ea461,David Guetta & Kelly Rowland - When Love Takes Over (Lyrics),FRZID0900200
272,Jump,Van Halen,1984,https://www.youtube.com/watch?v=bq-potK_7Ts,ec4f5d8a874ca73efaeaf7101634668a98c39393167dcc67e4fc83bd1af3368a,Van Halen - Jump,USWB18300001
273,Marleen,Marianne Rosenberg,1976,https://www.youtube.com/watch?v=kiyvIm2RPCU,23b0969920408dbbaa1deabe002f938c8f73ad9f875901c56f5c4086d476149d,Marianne Rosenberg - Marleen (HQ),DEC737600016
274,"You're The First, The Last, My Everything",Barry White,1974,https://www.youtube.com/watch?v=E7zmRvhFEYo,3303b0bfce1e69370892a0866ae31dcf55e79bdc4a7182c24c18b3025bfe14b8,"You're The First, The Last, My Everything",USPR37400001
275,Dich zu lieben,Roland Kaiser,1981,https://www.youtube.com/watch?v=fydXtBn5QZY,01c95a8c0eb56b034c43040668fcebbbba3a47c3143469ee34dbb845e9d331af,Dich Zu Lieben  -   Roland Kaiser 1985,DEC738100004
276,Because the Night,Patti Smith,1978,https://www.youtube.com/watch?v=c_BcivBprM0,98e3cb5fef0bb37e40ebc8528952900c01790d8ed0712faf94932b64fe24c941,Patti Smith Group - Because the Night (Audio),USAR17800008
277,This Is The Life,Amy Macdonald,2007,https://www.youtube.com/watch?v=iRYvuS9OxdA,db7e6cc2f37b99db9e73bdfa39a773d340c02bfbb8b86ed12be10767ff6af604,Amy Macdonald - This is the Life,GBUM70607840
278,Zwei kleine Italiener,Conny Froboess,1961,https://www.youtube.com/watch?v=ZUVVHZsatL8,40bb6aa7136317eda2965a0f3f62c4b1e0e2074b00a6f8c333a9e5e9a92c41c9,Zwei kleine Italiener,DEA349201332
279,I Will Survive,Gloria Gaynor,1978,https://www.youtube.com/watch?v=6dYWe1c3OyU,82fa45877ada17544d1618d24d68b23953e4dab42d11712dec13fac0db25f64f,Gloria Gaynor - I Will Survive,USPR37800083
280,YMCA,Village People,1978,https://www.youtube.com/watch?v=CS9OO0S5w2k,b6fe30247f0cbdc8718e5061efad75ea3482f73dae9454b8d683a0fd71fcee71,Village People - YMCA (OFFICIAL Music Video 1978),FR6V80878846
281,I Love to Love,Tina Charles,1976,https://www.youtube.com/watch?v=R7ZACK0vGDA,74520e48fbf527fa2754b658bd07aaa08782b9db2e100da813bb686aa283ffbc,Tina Charles - I Love to Love (Official Audio),GBBBN7500001
282,About Damn Time,Lizzo,2022,https://www.youtube.com/watch?v=tRQe3HjZEzw,66aa1e508954ee8f357cf158ce3a65db84cf9655762a3b8df3e585362fa28acd,About Damn Time,DEHK92104561
283,Was für eine geile Zeit,Ben Zucker,2017,https://www.youtube.com/watch?v=n8NYD5qHdBw,dfe5d168af7060528c3ddd8f96a51d31557c676d1510c15e288d9cfdb4a38f92,Ben Zucker - Was für eine geile Zeit (Offizielles Musikvideo),DEUM71723632
284,Silly Love Songs,Wings,1976,https://www.youtube.com/watch?v=ap87QgZKTNw,310790d0b0b1632a8ffa1c2433132902232ee246fd1150545a010ff6739f4af2,Wings - Silly Love Songs (Official Music Video),GBCCS1400019
285,Rude,MAGIC!,2013,https://www.youtube.com/watch?v=-qqCx5ZyscE,952447b36ca9ad85e71e732f3e50aee70123256a5fc46c0f36e25f53fb56a8b2,MAGIC! - Rude,CAV161300016
286,Sarà perché ti amo,Ricchi E Poveri,1981,https://www.youtube.com/watch?v=yqT3LQipGKQ,99abb3527ecf40c7c2a7c01fa029a02d461406d17be02b1c49076d0bb3b62963,Sarà perchè ti amo,USBI10000112
287,Not Fair,Lily Allen,2009,https://www.youtube.com/watch?v=6ezTZ8NUljA,2b6e0a484b58b2c6dbdc1971b8fa430ef8eece9dfdd36acae4104e2d40e30a6b,Lily Allen - Not Fair (Lyrics),GBAYE0802261
288,Moving on Up,M People,1999,https://www.youtube.com/watch?v=zkHOVJINRD8,2145eb36f4126ee336e4d533501cce49c0bf70f4abb683fee78d814d7e5252d9,M People - Moving on Up (Official Video),GBARL9300289
289,I Love Rock 'N Roll,Joan Jett & the Blackhearts,1981,https://www.youtube.com/watch?v=STG7w6h1IrM,44dd5df11918f841ea5e9b3e7f06f3cfaa489755ac3fe36a077199d0b3b43d49,Joan Jett - I Love Rock 'n' Roll (lyrics),USBH18100118
290,Wasted Love (feat. Lagique),Ofenbach,2021,https://www.youtube.com/watch?v=4fE8lGBEbUA,a52fbea786da09e14a4aefb508c15ce01b36996d3dfad43fec41bf37e39a534b,Ofenbach - Wasted love (lyric video) ft. Lagique,FR9W12028036
291,Save Your Tears,The Weeknd,2019,https://www.youtube.com/watch?v=3o4ug07qJBI,52ea7d474bf93bd999a8025c7240ce0ece4d032a62de30b3c12bbbf45f2d3251,The Weeknd - Save Your Tears (Lyrics),USUG12000658
292,Arcade,Duncan Laurence,2019,https://www.youtube.com/watch?v=Qau6mObfSGM,94e38d7337ad2702b80746eca441d63fe21a00e8d63383fc16a06dc8fb770812,Duncan Laurence - Arcade,NL1TK1900001
293,Stay,Hurts,2010,https://www.youtube.com/watch?v=2t5JbPU1Vy4,431ca02259cf97f91bc317115dd430879e389810d9f872dde3bf3fbb55c42db3,Hurts - Stay + lyrics,GBARL1000784
294,Candy,Robbie Williams,2012,https://www.youtube.com/watch?v=5T_6-TTUaNs,b3a6400fd62d2d9b23eb032b89b12aab2a6c46db2bc0ec5e0b202c8d28821f39,Robbie Williams - Candy (Lyrics) Hey ho here she goes Either a little too high,GBPS61200003
295,Na Na Hey Hey Kiss Him Goodbye,Steam,1969,https://www.youtube.com/watch?v=FRlTjErEDPQ,a44cd5663d6408c86899f851f276b9f9bef58c08666e6a3264cbca511b3e55e2,Na Na Hey Hey Kiss Him Goodbye,USPR37080068
296,Gib mir Sonne,Rosenstolz,2008,https://www.youtube.com/watch?v=xlEJttAGxik,6adc32b633e77a8a70ff79c51ce6fdeaddebf5c02178bcfe96eab46d2edfb67c,Rosenstolz gib mir Sonne Lyrics,DEUM70804365
297,You Sexy Thing,Hot Chocolate,1975,https://www.youtube.com/watch?v=iD4ympXPrWs,81dc557e3d6e9643fff65bc5a67b4854f88611d8c54672f64c35f02575085692,You Sexy Thing,GBAYE0900553
298,The Tide Is High,Blondie,1980,https://www.youtube.com/watch?v=BQU2SY_D31M,fddc441653c124b5cd35e9c6ec4149970f36c4ae746887e77512c7d61f9b7af8,The Tide Is High,USCH38900009
299,Bring Me To Life,Evanescence,2003,https://www.youtube.com/watch?v=UVob6MQQRqk,4b9fe33417eb91dc34d8dbc8c7dbffc955a9261b663657f607449eb88b79e8e5,Evanescence - Bring Me To Life (lyrics),USWU30200093
300,Dolce Vita,Ryan Paris,1983,https://www.youtube.com/watch?v=1BYCeQeuTxE,c96a6b3f525ceeff83bff59b313db471ab75c07e43f4df7e5681f81cb7dd6921,Ryan Paris - Dolce Vita [Audio HD],DEA310904718
301,Sucker,Jonas Brothers,2019,https://www.youtube.com/watch?v=tdKmewyZPXE,ce8a5b42283785fa9c55ae6975e180de8dc4b676810c806c399e541494edd909,Jonas Brothers - Sucker (Lyrics),USUG11900515
302,Chirpy Chirpy Cheep Cheep,Middle Of The Road,1971,https://www.youtube.com/watch?v=rbHOornfq-s,353bcde45891e33bc9e194d391202a028b277ffa707b193c69b13188f78b1e62,Chirpy Chirpy Cheep Cheep,ITB007000563
303,Strangers In The Night,Frank Sinatra,1966,https://www.youtube.com/watch?v=BTOeRwIUnG0,b3d2173db28a1b63912434a443ea13383812fdac01b19c3bc9aec893c31db3b7,Strangers In The Night,USRH10800935
304,We Don't Talk Anymore,Cliff Richard,1979,https://www.youtube.com/watch?v=uRMFS_Qvi_U,6bc4434f98f7665592f6dac65e845c6542b173750f392656354609c89c82478f,We Don't Talk Anymore (1987 Remaster),GBAYE0100642
305,Rosamunde,Dennie Christian,1974,https://www.youtube.com/watch?v=FvoB8Prt9bI,cfc857a9fd5f85c3d189d4ba50f938cdcc75729cf8ca6a04d8c8f06cdfca6fea,Dennie Christian - Rosamunde,NLE871420705
306,How Deep Is Your Love,Bee Gees,1977,https://www.youtube.com/watch?v=o51p5IRJ5Tc,543064f144c62657d040d088cf3db7b2a5f1c447a353e3b7441db7620452a093,How Deep Is Your Love,GBAKW7701005
307,Long Train Runnin',The Doobie Brothers,1973,https://www.youtube.com/watch?v=CVsLEI-hCXw,af70b07c0528a0becc7b37cfd513a2b84db2ab9a2362eea3c7bd119d3b4a0fe4,Long Train Runnin',USWB19900751
308,Whistle,Flo Rida,2012,https://www.youtube.com/watch?v=mRaffkti2us,6556bf47f8e7ec8430afc4cdfcec86c211d4ecd4a4f7497484553039930ac79d,Flo Rida - Whistle [Oficial Audio HD],USAT21201745
1,Sie war erst siebzehn (und neu in der Stadt),Frank Farian,1979,https://www.youtube.com/watch?v=qw7KJ6fwxyQ,0e6ec9b02d302b8ebf28e0f6cf865743885571b323977b95ca061637c41bea5a,Frank Farian - Sie war erst siebzehn (und neu in der Stadt),DEC739700347
2,Some Nights,fun.,2012,https://www.youtube.com/watch?v=qQkBeOisNM0,b5c5120d35e96d0c9f04b169e3ba750a9d4cae198fea3651da3c7d25f3051653,Fun.: Some Nights [OFFICIAL VIDEO],USAT21104050
3,Daylight in Your Eyes (Radio Version),No Angels,2001,https://www.youtube.com/watch?v=L75D2i7wkdE,6f2b6609f2df4b5239c9bfd44200974ee385ac191e9ff137e5e5cb4073e5165b,No Angels - Daylight In Your Eyes (Official Video),DEN120003772
4,Smooth Operator - Single Version,Sade,1984,https://www.youtube.com/watch?v=4TYv2PhG89A,2db09739d94e3705c9d6ff781ccb9f06942beffdd683eaa7811956d0111a84f6,Sade - Smooth Operator - Official - 1984,GBBBM8400016
5,Stimme,EFF,2015,https://www.youtube.com/watch?v=QRs33vbhyvA,c8cab6f1acbe9b01427d31b688459f97ed3715f66ac452f4fefa192b28dda212,EFF - Stimme (Official Video),DEUM71503772
6,Taschenrechner - 2009 Remaster,Kraftwerk,1981,https://www.youtube.com/watch?v=nsNy_P4_9rw,5b38fdfa882bc5bcffb19a8c638f4a8ca2f277407e2f5cbd59bb9ab29c97ae9f,Taschenrechner (2009 Remaster),DEC610900221
7,Cheri Cheri Lady,Modern Talking,1985,https://www.youtube.com/watch?v=eNvUS-6PTbs,9a131679b838020f3c5c5ee20bb8b79447864167a2c53ed99b20e3a70c39d800,Modern Talking - Cheri Cheri Lady (Official Video),DEC738500001
8,Beggin (original version),Madcon,2007,https://www.youtube.com/watch?v=zrFI2gJSuwA,67d760ab2ec1480227b211691bf8bdb5b2cbeb1788ce32add89403c1be7f8469,Madcon - Beggin,NOBLV0703011
9,Bohemian Like You,The Dandy Warhols,2000,https://www.youtube.com/watch?v=CU3mc0yvRNk,ef513d631807c8a13664281019106646b9f3b8b4f71169ef9fb5753f382db2fe,The Dandy Warhols - Bohemian Like You,USCA20000241
10,An Tagen wie diesen,Fettes Brot,2005,https://www.youtube.com/watch?v=fbChSuSQIo4,b2cbcaee3c7e0135bd452aeb7dfa5a60f9babe2e8ea62f731e2280a747ec6cea,Fettes Brot - An Tagen wie diesen (Official),DEAH90500008
11,If You Tolerate This Your Children Will Be Next,Manic Street Preachers,1998,https://www.youtube.com/watch?v=cX8szNPgrEs,f8e265bb8ea2c68a570c897fdb57a237a30f68529a1c6fbe5f7b8ec79145aa3a,Manic Street Preachers - If You Tolerate This Your Children Will Be Next (Offici,GBBBM9802044
12,abcdefu,GAYLE,2021,https://www.youtube.com/watch?v=NaFd8ucHLuo,3973e299ee35226af278a4e9cddd9c82b4de3a36f6073bbd703757fe3f8e8edd,GAYLE - abcdefu (Official Music Video),USAT22103652
13,Happier,Marshmello,2018,https://www.youtube.com/watch?v=m7Bc3pLyij0,cc001c1797584aa42729d5386181b3511004ea62914099452b0c6ae631bad2d7,Marshmello ft. Bastille - Happier (Official Music Video),USUG11801651
14,Unstoppable,Sia,2016,https://www.youtube.com/watch?v=YaEG2aWJnZ8,b85133143923691bdc9f29bf37cb4877de493f92ed22c0d14c7d918d3e4e993e,Sia - Unstoppable (Official Video - Live from the Nostalgic For The Present Tour,USRC11502934
15,Walkin' On The Sun,Smash Mouth,1997,https://www.youtube.com/watch?v=LQj--Kjn0z8,7f59200856922462181e145d842791ab6319b70e0a1f4894ec21bc284111854c,Smash Mouth - Walkin' On The Sun,USIR19701434
16,Te Felicito,Shakira,2022,https://www.youtube.com/watch?v=4I25nV9hXGA,d8dab58468ec9f99bd477986f2b953fde8dc575ca9a8402747928e2d0b0b30b5,Shakira; Rauw Alejandro - Te Felicito (Official Video),USQX92201764
17,Verpiss dich,Tic Tac Toe,1996,https://www.youtube.com/watch?v=8rhLnlNJJ5g,1374fb5e1be7cec6737fec7ecf087c30cb68a750d9e4bc287593da3dd7363803,Tic Tac Toe - Verpiss Dich (Official HD Video 1996),DEAF71252043
18,Flugzeuge im Bauch - Radio Mix,Oli. P,1998,https://www.youtube.com/watch?v=gTg3TIAmFUk,71f6e8dfa584ec269df0ce59305e708c284d7cb75bd27f55f91e3a8b6ae9f0e2,Oli.P - Flugzeuge im Bauch (Official Video) (VOD),DEC739800523
19,Locked out of Heaven,Bruno Mars,2012,https://www.youtube.com/watch?v=e-fA-gBCkj0,729fc497f9b7dba76ef7804e94cbc1143a410dae0eab39c1b86c27d563bdd9d3,Bruno Mars - Locked Out Of Heaven (Official Music Video),USAT21203287
20,Stronger (What Doesn't Kill You),Kelly Clarkson,2011,https://www.youtube.com/watch?v=Xn676-fLq7I,dbad6fff63a9a6c1452347161cda36ecab14a8b54d6f72afb453587c2c57da0b,Kelly Clarkson - Stronger (What Doesn't Kill You) [Official Video],GBCTA1100364
21,My Immortal,Evanescence,2003,https://www.youtube.com/watch?v=5anLPw0Efmo,c8140a7cf3312d29d76c25a276db8d4aa00a6abdb97cdf8b43deda4efdfcfa0b,Evanescence - My Immortal (Official HD Music Video),USWU30200104
22,Give Me Everything (feat. Nayer),Pitbull,2011,https://www.youtube.com/watch?v=EPo5wWmKEaI,4eaf055ef1c522aae68998a80e0812d57f9d67281037547bbe7f7a285e6a3c5a,Pitbull - Give Me Everything ft. Ne-Yo; Afrojack; Nayer,USJAY1100032
23,Alright,Supergrass,1995,https://www.youtube.com/watch?v=qUE4oDunYkc,0688476381e85636b5cb9da2463a914c5a927efe6675d7dd15875004065d3753,Supergrass - Alright (Official HD Video),GBAYE9500044
24,Troublemaker (feat. Flo Rida),Olly Murs,2012,https://www.youtube.com/watch?v=4aQDOUbErNg,50bbd4ea496b10f9e8da2fc31288d88e0c61e182d66a5bd6beb07e571087c842,Olly Murs - Troublemaker ft. Flo Rida,GBARL1201891
25,Be My Baby,Vanessa Paradis,1992,https://www.youtube.com/watch?v=WXnR7iZy0ZM,cef10d8dbfb75a5f272ac50bd8576debfdb05ae3c1a0e8007791644500a9b956,Vanessa Paradis - Be My Baby,FRT229290004
26,Time After Time,Cyndi Lauper,1983,https://www.youtube.com/watch?v=VdQY7BusJNU,38244f9217c4d13b11819cb45f42d00df8535ec9990c2505eadbbde9fe8b7485,Cyndi Lauper - Time After Time (Official HD Video),USSM18300650
27,Corazon Espinado (feat. Mana),Santana,1999,https://www.youtube.com/watch?v=t6omUxqhG78,675236ce417162986a7ec994be48fbcabc077e0542856b705bae059848350299,Santana - Corazon Espinado (Video) ft. Mana,USAR19900037
28,Sympathy For The Devil - 50th Anniversary Edition,The Rolling Stones,1968,https://www.youtube.com/watch?v=GgnClrx8N2k,1223e5d3f78685490878e0f410cd07a8de709b72584d12cc18a494833ca47962,The Rolling Stones - Sympathy For The Devil (Official Lyric Video),USA171810010
29,Jubel - Radio Edit,Klingande,2013,https://www.youtube.com/watch?v=l5ojX-Z9hNk,f21f22bbf7a2f212279ed7314c68fbf610cf1b223f4c2f1392379f99e2a02684,Klingande - Jubel (Official Music Video),FR9W11310765
30,Loser,Beck,1994,https://www.youtube.com/watch?v=YgSPaXgAdzE,71b86157651915a97286552159583b5b3aa77ff550c3dbd9b9c28eb23fa4371e,Beck - Loser (Official Music Video),USGF19463401
31,Waiting For Love,Avicii,2015,https://www.youtube.com/watch?v=ZMNekAx3LHI,38508efce119520298f70eadcee8989762a759a119c4a8f2caae0159e4996670,Avicii - Waiting For Love (Official Video)(Black & Whait),CHB701400134
32,Demons,Imagine Dragons,2012,https://www.youtube.com/watch?v=mWRsgZuwf_8,16298eee9dfd72272bbadbaed2acdd6f5c00ce08aa57e34ab650e97ee798291f,Imagine Dragons - Demons (Official Music Video),USUM71201071
33,That's Not My Name,The Ting Tings,2007,https://www.youtube.com/watch?v=v1c2OfAzDTI,a259002f4cc58669703be0c0ca51c9578988a4fe551968a03cb8be2f4aaf759c,The Ting Tings - That's Not My Name (Official Video),GBARL0800038
34,What's Up?,4 Non Blondes,1993,https://www.youtube.com/watch?v=6NXnxTNIWkc,1d89abadb8389b952393662c2d7e019935fb03a63fc2d67327201673b84f5377,4 Non Blondes - What's Up (Official Music Video),USIR19200553
35,Heat Waves,Glass Animals,2020,https://www.youtube.com/watch?v=mRD0-GxqHVo,d6db8dc89dd9534b966f8ae627c7280bd5775c0d595a590278ff165328edcd33,Glass Animals - Heat Waves (Official Video),GBUM72000433
36,"Irgendwie, irgendwo, irgendwann",Nena,1984,https://www.youtube.com/watch?v=oMHLkcc9I9c,207d91e699febeeeedcfefec4fd944557966d3f029784a63a48ec60002f02d35,NENA | Irgendwie · Irgendwo · Irgendwann [1984] [Offizielles HD Musikvideo],DEE869901718
37,Vermissen (feat. Henning May),Juju,2019,https://www.youtube.com/watch?v=YHbYAUs9JCo,712e54122f407f6f9549ce5a9b658aa55efdf7a337fd70a2355273fc74f76f1f,Juju feat. Henning May - Vermissen (prod. Krutsch) [Official Video],DEVX51900045
38,Der Mann im Mond,Gus Backus,1961,https://www.youtube.com/watch?v=F9pNxCcx40c,718098e7d1c624fe6272f33ac7580e4256be49717103aeb4642eab88c597be82,Der Mann im Mond,DEKB72057250
39,"Right Here, Right Now",Fatboy Slim,1998,https://www.youtube.com/watch?v=l0i6jBM15Bg,e21d28eb9da944ae931787bf2dcfa8773ad8f7e26ad19de19e6e4074f11b00ee,Fatboy Slim - Right Here Right Now (Official Audio),GBBMQ9900047
40,Ain't Your Mama,Jennifer Lopez,2016,https://www.youtube.com/watch?v=Pgmx7z49OEk,75e4eb3f60f4cc0a4f0acd65e849aea515617306191691902238b1b6e082b0d1,Jennifer Lopez - Ain't Your Mama (Official Video),USSM11602625
41,All The Small Things,blink-182,1999,https://www.youtube.com/watch?v=9Ht5RZpzPqw,f3ea8767501b92b55f5635cb67280a16a0d0ad3d2ac1933dd1ad7888fb56f9bd,blink-182 - All The Small Things (Official Music Video),USMC19959123
42,Animals,Maroon 5,2014,https://www.youtube.com/watch?v=qpgTC9MDx1o,9d31568f4ec6719d61a242a534fc902a3f74435f72481d4ee90686bc15e4cc11,Maroon 5 - Animals,USUM71409576
43,Like a Rolling Stone,Bob Dylan,1965,https://www.youtube.com/watch?v=IwOfCgkyEj0,2c45408a59782f057db019386a7a4f7281c01e3599f4adf3cba2b28c610a0027,Bob Dylan - Like a Rolling Stone (Official Audio),USSM19922509
44,Highway to Hell,AC/DC,1979,https://www.youtube.com/watch?v=l482T0yNkeo,a208b9fec99e6c1df16bb6c44b451914959e94de525c80a4583ee1e711caffe7,AC/DC - Highway to Hell (Official Video),AUAP07900028
45,Breathless,The Corrs,2000,https://www.youtube.com/watch?v=3JyYwlkB9ak,0487aada81934edf54b6660268b6f6e20e9eba0314d1948dd7ecc3df9db889ef,The Corrs - Breathless [Director's Cut] (Official Music Video),USAT20001907
46,My Sweet Lord (2014 Remaster),George Harrison,1970,https://www.youtube.com/watch?v=1EORbL8N-R8,c14e44ec4336265a522bbaed98b2bff41d69087b38d559f779fcd7ab6ed178e7,Billy Preston - My Sweet Lord (Live),GB77R1400026
47,Rhythm Is a Dancer,SNAP!,1992,https://www.youtube.com/watch?v=JYIaWeVL1JM,9225b6e7c085da9a589230379997c20e8f7790bef33abbe53aadca93e3844f05,SNAP! - Rhythm Is A Dancer (Official Music Video),DET189200600
48,It Must Be Love,Madness,1981,https://www.youtube.com/watch?v=vmezIIrFQmY,9b63db5fcaad01ae53d25fdec84240a39e7f69258d2469b288393403c9b2ae44,Madness - It Must Be Love (Official HD Video),GB7GZ0900018
49,Für Dich,Yvonne Catterfeld,2003,https://www.youtube.com/watch?v=bf4cUnzNfeQ,4b826301e7b993c6cf4f335d32bafd490d4f9fafab9b3aea7d1b7fb16c1235be,Für Dich,DEC760300066
50,Mirror Mirror - Remastered 2007,Blind Guardian,1998,https://www.youtube.com/watch?v=CNGCvI9dpZY,ee3f16127cfc2ab9362f695903636166f288d909304a64e50968ca3b5dfc51fb,Mirror Mirror (Remastered 2007),DED831701047
51,In The Air Tonight - 2015 Remastered,Phil Collins,1981,https://www.youtube.com/watch?v=YkADj0TPrJA,aee10b3b67c9840c5b01747d32fcebf94a041dc04be467d1ce5e8c82936e8ddd,Phil Collins - In The Air Tonight (Official Music Video),USAT21502120
52,Shivers,Ed Sheeran,2021,https://www.youtube.com/watch?v=XE4S_eBI7WQ,ea5d176eac5bf779fd99113b6fff3f73204f11abfe83987d3508bf31ab3155bd,Ed Sheeran - Shivers [Official Behind The Scenes Video],GBAHS2100671
53,"Feels (feat. Pharrell Williams, Katy Perry & Big Sean)",Calvin Harris,2017,https://www.youtube.com/watch?v=ozv4q2ov3Mk,e183c98d31209b793d31df715e3b770098d0e2662c60844752588d5555ce875d,Calvin Harris - Feels (Official Video) ft. Pharrell Williams; Katy Perry; Big Se,GBARL1700772
54,I'm Still Standing,Elton John,1983,https://www.youtube.com/watch?v=ZHwVBirqD2s,054a3c33dd35bb1c11a90e0d6717962ea788486692382e30f457148fe3941af4,Elton John - I'm Still Standing,GBALX8300190
55,Stay With Me,Sam Smith,2014,https://www.youtube.com/watch?v=pB-5XG-DbAA,2a5a86be5b177b530773c83310cad0c4313a2e66ca13277edbff9708df63adf9,Sam Smith - Stay With Me (Official Music Video),GBUM71308833
56,greedy,Tate McRae,2023,https://www.youtube.com/watch?v=To4SWGZkEPk,cc49585bc172a9cfe4e87b745399c8fa884c0bc1e48b578b05bc156806c5f54b,Tate McRae - greedy (Official Video),USRC12301932
57,There Must Be an Angel (Playing With My Heart),Eurythmics,1985,https://www.youtube.com/watch?v=RCdneDxFRYQ,9a2f88553631f390f4cbb82c24098b440f67c33e0820c7915287357d0a54bcaf,There Must Be An Angel (Playing With My Heart) (Remastered),GBARL8500001
58,Together Again,Janet Jackson,1997,https://www.youtube.com/watch?v=7SXKHiPQPhk,ad0fa505a79ad942a2a50c6951f71076bcac203dcf2eb90f4795b2296e3e24d0,Janet Jackson - Together Again (Official Music Video),USVI29700014
59,1973,James Blunt,2007,https://www.youtube.com/watch?v=uWeqeQkjLto,56536b7f8e05f4b2ec3e90911755c76d12252bb244357c5ee1b9f1423da3c789,James Blunt - 1973 (Official Music Video),USAT20703782
60,It's Gonna Be Me,*NSYNC,2000,https://www.youtube.com/watch?v=GQMlWwIXg3M,7af73322d6659719db67dbee7b09d6529d4e93d0bf5c95f829f81c326c04e7e5,*NSYNC - It's Gonna Be Me (Official Video),USJI10000043
61,Bam Bam (feat. Ed Sheeran),Camila Cabello,2022,https://www.youtube.com/watch?v=-8VfKZCOo_I,c3c92d8b21f303ff287818d1d0e9f64f50b2fdedf6d0fc15f73f85fd2189376f,Camila Cabello - Bam Bam (Official Music Video) ft. Ed Sheeran,USSM12200047
62,Before You Go,Lewis Capaldi,2019,https://www.youtube.com/watch?v=Jtauh8GcxBY,de679e6d3017c4466be28278805ef032a3629d91891300e7a4bf1c2294de8ce9,Lewis Capaldi - Before You Go (Official Video),DEUM71905868
63,Late Night Talking,Harry Styles,2022,https://www.youtube.com/watch?v=4VaqA-5aQTM,9d6949abd18172c74426ac79a2d423414145155e7f212c8ccf0553b881850cde,Harry Styles - Late Night Talking (Official Video),USSM12200610
64,Verdamp lang her,BAP,1981,https://www.youtube.com/watch?v=AKic1GlVpwg,36b1abd7f5a26d30c6052cabc362173fa3225d065c5a2ed69cf6da6a28e4a7d2,1981 BAP - Verdamp lang her,DEA349400695
65,Wenn du da bist,Pur,1997,https://www.youtube.com/watch?v=nUCtOCfpjNM,456fc69f0856a4118a06236de1253b9ee29d27cd35bbcd9379e7e09db257bab0,Pur - Wenn du da bist (Offizielles Musikvideo),DEA349707480
66,Why ?,Bronski Beat,1984,https://www.youtube.com/watch?v=H3LbzjFJdSA,852f2a925a5f4d15b86c428ef92c8af36771e04a9bcb81e30c1eb0893005fc22,Bronski Beat - Why ? (Official HD Video),GBAAP0000546
67,"No More ""I Love You's""",Annie Lennox,1995,https://www.youtube.com/watch?v=NSkboTTTmpg,542329a3324100566df1e65f0514708c8522b9e20cd811d4abf58c770fe37fc9,Annie Lennox - No More 'I Love You's' (Official Video),GBARL9400416
68,Are You Gonna Go My Way,Lenny Kravitz,1993,https://www.youtube.com/watch?v=8LhCd1W2V0Q,d991e6010414bc3496781e0f329ded1bf6f2325faceaf1ba2f192deca31058f5,Lenny Kravitz - Are You Gonna Go My Way (Official Music Video),USVI29300001
69,Halo,Beyoncé,2008,https://www.youtube.com/watch?v=bnVUHWCynig,77cea70543136ff55dfca735858cbc5828e99b5322af6c5a06cecab534353df9,Beyoncé - Halo,USSM10804556
70,Sadeness - Pt. 1 / Radio Edit,Enigma,1990,https://www.youtube.com/watch?v=4F9DxYhqmKw,802e745919319ebfb874e1f4eb1d4d3a9f8ae130f9b7fb1eb081afc29be74df5,Enigma - Sadeness - Part i (Official Video),DEG129000013
71,Clint Eastwood,Gorillaz,2001,https://www.youtube.com/watch?v=1V_xRb0x9aw,1c64c2b61b697f3b55b56499c40d3df0aeeb4e1bbb443f0638cc5b630e34e334,Gorillaz - Clint Eastwood (Official Video),GBAYE0001408
72,Rome Wasn't Built in a Day,Morcheeba,2000,https://www.youtube.com/watch?v=FLGJXbl6g8o,61e6e4f0dc948493169caad802ac2f4dd745e7b0e14685438a6e28df7f341d1c,Morcheeba - Rome wasn't built in a day (Official Video),GBAHS0004193
73,Got to Get It,Culture Beat,1993,https://www.youtube.com/watch?v=M9gZjNfMVWQ,303b3ddacf2c254bdf3b44e2a41d49aeb199d00db2bd7fdb11c7ef3e8bf0f52c,Culture Beat - Got to Get it (Official Video),DEPT99300134
74,Herz über Kopf,JORIS,2015,https://www.youtube.com/watch?v=oq0rrYrufYU,60dc0b569eb9a1d750a4db1016f3aeff8dab5a58b40aae3c70f3a6c4b91e041c,JORIS - Herz über Kopf (Official Video),DEQ321400478
75,Talk Dirty (feat. 2 Chainz),Jason Derulo,2013,https://www.youtube.com/watch?v=ivmV-artwnM,a9c25dfdd2325e54ef08802055231fdb2fc6d0142a600c805f402089f150a118,Jason Derulo - 'Talk Dirty' feat. 2 Chainz (Official HD Music Video),USWB11302648
76,Dr. Stein,Helloween,1989,https://www.youtube.com/watch?v=3FFTQRmsK0k,4476562511cea2db7309a575a7d4cfb3409989709f487a826d0e4a7ed86eb8ef,Helloween - Dr. Stein,GBAJE0201638
77,Rather Be (feat. Jess Glynne),Clean Bandit,2014,https://www.youtube.com/watch?v=m-M1AtrxztU,92c7b96c5c1796aeeec760d246d98ad579c1bb00a1358fde1a168465f863c52e,Clean Bandit - Rather Be ft. Jess Glynne [Official Video],GBAHS1300498
78,Little Talks,Of Monsters and Men,2011,https://www.youtube.com/watch?v=ghb6eDopW8I,7f40891f22988c2f231458b104b06be50df5d4e8732eec33613f7f220a5064fe,Of Monsters and Men - Little Talks,USUM71119106
79,Lemon Tree,Fools Garden,1996,https://www.youtube.com/watch?v=wCQfkEkePx8,190cc11ee5d38eddc671efb7fd53162fb663a6cd94518a3833c1fcf7bd7e08f4,Fools Garden - Lemon Tree (Official HD Video),DEAF70927221
80,Give Me More,The Teens,1980,https://www.youtube.com/watch?v=2JZNidi2fis,038541806ac9a614a26d4eefcad68dda6d6fd2e20b0ad8cbb95fcbe934de7073,The Teens   Give Me More,DEC739600746
81,She Bangs - English Version,Ricky Martin,2000,https://www.youtube.com/watch?v=5ihtX86JzmA,a9c4485baa09466a29a5d547844cec0e32136704a65db960cdf8072f7ba0309c,Ricky Martin - She Bangs (English),NLB630000023
82,Gimme! Gimme! Gimme! (A Man After Midnight),ABBA,1979,https://www.youtube.com/watch?v=XEjLoHdbVeE,5861abd9176913dd52344aa358e9c17863772e294626c0d5ecb9842ecdff7de6,ABBA - Gimme! Gimme! Gimme! (A Man After Midnight),SEAYD7901120
83,Only Time,Enya,2000,https://www.youtube.com/watch?v=7wfYIMyS_dI,a9c98f0722f37ad5274d3b8aa4ac6944f2e4a976f1a9378d4013555dd607340e,Enya - Only Time (Official 4K Music Video),GBAHT0005349
84,Reptilia,The Strokes,2003,https://www.youtube.com/watch?v=b8-tXG8KrWs,2e880f499730a4a65374b9b6724d3d5325c9cfb1a4c2beb2c4da8f6de052aae1,The Strokes - Reptilia (Official HD Video),USRC10301519
85,Du hast den Farbfilm vergessen,Nina Hagen,1974,https://www.youtube.com/watch?v=mZzIEOvXXLg,0452f2dd24ab2f127c2171ac04ef13881485de8fef3a1976da49b2540927a522,Nina Hagen - Du hast den Farbfilm vergessen 1974,DEC739900124
86,Che Sarà,José Feliciano,1971,https://www.youtube.com/watch?v=oyWNAJJ1WBI,5df3ec5c95933a14fd04fb8e5510b1d7ee55a6c879f866b6d21a0452bb693487,Que Sera Sera,PEMG99632004
87,Telepatía,Kali Uchis,2020,https://www.youtube.com/watch?v=K-py_fW08c4,be1b9b912eca03e61f86c12a48a97e64a8f881b578234f46856f4b5858de5a07,Kali Uchis - telepatía (Official Lyric Video),GBUM72005748
88,You Can't Hurry Love,The Supremes,1966,https://www.youtube.com/watch?v=ovoBi3pXD_A,fc2d23805de89b0143f281a9bc7e651a98f290abacf8cd8ad88dc21aea35e4d6,The Supremes - You Can't Hurry Love (Lyric Video),USMO16600346
89,Common People - Full Length Version,Pulp,1995,https://www.youtube.com/watch?v=yuTMWgOduFM,57b9cabbd3113bcf49960ef8c53e8dc65973c64440abdf9c9c815c91362edefc,Pulp - Common People,GBAAN9500078
90,Back To Black,Amy Winehouse,2006,https://www.youtube.com/watch?v=TJAfLE39ZZ8,053469cee7ecdc2416af5438480f074d19155d0c90e378db96dd24227d17797e,Amy Winehouse - Back To Black,GBUM70604698
91,Leichtes Gepäck,Silbermond,2015,https://www.youtube.com/watch?v=ohHJjPSsW8c,9aac4fff564d39f37ead32561bf49d16e00758b81a1d4261a93eac16d08016b1,SILBERMOND - Leichtes Gepäck (Offizielles Musikvideo),DEE861500869
92,Around the World (La La La La La) - Radio Version,A Touch Of Class,2000,https://www.youtube.com/watch?v=Se237UXFKlQ,1acae41e3468113d510efbce3c5ced0789da019444212bd15a07b395c3852386,A Touch Of Class - Around the World (La La La La La) (Official Video),DEP810000008
93,Delilah,Tom Jones,1968,https://www.youtube.com/watch?v=si8gFU-RaDI,af1077cf2712924f37f6dd9a84df3c7bb4b2bf78e3b16ae516979411286ba303,Tom Jones - Delilah (1968) (Stereo / Lyrics),GBF076820060
94,We Found Love,Rihanna,2011,https://www.youtube.com/watch?v=tg00YEETFzg,164c9aa7c7de830217885d024218d88cbaba69602cd5474097dc76b3bf57b074,Rihanna - We Found Love ft. Calvin Harris,USUM71115507
95,Easy On Me,Adele,2021,https://www.youtube.com/watch?v=U3ASj1L6_sY,17aa0496a4801388ffe871f4d7a21b54c5890d65a05531326deccbb1cb546b86,Adele - Easy On Me (Official Video),USSM12105970
96,Material Girl,Madonna,1984,https://www.youtube.com/watch?v=6p-lDYPR2P8,ba667046bbdc1d4e0b2a8fb26d983d7233d9149e8ce7c5e0a8a4032afda03330,Madonna - Material Girl (Official Video) [HD],USWB10903617
97,"Get Up I Feel Like Being Like A Sex Machine, Pts. 1 & 2",James Brown,1970,https://www.youtube.com/watch?v=XaNNPf1NqEk,3bbe0b444e23ddc460accc2f3a103ebac59a52e20eb73aae6e025c4ede46d278,James Brown - Get Up I Feel Like Being A Sex Machine (Official Music Video) HD,USF067025050
98,Rebel Yell,Billy Idol,1983,https://www.youtube.com/watch?v=VdphvuyaV_I,4910cca52c0aedea81d995c5c8f6822a1b187ea2837e1ff69bf6edcbfffce882,Billy Idol - Rebel Yell,USCH38400024
99,I Still Haven't Found What I'm Looking For,U2,1987,https://www.youtube.com/watch?v=e3-5YC_oHjE,33cec85aa73427ea479184a53cc5f08fb8985d5a4ba8eb25836c2963bb425b3e,U2 - I Still Haven't Found What I'm Looking For (Official Music Video),GBUM70709783
100,Higher Love - 1990 Original Mix,Whitney Houston,1990,https://www.youtube.com/watch?v=EpSi7r1i5mM,6e8487ecc9b5fd5d4337233ce7f056f9cba90e506b62f3fe6f24c4fbbbc2aa1e,Kygo & Whitney Houston - Higher Love (Official Video),USAR10400779
101,Eisbär,Grauzone,1981,https://www.youtube.com/watch?v=4P_mDDpzmfE,3500e46e111f727b8a60beb71155d5d9f946a7eadf99a63a8bf483ba7d1f8b82,Grauzone-Eisbär,DETB31800774
102,Baby Jane - 2008 Remaster,Rod Stewart,1983,https://www.youtube.com/watch?v=dxl2r6GuL2w,e59b4a1b8484521c06500680b1b6009ea50b9977ef98b150adf30e9380c5ef8e,Rod Stewart - Baby Jane (Official Video),USWB10806973
103,Maria (I Like It Loud),Scooter,2003,https://www.youtube.com/watch?v=i2ep3QZQ4vM,cfd3a91e6be03a0b7e8529892d3084630cac086bc7ef0c4eef51f6b8080e4e48,Scooter - Maria (I Like It Loud) (Official Video),DEN061302561
104,Zukunft Pink (feat. Inéz),Peter Fox,2022,https://www.youtube.com/watch?v=cFmdO7s2Tjw,3a536f347d7e5a9cd2c1894133c7943b5a602aa60990f8d3b216846df64653fd,Peter Fox - Zukunft Pink (feat. Inéz) Lyrics,DEA622201528
105,Give It Away,Red Hot Chili Peppers,1991,https://www.youtube.com/watch?v=R1qnNknKLsg,b0c3a06e8b2edc1d63800580062f9371a7e6873cf3d69930f40c574312cd5933,Red Hot Chili Peppers - Give It Away (Official Music Video),USWB19901574
106,Uptown Girl,Billy Joel,1983,https://www.youtube.com/watch?v=hCuMWrfXG4E,cafc2416c967095fe8d84d69935bee4c71cac735a9d5a17448718ed1cc2e78c0,Billy Joel - Uptown Girl (Official Video),USSM18300270
107,Good Feeling,Flo Rida,2011,https://www.youtube.com/watch?v=pcPkYB244og,033542bf5e20cc502fa05901f2e45d69bf28361eec258022d6ecbd20f6f53ea2,Flo Rida - Good Feeling (Official Video Cantoyo),USAT21101961
108,Don't Be Aggressive - Radio Edit,Sandra,1992,https://www.youtube.com/watch?v=scwCMVEZAbg,dc4479686f667dab5cf6128fb66913b0ef34b92d5c5fc4b1aea4913a18377ffd,Sandra - Don't Be Aggressive (Radio Edit),DEG129201117
109,Padam Padam,Kylie Minogue,2023,https://www.youtube.com/watch?v=p6Cnazi_Fi0,7c04e434534441d25b2ee10044a53ee79e3c8bd72cdb774a51c150f141d3c154,Kylie Minogue - Padam Padam (Official Video),GB5KW2301017
110,Maniac,Michael Sembello,1983,https://www.youtube.com/watch?v=324it5DKoXU,484daa62e3b1773460e4b44a53a5cf59838f8bd0b5ba536ee5d4f59ad5b4a559,Michael Sembello - Maniac (1983) (Official Video),USPR38302462
111,Tausendmal Du,Münchener Freiheit,1986,https://www.youtube.com/watch?v=xiTLU2Z-5Jk,d7e5816fd3656efbdaa8174d6179f1f68ff8317297d0a044d4bc84345769e07d,Münchener Freiheit - Tausendmal Du (Die Maultrommel 14.04.1986) (VOD),DEE869700884
112,So soll es bleiben - Single Edit,Ich + Ich,2007,https://www.youtube.com/watch?v=XSZ0Uei3WvQ,4730ee81e0a337980990253d014b0a5b921be209950c6f12436fbfc173f31155,Ich + Ich - Stark (Official Video),DEUM70800278
113,Over My Shoulder,Mike + The Mechanics,1995,https://www.youtube.com/watch?v=H7m1PO7wvYM,93cdfdc5403d463cb971619542ce498eac2fd220e82099a609df28fedfd9a512,Mike + The Mechanics - Over My Shoulder (Official HD Music Video),GBAAA9500015
114,Die Young,Kesha,2012,https://www.youtube.com/watch?v=NOubzHCUt48,c0a77b9ab048a5b5ad8161ca2c04e366db4eec1d2d260333d666bff581c35028,Ke$ha - Die Young (Official Video),USRC11201008
115,Incomplete,Backstreet Boys,2005,https://www.youtube.com/watch?v=WVe80iZtlYU,7c774a591fe414948e874e9ac17ab134a9a8e488f8358363968cfbf69b6d9ca4,Backstreet Boys - Incomplete (Official HD Video),USJI10500131
116,Your Love (9PM),ATB,2021,https://www.youtube.com/watch?v=9hbu9toStfc,6b4ddbd0d5c617f9095a0055fded8bbf5f7deefb3725cbfadb10cbea4d98f91d,ATB; Topic; A7S - Your Love (9PM) (Official Music Video),DECE72003523
117,Can't Wait Until Tonight - Radio Version,Max Mutzke,2004,https://www.youtube.com/watch?v=wfgRv7e_V6w,cf0060fb4d0b73d1b121aeaa54fc5aedf05910923a16d8615b3f882ef9ce3030,2004 Max - Can't Wait Until Tonight (Radio Version),DEQ980400001
118,Killing In The Name,Rage Against The Machine,1992,https://www.youtube.com/watch?v=bWXazVhlyxQ,62ea81218846d801f33000f32d1ae4c42bdb95c6dcc6fc382b69cad64b41a40d,Rage Against The Machine - Killing In the Name (Official HD Video),USSM11205433
119,Pray For Me,The Weeknd,2018,https://www.youtube.com/watch?v=XR7Ev14vUh8,23fcc53ce2fe7dbe463befa7c38cae023d3988215deeba193ad636b48b8ff55b,The Weeknd; Kendrick Lamar - Pray For Me (Official Lyric Video),USUM71800001
120,Beat It,Michael Jackson,1982,https://www.youtube.com/watch?v=oRdxUFDoQe0,8edc8b0940b99dd63faca417204f57c44b5c49047e9ad090b0f570d713bd8808,Michael Jackson - Beat It (Official 4K Video),USSM19902990
121,Hall of Fame (feat. will.i.am),The Script,2012,https://www.youtube.com/watch?v=mk48xRzuNvA,bf143cb1601677c2a4f5f052fef2ce754e82a59eec9573947d4b1be554066d6a,The Script - Hall of Fame (Official Video) ft. will.i.am,GBARL1201055
122,Shake It Out,Florence + The Machine,2011,https://www.youtube.com/watch?v=WbN0nX61rIs,504784a3705813e4aa9d16ddd41106016f6a4494b2e92331d897794b9e8ea518,Florence + The Machine - Shake It Out,GBUM71107355
123,Sie sieht mich nicht,Xavier Naidoo,1999,https://www.youtube.com/watch?v=zIBJ9Kdcy9w,185477785ed03231d5cc9a1c3b7b0c903ab214fd573ad0fe2ce04f6cf2f104d8,Xavier Naidoo - Sie sieht mich nicht [Official Video],DES810800180
124,One Way Or Another - Remastered 2001,Blondie,1978,https://www.youtube.com/watch?v=WGU_4-5RaxU,5f7a8b550a364669f827a10ff4a7bc8017d455948730bc13e9775ee07343f738,Blondie - Heart Of Glass,USCH30100029
125,Fuck You,Lily Allen,2008,https://www.youtube.com/watch?v=o8VZX4sHn-4,8d9cedf1ab57f4acbecd6996b9b5ec94adcc6649d71bfb68b370e44817253b8a,Lily Allen | F You (Official Video - Clean Version),GBAYE0802265
126,Cosmic Girl - Remastered 2013,Jamiroquai,1996,https://www.youtube.com/watch?v=D-NvQ6VJYtE,ab45475a98e20ab219425e8cfe2dd1d17c9f1e484827a56b0127a81f41b93268,Jamiroquai - Cosmic Girl (Video),GBARL1201221
127,We Will Rock You - Remastered 2011,Queen,1977,https://www.youtube.com/watch?v=-tJYN-eG1zk,7cf2948169efc07347d424359320519d6d46dee4f32365490e99ea18e87c620c,Queen - We Will Rock You (Official Video),GBUM71029618
128,Boombastic,Shaggy,1995,https://www.youtube.com/watch?v=6W5pq4bIzIw,87fa0f4b23772f6dfdcbd5b2a8e6b0251f4f1ea2f03d0c9a1d0abd3999646fba,Shaggy - Boombastic (Official Music Video),GBAAA9500003
129,When I Grow Up,The Pussycat Dolls,2008,https://www.youtube.com/watch?v=K0K46C82v9o,ed118e692955902ba09c1e43c188e33a7d904bed447f5e049a8e12053cf1fe63,The Pussycat Dolls - When I Grow Up (Official Music Video),USUM70813999
130,Ain't No Other Man,Christina Aguilera,2006,https://www.youtube.com/watch?v=8x7Ta89QLo4,18dbc25e8f0cffa27f99eb8de1b2e01fe5d6573792bf3d939917222941cb4b90,Christina Aguilera - Ain't No Other Man (Official Video),USRC10600321
131,Zeit,Rammstein,2022,https://www.youtube.com/watch?v=EbHGS_bVkXY,15ac8ae67290c597083315fe8f957f4b7ecef6eabd1c67bf845859f7cbf96170,Rammstein - Zeit (Official Video),DEUM72118403
132,Deine Stimme,Pe Werner,1993,https://www.youtube.com/watch?v=-aVnzcqQUVA,83c1de753bcb185c87e4b4e9e68bba1292111a0d50ac896af4315c5822bf5965,Deine Stimme.wmv,DEA340700296
133,All Around the World - Remastered,Lisa Stansfield,1989,https://www.youtube.com/watch?v=JVuuatjHGnY,a17b10ae00e96ebb063d52ab28e13fe0f50534d36e81970aa991710423154d77,Lisa Stansfield - All Around the World,GBARL0300125
134,Welcome To The Jungle,Guns N' Roses,1987,https://www.youtube.com/watch?v=o1tj2zJ2Wvg,727b94beb9e4a2bcde6bf031a5bf222f71b1381586a5a176a5537162e738a9c7,Guns N' Roses - Welcome To The Jungle,USGF18714801
135,True - 2003 Remaster,Spandau Ballet,1983,https://www.youtube.com/watch?v=AR8D2yqgQ1U,569e436bd8a3354a2b3d555b4fccf8f8fec3551c991adc49d23400610d5050e7,Spandau Ballet - True (HD Remastered),GBAYK0200008
136,good 4 u,Olivia Rodrigo,2021,https://www.youtube.com/watch?v=gNi_6U5Pm_o,abe7471dcdfb0017898e0063f74521f2f34da12c47d887c315c57027dc3a668e,Olivia Rodrigo - good 4 u (Official Video),USUG12101245
137,Let You Love Me,Rita Ora,2018,https://www.youtube.com/watch?v=XCQK6LmhYqc,635db72b1c0690915bc269fe11c507f96185f72fa2b008cde6cc529f32f8880b,Rita Ora - Let You Love Me [Official Video],GBAHS1800674
138,Rasputin,Boney M.,1978,https://www.youtube.com/watch?v=16y1AkoZkmQ,6728142a56f3b08b3883f85c0935e3ee45ca75c014ad95c7f12a66a3fcea1c45,Boney M. - Rasputin (Sopot Festival 1979),DED167800008
139,Unbelievable,EMF,1988,https://www.youtube.com/watch?v=sfCLt0kTd5E,1f1d765e8c92b8cd740f843ce0ef4e1500dd10c59cd722a50121b2576ff5b04a,EMF - Unbelievable (Official Music Video) HD,GBAYE9000089
140,Without Me,Eminem,2002,https://www.youtube.com/watch?v=YVkUvmDQ3HY,9f73425a01b1ae17130f280359d5eec28160a6e54996bb84761f3a7f98a9032c,Eminem - Without Me (Official Music Video),USIR10211038
141,You're Makin' Me High,Toni Braxton,1996,https://www.youtube.com/watch?v=wIgOL21S98o,65bfba6237fd9f0e0dd33bae6eced1598cfd83a726cd45c8258281cc7d7658ad,Toni Braxton - You're Makin' Me High (Official HD Video),USLF29600019
142,Love Yourself,Justin Bieber,2015,https://www.youtube.com/watch?v=oyEuk8j8imI,6944710f528cdc0e0d68dc843cbd2f55be6a5a55018c8bf630ef7e1e43932235,Justin Bieber - Love Yourself (PURPOSE : The Movement),USUM71516761
143,So What,P!nk,2008,https://www.youtube.com/watch?v=FJfFZqTlWrQ,e524b85d195fa233ef47890f27649d5fdaea0aa522f091dff653690dbae6cdb8,P!nk - So What (Official Video),USLF20800067
144,Sarà perché ti amo,Ricchi E Poveri,1981,https://www.youtube.com/watch?v=sbj0R6Nz18Q,8afeb1406ca3d1570ebed70f2f2f6d6e06764f8c2fd2f226a1d74503d45ab93f,Ricchi e Poveri :  Sarà perché ti amo (Original von 1981) - Asterix im Land der ,USBI10000112
145,Big in Japan - Single Version; 2019 Remaster,Alphaville,1984,https://www.youtube.com/watch?v=tl6u2NASUzU,22410db62713e61e4b42697bf1f64c0e45558dec334167660d953cf3ebf7c09d,Alphaville - Big In Japan (Official Music Video),DEA621800681
146,Roller,Apache 207,2019,https://www.youtube.com/watch?v=Fo3DAhiNKQo,222975f8e0eb5f8ac05bbea8e81ac2c4be4b2249332c7d97c8e797240ba2c4c9,Apache 207 - ROLLER prod. by Lucry & Suena (Official Video),DEQ321900164
147,Attention,Charlie Puth,2017,https://www.youtube.com/watch?v=94CegRuTZNA,ff93a0cc44b9500084aa5b39ee11d192912b453ba94f26daaf1e3f1dbba35312,Charlie Puth - Attention (Audio),USAT21700928
148,"Lo Que Pasó, Pasó",Daddy Yankee,2004,https://www.youtube.com/watch?v=hVD5kOAy-Yo,57fe05f57c47a1d37faf6fba641300aca3665a2c139968dc9893676412a3d756,Daddy Yankee - Lo Que Pasó; Pasó (Official HD Video),QM6N21759345
149,Ordinary World,Duran Duran,1993,https://www.youtube.com/watch?v=FqIACCH20JU,c4a7abada0272dc3dea3533cb4c0689863e943f3d0be8abceab8692685ff309b,Duran Duran - Ordinary World (Official Music Video),GBAYE9200048
150,What A Man Gotta Do,Jonas Brothers,2020,https://www.youtube.com/watch?v=XejVB_fba04,d6e8bfaa5f6162eb7603d53f066c479608ecea607aaa280b1a1fcc23200cf4c2,Jonas Brothers - What A Man Gotta Do (Official Video),USUG11904422
151,PROVENZA,KAROL G,2022,https://www.youtube.com/watch?v=ca48oMV59LU,38209101d5e389019d42e7baea560599cfbfd41eabd820579d46fcc408d8cefe,KAROL G - Provenza (Official Video),USUM72205906
152,Augen auf!,OOMPH!,2004,https://www.youtube.com/watch?v=fuLPJg2gwjQ,84309886e2b0a7fbfe92ee37a4c2ed80db7f6ae9a9a0089ccbe873ffd555f2fb,Oomph! - Augen auf (Video-Clip),DEC760400001
153,Lets Go Surfing,The Drums,2010,https://www.youtube.com/watch?v=VkQrJ3SVXko,4bb77812299b74973133eb0b452b15a9e9e602da69b982608d067e0ad0f521a6,The Drums - Lets Go Surfing,GBGEY0900107
154,Hungry Heart,Bruce Springsteen,1980,https://www.youtube.com/watch?v=ZsADQpw-dD8,c3fce9f5978525c40f6c6f44621d73afdd2bd7a5e716a8ed106ee852a97f9495,Bruce Springsteen - Hungry Heart (The River Tour; Tempe 1980),USSM18000402
155,Don't Start Now,Dua Lipa,2019,https://www.youtube.com/watch?v=oygrmJFKYZY,148af8667113050346d72a2d4b6e77c505b342a868521ac9dc2f42d976d89b7e,Dua Lipa - Don't Start Now (Official Music Video),GBAHT1901121
156,Feeling Good,Nina Simone,1965,https://www.youtube.com/watch?v=oHRNrgDIJfo,71eb9f8a25d586385e50fdeed93770bb62ecdde707545c94155bebdeab474900,Nina Simone - Feeling Good (Official Video),USPR36500094
157,Ride on Time,Black Box,1989,https://www.youtube.com/watch?v=M0quXl_od3g,e47325a7bb33cbbba6f59c5dbe3c76e1e13267261b5edea4dd5037540103c58d,Black Box - Ride on Time (Official Video),GBCMX0509001
158,7 Seconds (feat. Neneh Cherry),Youssou N'Dour,1994,https://www.youtube.com/watch?v=wqCpjFMvz-k,f438d0d7c842b39740b24be34122c8997948852bca2ee76811d4853eff218b03,Youssou N'Dour - 7 Seconds ft. Neneh Cherry,USSM10021897
159,Rise & Fall (feat. Sting),Craig David,2002,https://www.youtube.com/watch?v=pU2ukeS2JTE,ef0327acbb82f7897d806c980daae0af7feabf87b35b1262cf5cb76c65c5f1b5,Craig David - Rise & Fall ft. Sting (Official Video),GBAWV0203029
160,"Hey Mama (feat. Nicki Minaj, Bebe Rexha & Afrojack) - Afrojack Remix",David Guetta,2015,https://www.youtube.com/watch?v=uO59tfQ2TbA,b4eaf4c8e382523504a772ff15380ceec4b3a3060676d19edcaed65f359e1efd,David Guetta - Hey Mama (Official Video) ft Nicki Minaj; Bebe Rexha & Afrojack,GB28K1500020
161,Still Loving You,Scorpions,1984,https://www.youtube.com/watch?v=7pOr3dBFAeY,ae9d9e437f3c3e1124fa95dbea6b85c7bf74c8b156c2edea207b851ee281f345,Scorpions - Still Loving You (Official Video),DEC371300049
162,Rocky,Frank Farian,1976,https://www.youtube.com/watch?v=7MZiB3Nqc68,8d83c89dd80fbd5bad6331d782519a4567a04b5248756c019a968db3441fd7ac,Frank Farian - Rocky (ZDF Disco 27.3.1976) (VOD),DEC737500030
163,"Hurra, hurra, die Schule brennt",Extrabreit,1980,https://www.youtube.com/watch?v=HlJREive7SY,a53355c8d5be1e026e96e8094ff2e2690128775e8b4fb0796254a62eac803009,Hurra; hurra; die Schule brennt,DEF088025220
164,My Way,Frank Sinatra,1969,https://www.youtube.com/watch?v=G_SixH-y8wI,03409cd4812079e24a60914959634b0bdf76b1dc3a85c3b58734ef5ee99e6615,Frank Sinatra - My Way (Live At The Royal Festival Hall; London / 1970 / 2019 Ed,USRH10902101
165,Higher,Taio Cruz,2010,https://www.youtube.com/watch?v=KRBS5WZMdik,9301dce620eb6b547e59819e29085b371323e6e78aca5751516dfecf3a08f36b,Taio Cruz - Higher (Official UK Version) ft. Kylie Minogue,GBUM71029512
166,Learn to Fly,Foo Fighters,1999,https://www.youtube.com/watch?v=1VQ_3sBZEm0,cd5e0fb0effcd6180f0778df7351474a9bfd8b80226f37919cb2c639d2731fe1,Foo Fighters - Learn To Fly (Official HD Video),USRW39900002
167,Island In The Sun,Weezer,2001,https://www.youtube.com/watch?v=erG5rgNYSdk,17bf330b9fabc4d2ada6554bf713946be2a3d7612c61814d9c2d0d234d5afc85,Weezer - Island In The Sun (Official Music Video),USIR10110358
168,Blame It on the Boogie,The Jacksons,1978,https://www.youtube.com/watch?v=nqxVMLVe62U,f157e896f2921b9b6be5c73c382fff2b9282aedba40d5d82074c3264fd61f1ab,The Jacksons - Blame It On the Boogie (Official Video),USSM17801024
169,Wicked Game,Chris Isaak,1989,https://www.youtube.com/watch?v=oz-y7llnVZ0,b849165c444cb948d2e6f16ca1cc8bd51df8f09461e12c6dadbc1df214f9b926,Chris Isaak - Wicked Game (Legendado),USRE19900989
170,Ich liebe dich,Clowns & Helden,1987,https://www.youtube.com/watch?v=7yrlMWSr1QQ,af491bc9a1eaccd098034cc3f6a57640226e28352d07192f21de35042b42777d,Clowns & Helden - Ich liebe dich (Version 2) (1987) [1080p],DEA622101291
171,Personal Jesus - Single Version,Depeche Mode,1990,https://www.youtube.com/watch?v=u1xrNaTO1bI,4fe602ad2cf47c606c81d0e088af382a9eb083aa58d71f7346e32d7482b06d2a,Depeche Mode - Personal Jesus (Remastered),GBAJH9800145
172,How to Save a Life,The Fray,2005,https://www.youtube.com/watch?v=cjVQ36NhbMk,b0d7602f456eb602dc08c5e6f63ff098613f96a8eceecd575e1ccb1baddf0ba9,The Fray - How to Save a Life (Official Video),USSM10601178
173,Everybody Needs Somebody to Love,The Blues Brothers,1980,https://www.youtube.com/watch?v=wDvIGZ-_au4,9e06843b2fe6c5fbe95b676a5dec322119e0daa2011b7bc8cf092e80c9f0f34d,The Blues Brothers - Everybody Needs Somebody to Love (Official Audio),USAT29200092
174,Nothing Else Matters,Metallica,1990,https://www.youtube.com/watch?v=9l9aU7YPhbA,ad378b2884c1f6ca48fb65c1f7f16237613280bc0332f5f33f59fa91425d62d3,Metallica - Nothing Else Matters - 4K - Remastered - 5.1 Surround,GBF089190020
175,Blank Space,Taylor Swift,2014,https://www.youtube.com/watch?v=e-ORhEE9VVg,6e4e7859bafaadc4bf7ea2f70fef9df2db400158066c00b9db219c36085c3038,Taylor Swift - Blank Space,USCJY1431309
176,Pure Shores,All Saints,2000,https://www.youtube.com/watch?v=dVNdTXEJv1A,f780906f51600268cd2409e7ff2a1b84d8fb98ed68fdadeb03206eb322ec5073,All Saints - Pure Shores (Official Music Video),GBAAP0000001
177,Without You,Mariah Carey,1993,https://www.youtube.com/watch?v=Hat1Hc9SNwE,8d4bb44b48cebdb3241b24da81c9c26d3b71c2f0b39900eaa120fed34cd6908d,Mariah Carey - Without You (Official HD Music Video),USSM19303176
178,Let's Get It Started - Spike Mix,Black Eyed Peas,2003,https://www.youtube.com/watch?v=IKqV7DB8Iwg,33f5ab7eea62c264c45e52c77e3c0d769e1d2463fe57ad95f60654d99c47ad24,The Black Eyed Peas - Let's Get It Started,USIR10400364
179,Chelsea Dagger,The Fratellis,2006,https://www.youtube.com/watch?v=sEXHeTcxQy4,8d4bf3a3b772c18494933b8ff8c0aeb2577dc35ceeb825281f135ebebf284cf5,The Fratellis - Chelsea Dagger (Official Music Video),GBUM70601571
180,My Favourite Game,The Cardigans,1998,https://www.youtube.com/watch?v=u9WgtlgGAgs,9f239e8b176bcbd143c4ace5eab4e70563812b385705e084160446ba547203d3,The Cardigans - My Favourite Game 'Stone Version',SEBKB9802010
181,Eye In The Sky,The Alan Parsons Project,1982,https://www.youtube.com/watch?v=56hqrlQxMMI,fff9498e4bc58eddd76fab68ec771877621d9925a0dc88eb85ec67f1f38ab936,The Alan Parsons Project - Eye in the Sky (Official Audio),USAR18200010
182,Message In A Bottle,The Police,1979,https://www.youtube.com/watch?v=MbXWrmQW-OE,6ab3e97267c71ef3648bcf5f733111ca804b28e8c449d9142cb5cc822893f60b,The Police - Message In A Bottle (Official Music Video),GBAAM0201170
183,Careless Whisper,George Michael,1984,https://www.youtube.com/watch?v=izGwDsrQ1eQ,ae6eb5f3ee513ba56a1a27b1ad295cd4cac570e618deee0463629ab7b76ae192,George Michael - Careless Whisper (Official Video),GBBBM8402006
184,In meinem Benz,AK AUSSERKONTROLLE,2020,https://www.youtube.com/watch?v=DP0zrtVKlug,60641acb2121a20351f02adb93efaa6f4f0920c6d7d80a0482cf911c1bb845fa,(Official Instrumental) AK AusserKontrolle x Bonez MC - In meinem Benz,DECE72000074
185,It Never Rains in Southern California,Albert Hammond,1972,https://www.youtube.com/watch?v=meDpNwem0Vo,1b7b123caaa987982c0b9aefb6673aeab952882c2be33fbb20f13c42082170dd,Albert Hammond - It Never Rains in Southern California (Audio),USSM17200519
186,Telephone,Lady Gaga,2009,https://www.youtube.com/watch?v=EVBsypHzF3U,554a40cd978198ab5ca1776a6470f806b8bf13082bd2843f205f30befde88832,Lady Gaga - Telephone ft. Beyoncé (Official Music Video),USUM70905541
187,Always on My Mind,Pet Shop Boys,1987,https://www.youtube.com/watch?v=bDMCwSP5nf0,c6526510f2cc7245e67809c4f3cbad6da06e65a78b9e28f7927813af705cf523,Pet Shop Boys - Always on my mind (Official Video) [4k Upgrade],GBAYE8700080
188,When Love Takes Over (feat. Kelly Rowland),David Guetta,2009,https://www.youtube.com/watch?v=zudbz4hOcbc,e09288fb736904cd32508d68f4fd41809990d89d4ecc4928bb31bbf46f8948f6,David Guetta Feat. Kelly Rowland - When Love Takes Over (Official Video),FRZID0900200
189,In The Dark,Purple Disco Machine,2022,https://www.youtube.com/watch?v=ZDrlmlzY7cE,e32d9014a731e834baa02afe9fe81702a08ab0c1f593c5d92ba1e716bb15aca3,Purple Disco Machine; Sophie and the Giants - In The Dark (Official Music Video),AUDCB1701963
190,Mit freundlichen Grüßen,Die Fantastischen Vier,1999,https://www.youtube.com/watch?v=uUV3KvnvT-w,7acc2b74eeb95d647f793480c4eb7ee26248aa39aa0bf54f90271909e322b3ce,Die Fantastischen Vier - Mit freundlichen Grüßen (Offizielles Musikvideo),DEE869900478
191,Imagine - Remastered 2010,John Lennon,1971,https://www.youtube.com/watch?v=iOs9Osz3UFQ,f767ebf4948a31cd17e14238d03d95c67ee4816d4df7284935b98741d9007f33,John Lennon - Imagine - 1971,GBAYE1000769
192,Du liebst mich nicht,Sabrina Setlur,1997,https://www.youtube.com/watch?v=YfhsNZ4CSu4,3520d4fc4a8ca9592dec9a1b3c6090c8d363e2e8aa9f05af33799c21d305febb,Sabrina Setlur - Du liebst mich nicht (NEW UPLOAD) (Official 3pTV),DEP950400885
193,Say My Name,Destiny's Child,1999,https://www.youtube.com/watch?v=sQgd6MccwZc,49ed841bd6b62dde1f6b18d120696850af30d60fd5b26e5a40bd50c3be8668d2,Destiny's Child - Say My Name (Official Video),USSM19901056
194,Have You Ever Really Loved A Woman?,Bryan Adams,1995,https://www.youtube.com/watch?v=diKIYv8tMC8,9f2bd24fd5b4645f9870af79ba0be56897b8d90ca508dd62ef0cc833cc757755,Bryan Adams - Have You Ever Really Loved A Woman? (Classic Version),USAM19500599
195,You Oughta Know - 2015 Remaster,Alanis Morissette,1995,https://www.youtube.com/watch?v=NPcyTyilmYY,e428217c851e240b61168f7d88229cfa9d3e239b37bbab32231fdcb6f1f5dcbe,Alanis Morissette - You Oughta Know (Official 4K Music Video),USMV21500002
196,Good as Hell,Lizzo,2019,https://www.youtube.com/watch?v=vuq-VAiW9kw,2601b6ed81aec977cdad8238dd2853f2b94434c494c242b611287fb471751588,Lizzo - Good As Hell (Official Music Video),USAT21600354
197,Parklife - 2012 Remaster,Blur,1994,https://www.youtube.com/watch?v=YSuHrTfcikU,7c586eee8ce1f7c844a122bae5de3098e924030f97d4907b4122bf53cc1c46da,Blur - Parklife (Official 4K Music Video),GBAYE1200577
198,Don't Look Back In Anger,Oasis,1995,https://www.youtube.com/watch?v=r8OipmKFDeM,b3bec9edd76153985a4d45a5d369bdf9f4d6b16d010e05341e120db127929cb1,Oasis - Don't Look Back In Anger (Official Video),GBAAW9500190
199,Thank You,Dido,1998,https://www.youtube.com/watch?v=1TO48Cnl66w,31a2cc9cffac01e1a0a347489e60f870e7a3cb885f7bd409fe653b92db77a247,Dido - Thank You (Official Video),USAR19900870
200,Sing It Back - Boris Musical Mix - Edit,Moloko,1999,https://www.youtube.com/watch?v=w1eN8vyVFIM,ad2c84963f995b1346e7c859b5da175253b982b1414b783821c292610f3ea2a5,Moloko - Sing It Back (Official HD Video),GBBND9800385
201,Just A Girl,No Doubt,1995,https://www.youtube.com/watch?v=PHzOOQfhPFg,a0c8246bb8d8f7041586de47bac630e56ac1642ff0842bd89b3c1d368c43d5c1,No Doubt - Just A Girl,USIR19500272
202,Let This Party Never End,Mark 'Oh,2002,https://www.youtube.com/watch?v=P3pkm8tlCEc,3034e220bd1a88af19aa92cea9c8aedee9882b5cd2dc0b5afb5c3137aa9fde6b,Mark Oh - Let This Party Never End (Official Video) (2002),DEA310903998
203,Sie weiß (feat. Mero),AYLIVA,2023,https://www.youtube.com/watch?v=69rX_1z-p2g,e1932fd098fe437fe37c4ca84b8cd5a2988e24dd4a362c4627fd055e5480c042,AYLIVA x MERO - Sie weiß (prod. by Frio & Kyree),DEA622202165
204,Candy,Robbie Williams,2012,https://www.youtube.com/watch?v=gtOV7bp-gys,b3a78e346259d3d5a3249162db3591d8425a0b56059d50f3274c2abef4d57890,Robbie Williams - Candy (Official Video),GBPS61200003
205,In the Shadows,The Rasmus,2003,https://www.youtube.com/watch?v=7gwO8-oqwFw,c3ccd2eaac2dbb9f91af9b438f9c8514450a676b24d415cd07311fab88b7d62d,The Rasmus - In the Shadows (Official Music Video),SEVJH0201601
206,What's Love Got to Do with It - 2015 Remaster,Tina Turner,1984,https://www.youtube.com/watch?v=oGpFcHTxjZs,d0e90c51abe09b687800911299ebf12ed2711eea50a2e6325c127739dcc84eeb,Tina Turner - What's Love Got To Do With It (Official Music Video) [HD Upgrade],GBAYE1401507
207,Mensch,Herbert Grönemeyer,2002,https://www.youtube.com/watch?v=1SG5A3PYaUs,6887384a570c2bff11409e67e22182766575b2770e1ad052750d9f31ca9e2042,Herbert Grönemeyer - Mensch (offizielles Musikvideo),DEC610800588
208,Paper Planes,M.I.A.,2007,https://www.youtube.com/watch?v=ewRjZoRtu0Y,4feb4e6d956783fbf6aeb046cbd85e25e8994b2f24563a0f30e53a65b4e0f4da,M.I.A. - Paper Planes,GBBKS0700215
209,Cry Me a River,Justin Timberlake,2002,https://www.youtube.com/watch?v=DksSPZTZES0,c43b06e418729ebd1a6b4802eb7b67573e656ff585ecad796be081d3282d8a32,Justin Timberlake - Cry Me A River (Official Video),USJI10200366
210,Sultans Of Swing,Dire Straits,1978,https://www.youtube.com/watch?v=h0ffIJ7ZO4U,b8a1908de6025334eb9ced1add43d6d4bb37ccba42c5ccde970162ddaf3a2cba,Dire Straits - Sultans Of Swing (Official Music Video),GBF089601041
211,Dear Future Husband,Meghan Trainor,2015,https://www.youtube.com/watch?v=ShlW5plD_40,336f4fac4690c6f5ce2abbe1db79ba47a43f972e1c339539bcc2ce91c7a9bee8,Meghan Trainor - Dear Future Husband (Official Video),USSM11406291
212,Und wenn ein Lied - Radio Edit,Söhne Mannheims,2004,https://www.youtube.com/watch?v=gThzgyY29xk,fd1eca34dfd95ec248146684acf23104e10f1fa70d6278e7aeec673d52f16c06,Und wenn ein Lied (Radio Edit),DEP470400063
213,Treat You Better,Shawn Mendes,2016,https://www.youtube.com/watch?v=VbfpW0pbvaU,855d7f162a616fc45d8b596a5336def36e84baef7a097dffaf8d6e8258c8225f,Shawn Mendes - Stitches (Official Music Video),USUM71604711
214,Beautiful Life,Ace of Base,1995,https://www.youtube.com/watch?v=wh-07BzfgYY,5c27a7e69b79a856f49796b3d23970a13ab75392b226c772dedfbeb620752ed3,Ace of Base - Beautiful Life (Official Music Video),SEVJH0803501
215,Better in Time,Leona Lewis,2007,https://www.youtube.com/watch?v=K1uNjmxJQUo,cbafe47b8ccc92cf20d3ac61c673efca129acd3bd9deaaf19875b0a696dc1275,The Pussycat Dolls - Stickwitu (Official Music Video) ft. Avant,GBHMU0700069
216,In the Navy,Village People,1978,https://www.youtube.com/watch?v=InBXu-iY7cw,24bea0660d3cd1373652127e3875f448f4fea23f01c57b3a170c23d4c1a570ce,Village People - 'In the Navy' (official music video),FR6V80878840
217,Kiss Me Thru The Phone,Soulja Boy,2008,https://www.youtube.com/watch?v=47Fbo4kU2AU,2d6ed4bdd9d9fd281039204dfe1e16fc5567598b19e68c185a3996d3e4c963db,Soulja Boy Tell'em - Kiss Me Thru The Phone ft. Sammie,USUM70848200
218,Something Just Like This,The Chainsmokers,2017,https://www.youtube.com/watch?v=FM7MFYoylVs,6860a79f0c0825ea29dc06b1bda8093dc9c29edb91410a9d8c1539911814dcec,The Chainsmokers & Coldplay - Something Just Like This (Lyric),USQX91700278
219,I Just Called To Say I Love You,Stevie Wonder,1984,https://www.youtube.com/watch?v=41oBGX58n5k,a379e3684a2f774998a6b64bf545c0a9bedd8015eeefaa40aff50128eaa0f32d,Stevie Wonder - I Just Called To Say I Love You 1984 (Official Music Video) Rema,USUMG9900476
220,Dreams,The Cranberries,1993,https://www.youtube.com/watch?v=Yam5uK6e-bQ,c02bc4db2ed28a7762200a5ce9ca35b0baca20931277eb593a6a567349e531c5,The Cranberries - Dreams (Dir: Peter Scammell) (Official Music Video),USIR29300080
221,Kids,MGMT,2007,https://www.youtube.com/watch?v=fe4EK4HSPkI,8e95cb1ef0a4880fc5001416157719620387523c16effc0aee2291897684fabb,MGMT - Kids (Official HD Video),USSM10702135
222,Keine Amnestie für MTV,Böhse Onkelz,2002,https://www.youtube.com/watch?v=EAhfbAdHS9E,76b953427338b4eca3e81f3b77cf447d1b95d57fdda3ed2b0470c61c975262b7,Böhse Onkelz - Keine Amnestie für MTV,DEN490200001
223,Über sieben Brücken musst du geh'n - Digitally Remastered,Peter Maffay,1980,https://www.youtube.com/watch?v=28MMYPoG8ag,a502571bba6acd0e0784fef8f9910ee81ec4ef28d94b88a3a0aa60eece9ce971,Karat - Über sieben Brücken musst du geh'n (Die aktuelle Schaubude 17.05.1980),DEA810601715
224,Kein Zurück,Wolfsheim,2003,https://www.youtube.com/watch?v=teACvJ3clsI,8e74617249277f456963e9bcb2aec2dfa3e9569855c3d5856d48e6432fdb8438,Wolfsheim - Kein Zurück (2003 / 1 HOUR LOOP) * REVISION *,DEE020200840
225,Sunshine Of Your Love,Cream,1967,https://www.youtube.com/watch?v=lZ0IIk1NTAk,e92c7bce873ba88bbda9e800b027edf4aae70f275eb162fc81e25da91626a911,Cream - Sunshine Of Your Love,GBA076700020
226,Westerland,Die Ärzte,1988,https://www.youtube.com/watch?v=Acq4odTvLQs,a535c52e0c71b4c4c4ac501e0c90b9fe9185a10f909dc186c95633d94d837993,Die Ärzte - Westerland (Official Music Video),DEE868800049
1,You Came,Kim Wilde,1988,https://www.youtube.com/watch?v=P6Agwu_5J14,e4c352ef640b3ce4e7a56c533eac8dd25767175c33ad504386b7efa1371be8ed,Kim Wilde - You Came (Official Music Video),
2,Sweet Dreams,La Bouche,1994,https://www.youtube.com/watch?v=b9McVO9hpUE,4a39cfaae6e77a0a85758f5c3a3a6c7c993ea4644400d437ca54330eea37b3fe,La Bouche - Sweet dreams (Official Video),
3,Love And Marriage,Frank Sinatra,1955,https://www.youtube.com/watch?v=tKjGdLeK2k4,20a1c894ea5e90548805624cad2c3eae53f80ce290f85336447bbc3e5341b8e9,Love And Marriage,
4,Twistin' the Night Away,Sam Cooke,1962,https://www.youtube.com/watch?v=QroJjYr_sAQ,7f2eedd5ef0d6a5fccd2cbe35b09a2a0fe077561a6079d9f4b04d2210fcf491b,Twistin' the Night Away - Sam Cooke (1962) Stereo.,
5,Heavy Cross,Gossip,2009,https://www.youtube.com/watch?v=5mQVljB7JGw,3aaa9c27b9856134a7a8b08fa8d6a6b99b15ec2411a3e55c1a8e590699557108,Gossip - Heavy Cross (Official Video),
6,Cat's in the Cradle,Harry Chapin,1974,https://www.youtube.com/watch?v=5u-KWa3tL-0,dc90643b5eb3081bb3ab69c4d3af0d6332120dc72a9a5e886a10684e97ba568e,Harry Chapin - Cat's In The Cradle (Official Lyric Video),
7,Fairytale Gone Bad,Sunrise Avenue,2006,https://www.youtube.com/watch?v=OUyfQLd3bCs,4be4ff8bab0acd83be660522a83f885e97b5f681c73928969007bb4353ebfafe,Sunrise Avenue - Fairytale Gone Bad (Official Video),
8,Maid of Orleans - Live,OMD,1981,https://www.youtube.com/watch?v=xy-Q8LZcaiA,6ea94a216437a3140714a670a8f6b7e9a0e888336c98e1b8ec2825112dcfebf6,"Orchestral Manoeuvres in the Dark ""Maid of Orleans (Joan of Arc)"" (Official live video)",
9,Fürstenfeld,S.T.S,1984,https://www.youtube.com/watch?v=FpRmP0XUVcA,54b13ed873ab54936d36a99244034dc4f4f7456c51a4835b35adabccc620e6e4,S.T.S - Fürstenfeld,
10,Secret Love,Bee Gees,1991,https://www.youtube.com/watch?v=iVseOSFTGAw,2e0c990bc9364e1a97ba1e879f498433ad8331ee61984f5fb9639145750a3c18,Bee Gees - Secret Love,
11,Centerfold,The J. Geils Band,1981,https://www.youtube.com/watch?v=BqDjMZKf-wg,4d262fa73979fc78dce6455bcd954719217448ffd19963a70dcbfeaf042b5bd4,The J. Geils Band - Centerfold (Official Music Video),
12,You Never Walk Alone,Mathou,1992,https://www.youtube.com/watch?v=8YbUyjt_MQQ,43d61cbcb62b717c3b008d9d8715db7e3a33a7cca840dd5214560c31873263d9,Celtic Woman - You'll Never Walk Alone,
13,Ashes To Ashes,David Bowie,1980,https://www.youtube.com/watch?v=HyMm4rJemtI,88d9039d9c5dd31adc7ae4caa0d19a2ce660953b94e93eda3784903a7b0fcdfd,David Bowie - Ashes To Ashes (Official Video),
14,Sweet but Psycho,Ava Max,2018,https://www.youtube.com/watch?v=DeRMg_AUZJg,a30e4c1c3561423cbb2fba31b0d4b4457af8bc24894f4d37e41ab8adc4e5e557,Ava Max - Sweet but Psycho ( Lyrics ),
15,Nine Million Bicycles,Katie Melua,2005,https://www.youtube.com/watch?v=rrPUJsZQSkw,4fe9956d413faa6c249d02d6f7d78d1973b908f4d5216f94fab0106969cc13a1,Katie Melua - Nine Million Bicycles (Official Video),
16,Alejandro,Lady Gaga,2010,https://www.youtube.com/watch?v=niqrrmev4mA,2c55cb1edd521ebe1503042c8c59d0b9c777c22b5c19d6ee33490b6613a8ec0e,Lady Gaga - Alejandro (Official Music Video),
17,What You're Proposing,Status Quo,1980,https://www.youtube.com/watch?v=9sivblqJGN4,7fbe0f17dbf2968422445e2d980d23630bfbd5f45c2a42f204bcf35057777b28,Status Quo - What You're Proposing • TopPop,
18,Suburbia,Pet Shop Boys,1986,https://www.youtube.com/watch?v=-VCqAjYO3NM,a5ad2d02b2d3ce734a85233422fdae4e3398ede04b218c62e7de1d1272cf2417,Pet Shop Boys - Suburbia,
19,Adiemus,Karl Jenkins,1995,https://www.youtube.com/watch?v=u2ZLeSkaezM,10bfc184ac970c996a22eb5dd244d6dc43a410b8baafcb3c5f638b768281483a,Karl Jenkins - Adiemus (Official Music Video) HQ-HD,
20,You Can Leave Your Hat On,Joe Cocker,1986,https://www.youtube.com/watch?v=4b04jq7NB1s,6241073828c723b873b1cb6baa7a267492de1311899b2610b1dde6ae2d9d17ec,Joe Cocker - You Can Leave Your Hat On (Official Video),
21,Wake Me up When September Ends,Green Day,2004,https://www.youtube.com/watch?v=pGhwBFYtn1s,183c434d0b7459a3f4086576230c5055166ddd7c19d785c50482b05b8aa171b3,Green Day - Wake Me Up When September Ends (Official Audio),
22,Mull Of Kintyre,Wings,1977,https://www.youtube.com/watch?v=Plhtk_XJqhM,1181e66a256aa7bb183bb65bcd5c2540aedfa6c1d9d5720db956b8d69edcc8ae,Wings - Mull Of Kintyre,
23,Blaze Of Glory,Jon Bon Jovi,1990,https://www.youtube.com/watch?v=MfmYCM4CS8o,00e40e77e37f1c6bd176e2b265c027b7c9cfe6b06b86cbfdc54af27ad4ed713d,Jon Bon Jovi - Blaze Of Glory (Official Music Video),
24,Diamonds,Rihanna,2012,https://www.youtube.com/watch?v=lWA2pjMjpBs,d9d7c29820bbb945dcea4b2c0e0d696d90e3cd4421ccc337ee43b0d4635b58a0,Rihanna - Diamonds,
25,In Zaire,Johnny Wakelin,1976,https://www.youtube.com/watch?v=gGJIosbxLvQ,07382e6cf9ac7acf76c2a95f8a1b2e94f9581205e1d2e4f355b15626df2a3889,Johnny Wakelin – In Zaire – 45'lik Plak,
26,C’Mon Everybody,Eddie Cochran,1958,https://www.youtube.com/watch?v=Wl1-uj1UQuk,8bf282b430879cc835b15ba6cc969e1f83ea7438a961512c2b7390e99cae3ded,C’Mon Everybody,
27,Nothing Breaks Like a Heart (feat. Miley Cyrus),Mark Ronson,2018,https://www.youtube.com/watch?v=A9hcJgtnm6Q,e23ea2d6479c9957cc1cb17edf44e86cec675c2c2283f05d5e923f77d688006b,Mark Ronson - Nothing Breaks Like a Heart (Official Video) ft. Miley Cyrus,
28,Roar,Katy Perry,2013,https://www.youtube.com/watch?v=CevxZvSJLk8,9d705923de0c46da068a7b892ea8bcf22172e466250a1850ebb20f4dc20a8ff3,Katy Perry - Roar,
29,Jeans On,David Dundas,1976,https://www.youtube.com/watch?v=9SaCg41nVsw,2c6978a01806c2d9c4359fe98a559568dc17a037409743e34f45ae13b990e682,David Dundas -Jeans On,
30,Kiss,Prince,1986,https://www.youtube.com/watch?v=H9tEvfIsDyo,bcdd59eeded2f0f202f5537c88ceaf8583a29a08e63f57ea5deda757d18d14aa,Prince and the Revolution - Kiss (Official Music Video),
31,Let Her Go,Passenger,2012,https://www.youtube.com/watch?v=RBumgq5yVrA,a254fecd6c572c86dbde5b6560cf720c11e38f07ad0fd366b108a432b1ac4ed9,Passenger | Let Her Go (Official Video),
32,If I Could Turn Back Time,Cher,1989,https://www.youtube.com/watch?v=9n3A_-HRFfc,b4178c8f9635f591f8115341e5cbb47c3c2622f4a7e6a853ac3f2b12f144aa28,Cher - If I Could Turn Back Time (Official Video),
33,Ham kummst Single,Seiler und Speer,2014,https://www.youtube.com/watch?v=GWgisTPKCdk,1e5e7d2a81b0a330b1ed6c2596b6ba516a8a8a776bd8b7ee59eea8d68f4a2579,Seiler und Speer - Ham kummst,
34,You Can Get It If You Really Want,Desmond Dekker,1970,https://www.youtube.com/watch?v=rQbWO86kXH0,f2abdfe71ea87cfe4ada4ecb58faef043c673a039865b6dbb5130204f993b550,Desmond Dekker - You Can Get It If You Really Want - 1970,
35,Almost Lover,A Fine Frenzy,2007,https://www.youtube.com/watch?v=I_S_TbD1XFM,f077873b7d465dfdee0ca52d31dc9c2fcfbcb5bbc6ffacc4d40b74a2d0ab710c,A Fine Frenzy - Almost Lover,
36,Holding Out for a Hero,Bonnie Tyler,1984,https://www.youtube.com/watch?v=bWcASV2sey0,3d1b4b739a55efe85706741cab80c69c644452dab2ff6a0c0174b682526aa1a0,Bonnie Tyler - Holding Out For A Hero (Official HD Video),
37,Powerless (Say What You Want),Nelly Furtado,2003,https://www.youtube.com/watch?v=ouj5GFOfgYE,f1d051d16bda9c8dea8ec137be272fff0372cac0820d8fcc57d3b32682fe4a1b,Nelly Furtado - Powerless (Say What You Want) (2003),
38,You Shook Me All Night Long,AC/DC,1980,https://www.youtube.com/watch?v=Lo2qQmj0_h4,fe6a0f09f8fb1bb800427ec99e3663c3517e1d2894acaaf6f22bf621cefba128,AC/DC - You Shook Me All Night Long (Official 4K Video),
39,Nikita,Elton John,1985,https://www.youtube.com/watch?v=Tg-Q-Acv4qs,7ea5927a754330ac523c3caaee559b80215367f3c54013dd0e041b1a29889936,Elton John - Nikita,
40,Beautiful Madness,Michael Patrick Kelly,2020,https://www.youtube.com/watch?v=t_eCNMMyL_Y,5010e0fe425fdd5c0a259f6b37df247d5dcc209b9009c32a288e209aa1090818,Michael Patrick Kelly - Beautiful Madness (Official Video),
41,Word Of Mouth,Mike + The Mechanics,1991,https://www.youtube.com/watch?v=7jbSwMU7H0w,ad1cb9075d33119b9352e7a98c7d63ca44b9e88754be832c6fbf2e3d08a2f841,Mike + The Mechanics - Word Of Mouth (Official Video),
42,The Riddle,Nik Kershaw,1984,https://www.youtube.com/watch?v=qLlpoiNvE2k,e33c98fe668c0df70e65b6b849248eba0002b0c3b3fd0c39c522090c81940cb3,The Riddle,
43,Angry,The Rolling Stones,2023,https://www.youtube.com/watch?v=_mEC54eTuGw,11a0ebab8ab4c5c5fde535261956801514ec9dc75d8d881fa3bb92a55e6d1b74,The Rolling Stones - Angry (Official Music Video),
44,Weus'd a Herz hast wia a Bergwerk,Rainhard Fendrich,1983,https://www.youtube.com/watch?v=oTw3tHVkpdc,23af3587fc15b0e6995baf69541318108bb212567c2783786501b80e81be7fda,Rainhard Fendrich- Weusd a Herz hast wia a Bergwerk (Live),
45,A Groovy Kind of Love,Phil Collins,1988,https://www.youtube.com/watch?v=HsC_SARyPzk,1c17b426b1e00b602e033e2dc972c46de92fa4e33cad4457b02d5be95abfa5d1,Phil Collins - A Groovy Kind Of Love (Official Music Video),
46,HALLO KLAUS (I wü zruck zu Dir) ZRUCK ZU DIR (Hallo Klaus) - Orginal '83 (weibliche Version),Nickerbocker & Biene,1982,https://www.youtube.com/watch?v=sQ0UT5YSKWE,0d013740b984b7632aac01ef824f53f90967783af304ae35479ca8a366cb5019,🎵 Nickerbocker & Biene - Zruck zu Dir (Hallo Klaus) (1982) (4K 👀Visualization),
47,Hang on Sloopy,The McCoys,1965,https://www.youtube.com/watch?v=NpaT9wXVUHo,71e64d0372c2c1ce737b3906d5d0e293798cb645d3b6bd022afaacb10851819b,The McCoys - Hang on Sloopy,
48,Cryin',Aerosmith,1993,https://www.youtube.com/watch?v=qfNmyxV2Ncw,54a4a8538191f08b00cc3486bcf5acac5dd2cee1b85e0a1d609f6b9c6637c5e7,Aerosmith - Cryin' (Official Music Video),
49,Paranoid,Black Sabbath,1970,https://www.youtube.com/watch?v=0qanF-91aJo,8936b3a8bcfc007a094db54d8afcca3cf67a9dfeb0bf9373f8f41b141f918045,"BLACK SABBATH - ""Paranoid"" (Official Video)",
50,I'm Walkin',Fats Domino,1957,https://www.youtube.com/watch?v=rFJ3CYIEZk8,8466dd654be3ceb2c6a8839dcc5eebc7c8fd90cb4b1d46736c40ead1974e3330,Fats Domino - I'm Walkin'  [HD],
51,The Night They Drove Old Dixie Down,Joan Baez,1971,https://www.youtube.com/watch?v=KslFHREKeqE,9054a074c2b3977e935686449b833ea695cf02125ca46290d089d146e1ec1255,Joan Baez - The Night They Drove Old Dixie Down - 1971,
52,Hey! Baby,Bruce Channel,1961,https://www.youtube.com/watch?v=LpgTfYK_uyU,1b5f325690b6e20ff02e5fe05fc16612791cdb5a5d2d8f841d4cf4cbd62024ec,Hey! Baby (Remastered),
53,Bello e impossibile,Gianna Nannini,1986,https://www.youtube.com/watch?v=xoco58gF8h0,e5c3f1ab62170b354e06177f0a45f4e896c0ddc48d0f1ed6eefea89e34ed3a7b,Gianna Nannini - Bello e impossibile,
54,Wild World,Mr. Big,1993,https://www.youtube.com/watch?v=Za9LY6Q3EuI,ac0860f07393087cfea85d42125aff7c128375ba70d0cee967649da11df2a22d,Mr. Big - Wild World (MV),
55,I'd Love You to Want Me,Lobo,1972,https://www.youtube.com/watch?v=uuluv2ehJ4M,1a14435380825df9fd1b0d2a5891276c3d732a34a7dc852ce815fd768e488314,I'd Love You to Want Me,
56,Wuthering Heights,Kate Bush,1978,https://www.youtube.com/watch?v=0ps2-Ze1vuA,96a0106b8788edf96157dcaf769ea731229938ab776ba3f8e2c49d7eb03fb07e,Kate Bush - Wuthering Heights (Ruud's Extended Edit),
57,Sex on Fire,Kings of Leon,2008,https://www.youtube.com/watch?v=RF0HhrwIwp0,c8dd0bec972f5e5439f4337f26b5bb59971c6f79d3580d5172345a1e9a94691c,Kings Of Leon - Sex on Fire (Official Video),
58,An guten Tagen,Johannes Oerding,2019,https://www.youtube.com/watch?v=CbHeVxjergo,c5e68bec33a661dd3df112cbb1a26a4474c86f2b9260b88c67257dac8ab93301,Johannes Oerding - An guten Tagen (Musikvideo),
59,Love Is A Shield,Camouflage,1989,https://www.youtube.com/watch?v=zXzqcDnzDgc,22740d432a59c1df4d2d4b80884783c3c901aaac735bcd41ad2b6044dd86cc5d,Camouflage - Love Is A Shield (Official 4K Video),
60,Bad,Michael Jackson,1987,https://www.youtube.com/watch?v=dsUXAEzaC3Q,c6778b49ef1c39e90a985611eb211a0721298bce79095176617b4b9f11e32cc2,Michael Jackson - Bad (Shortened Version),
61,Angels,Robbie Williams,1997,https://www.youtube.com/watch?v=u5LA8RwigtE,29a674ff1a21b8f2cc7f0ab79237badf6c1dc408efebd82e39bf92836745cbcb,Robbie Williams - Angels (US Version) [1997],
62,Ma Baker,Boney M.,1977,https://www.youtube.com/watch?v=9c5yPIQ3LQI,3475f71db8e821d6c6761c1758f90b674b88465767dda46c27a5a141e7a66360,Boney M. - Ma Baker (Sopot Festival 1979),
63,Eye of the Tiger,Survivor,1982,https://www.youtube.com/watch?v=btPJPFnesV4,592bbd4dd925652e0d9224abd42b329ea2892c9d459a856f18fcfb262dce81a0,Survivor - Eye Of The Tiger (Official HD Video),
64,Higher Power,Coldplay,2021,https://www.youtube.com/watch?v=3lfnR7OhZY8,e8260b7763f6bb2c87e16579f67058280fce0f71fa81e80ada15598e907eae48,Coldplay - Higher Power (Official Video),
65,Ballroom Blitz,Sweet,1973,https://www.youtube.com/watch?v=tzuYT2VPsY8,e8ad47a0974a45d7ab4deea2cbeeb2cfc4ed660babd9f63c8da827bc718152f3,Ballroom Blitz,
66,This Flight Tonight,Nazareth,1973,https://www.youtube.com/watch?v=7ikiV-frBBU,87b36dce18525999a76663a0a34108d1034b10c78a013f8a9e101f875425e0b6,Nazareth - This Flight Tonight,
67,Here I Am,Dominoe,1987,https://www.youtube.com/watch?v=f9qVafrtGmk,8cd5da36e1e02267ddd707a9a585316f9e4fed4752ffdb67f7aede80e7d5a51c,Dominoe   Here I Am,
68,Hello - Turn Your Radio On,Shakespears Sister,1992,https://www.youtube.com/watch?v=bTv7wO9bJVk,202f92a0129cd4f32a7ced5d3e0e4b8d3ffbd72721d6f1b8238e9ddd7c1ad244,Shakespears Sister - Hello (Turn Your Radio On) (Official Video),
69,Sunglasses At Night,Corey Hart,1983,https://www.youtube.com/watch?v=X2LTL8KgKv8,51f1d4945ec2cf87dbcb0c09131a70824de7f3be75e0d116daf04bbff60dffba,Corey Hart - Sunglasses At Night (Official Music Video),
70,Frozen,Madonna,1998,https://www.youtube.com/watch?v=XS088Opj9o0,23e756494085cb3ff2a030b09cd8675399753fc624a8b930719f2116c5159abd,Madonna - Frozen (Official Video) [HD],
71,Supergirl,Reamonn,2000,https://www.youtube.com/watch?v=ucI3IpuM-NQ,687221c0e0e46f6155d615805aa56f267f3227d985e043b623e431b049bc3dcd,Reamonn - Supergirl,
72,Lady In Black,Uriah Heep,1971,https://www.youtube.com/watch?v=bYZ2ftVIr0g,bd1abd0ac8695957df7e7b5d0e903f38ef30146bc71d8965c41dbd7b70e720f1,Uriah Heep - Lady In Black (Official Lyric Video),
73,No Roots - Live from Spotify Berlin,Alice Merton,2016,https://www.youtube.com/watch?v=SnyNhpEbnfM,78f3734b17ffab1efdad8bca133b3dddf2dc1d3b3144eb1c0fe2615632f985bc,Alice Merton - No Roots (The Orangery Session) (Amazon Original),
74,Se bastasse una canzone,Eros Ramazzotti,1990,https://www.youtube.com/watch?v=C6dpQWnRII0,9469954ab0375f8e9cb5b496af7217e2ca73b707b51ca19b14561278f6ad637f,Eros Ramazzotti - Se bastasse una canzone (Official Video),
75,Children,Robert Miles,1995,https://www.youtube.com/watch?v=CC5ca6Hsb2Q,a1fb7ded9bb531372b20a84ae5c300402c189cebffa04c66985176ca4ca73551,Robert Miles - Children [Dream Version],
76,A New Day Has Come,Céline Dion,2002,https://www.youtube.com/watch?v=NaGLVS5b_ZY,88a575b17ee255ba7783fd88fe7907ef1d47f98bccd918f2de7d07d2c28b8850,Céline Dion - A New Day Has Come (Official HD Video),
77,The Winner Takes It All,ABBA,1980,https://www.youtube.com/watch?v=92cwKCU8Z5c,454844352ae17c2cffce83ded020580ee02f40c91a76e13f846079d5309d2c7b,ABBA - The Winner Takes It All,
78,If You Believe,Sasha,1998,https://www.youtube.com/watch?v=uftyAPVqc_4,f905b5399886489763a6ad649b150407ab22d609910749c207a1c4f93c525089,Sasha - If You Believe (Official Music Video),
79,Living To Love You - Single Version,Sarah Connor,2004,https://www.youtube.com/watch?v=YIEfguNqvJo,5056cc0a544367e06d483ba2b1c03702629f78484f27acb0e1c3db1e5b73e6a1,Sarah Connor - Living To Love You (Official Video),
80,I've Been Thinking About You,Londonbeat,1990,https://www.youtube.com/watch?v=dGw3w_njQ4g,dcdae445b023c72318cf4c120fcb562b308942eb495a5509639323eb1714fe15,Londonbeat - I've Been Thinking About You (Video),
81,Bad Day,Daniel Powter,2005,https://www.youtube.com/watch?v=gH476CxJxfg,797482dc91f2d61ae0f26d2df53f325b11f2254aa6be3685e9df97b6279cf0ad,Daniel Powter - Bad Day (Official Music Video) [HD],
82,Living Next Door to Alice,Smokie,1976,https://www.youtube.com/watch?v=Z6qnRS36EgE,f00ce6df9c34ab8330971a869f62877190846b47446736e3ac2c75e82a26eca7,Smokie - Living Next Door to Alice (Official Video) (VOD),
83,Hedonism (Just Because You Feel Good),Skunk Anansie,1996,https://www.youtube.com/watch?v=14nbVGHE7r8,d079e707d5b19508db4a784e9f6f5d14a0a52cee87dda5480033224823c42344,Hedonism (Just Because You Feel Good),
84,The One and Only,Chesney Hawkes,1991,https://www.youtube.com/watch?v=ZvMsp7s78Do,ac903ee1ecd1fa9615ab1c60e34f8119f2d76eaef4150587b6835c4ee97fb0c9,Chesney Hawkes - The One and Only (Official Music Video),
85,Fly Robin Fly,Silver Convention,1975,https://www.youtube.com/watch?v=sYn3wSK--M8,1511fa5718b7284c2c5322ceee0821fc6b8bcc6c7090b25e37581b91d0d1ec4e,Silver Convention   Fly Robin Fly 1975 • TopPop,
86,Red Red Wine,UB40,1983,https://www.youtube.com/watch?v=zXt56MB-3vc,519b00fc1ab76bad76c5a6ced33355c41d0a31a6a45d0f089194c6c334f36092,UB40 - Red Red Wine (Official Video HD Remastered),
87,People Are People,Depeche Mode,1984,https://www.youtube.com/watch?v=MzGnX-MbYE4,b6992177b6bc7b67eac9b6a1beb83457c404d939e5c473325e0973e56c304087,Depeche Mode - People Are People (Remastered),
88,I Want To Hold Your Hand,The Beatles,1963,https://www.youtube.com/watch?v=_DGATUBGzYo,67f401e8862d254986b0fb3bf1f79772e10c17189bfc09c596470ea11757bec6,The Beatles-I Want To Hold Your Hand,
89,Narcotic - Radio Edit,Liquido,1998,https://www.youtube.com/watch?v=PJ7E40Ec5ec,98a1c7ed111f645fb2f514dc6d4a78baa38918a00aa955b4d37862c1a7f54eb9,Liquido - Narcotic (Official Video),
90,Papa Was A Rollin' Stone - Single Version,The Temptations,1972,https://www.youtube.com/watch?v=71l85z2bXAs,beba1a441371695e9d70f48674c0d62624fff37de74fc6fc4a4dc70452f62c52,Papa Was A Rollin' Stone,
91,A Girl Like You,Edwyn Collins,1995,https://www.youtube.com/watch?v=6oqJ0JpMj6I,a6d8d66c253db7fa5420f72bf52f37c128c467e676a010dfbf8f3af436322763,Edwyn Collins - A Girl Like You (Official Video),
92,Sign of the Times,Harry Styles,2017,https://www.youtube.com/watch?v=qN4ooNx77u0,0d274154ac0407771c4b747e738502658e79b1c9a5cb40f4dcf90e179ebcae49,Harry Styles - Sign of the Times (Official Video),
93,Dream Lover,Bobby Darin,1959,https://www.youtube.com/watch?v=HkaPF3owM0Q,15121e4adb21263f6b9cdf83fac8488e4a11628ceb0654905dc86dc011c2b9de,Dream Lover,
94,Behind Blue Eyes,Limp Bizkit,2003,https://www.youtube.com/watch?v=Tr8uesBowS4,ba343db2546b22b8bac53c6ffff600c095f2de43d01c8a69e9b927ee4963fbde,"Limp Bizkit ""Behind Blue Eyes""",
95,Patience,Take That,2006,https://www.youtube.com/watch?v=273eSvOwpKk,5f95e8db13b9d2d052078d46a18641d849c1c439ddad6c098666b77c5f294557,Take That - Patience (Official Video),
96,Photograph,Ed Sheeran,2014,https://www.youtube.com/watch?v=nSDgHBxUbVQ,05b5f03f3116fd9bd2ccea579e225f56e6f199e0062dd9f537515ee4cdfdc642,Ed Sheeran - Photograph (Official Music Video),
97,Underneath Your Clothes,Shakira,2001,https://www.youtube.com/watch?v=uwBwKcQ1k84,5869e4491acee3e4be26d167067209c43399870f51f6cc3860e0c9b20a9cd4af,Shakira - Underneath Your Clothes,
98,Always - 2009 Remaster,Erasure,1994,https://www.youtube.com/watch?v=lWqJTKdznaM,ec09a49407510c9517554b5f1c8765fee9e1b77c75c487465b557691ffb697d0,Erasure - Always (Official 4k Video),
99,Don't Let Me Be Misunderstood,Santa Esmeralda,1977,https://www.youtube.com/watch?v=uvXeeus94GY,79176cf9234cfc49a8ad8704498def8a82f20a0b9a96d96d03479171eb778cd4,Santa Esmeralda - Don't Let Me Be Misunderstood (1977) • TopPop,
100,The Sound of Silence,Disturbed,2015,https://www.youtube.com/watch?v=u9Dg-g7t2l4,8cccba65dfd784de6711c3d8c997a448f98c618cd8e1cbfa365e91d19c36933b,Disturbed  - The Sound Of Silence (Official Music Video) [4K UPGRADE],
101,Dreadlock Holiday,10cc,1978,https://www.youtube.com/watch?v=fUNTk5xsxk4,0920b883ba3bdf779043e5dd5f57818fae85b003502b646d0d6bca0cc7935f9b,10cc - Dreadlock Holiday,
102,Quit Playing Games (With My Heart),Backstreet Boys,1996,https://www.youtube.com/watch?v=Ug88HO2mg44,ebaed7c598656b31a04d6a5e5d35d80e3ce84e3565f2b0acf5b070153f82daab,Backstreet Boys - Quit Playing Games (With My Heart) (Official HD Video),
103,Human,Rag'n'Bone Man,2016,https://www.youtube.com/watch?v=L3wKzyIN1yk,fe48b3bcc88a98734d90496db0a7ade58108e72e8cecbcfd2f2bd797eaa814bf,Rag'n'Bone Man - Human (Official Video),
104,Crying At the Discoteque,Alcatraz,2000,https://www.youtube.com/watch?v=a1fFwOXBxik,656ba4aef6262c60177f4cfd6e399ca5e9ce2bb66eb0bb9e72aa945f9a24a8d9,Crying At the Discoteque,
105,Eternal Flame,The Bangles,1988,https://www.youtube.com/watch?v=PSoOFn3wQV4,fb0397fb217a50a55b9e5c45a1272de947c53ad9f0819709179b85c9908cf080,The Bangles - Eternal Flame (Official Video),
106,Mamma Maria,Ricchi E Poveri,1982,https://www.youtube.com/watch?v=kB2aezd6ikg,0bf2d9f461cbe0d84fbad88c86707332c6955732103a98bcb2ed710808681c07,"Roma - ""Mamma Maria"", Ricchi e Poveri",
107,Sweet Harmony,The Beloved,1993,https://www.youtube.com/watch?v=rP9Z5Pc8cRM,116601ae760b04cbe0d6c386c9a3bd324ce603b6fe55e6472026d7ec1b72ca6a,The Beloved - Sweet Harmony (Official Video),
108,Dreamer,Ozzy Osbourne,2001,https://www.youtube.com/watch?v=LCCiwPEdEpg,ada68f28df55e95ed57bbac2370784f4884145516652314220ce0b7309550562,"OZZY OSBOURNE - ""Dreamer"" (Official Video)",
109,Like The Way I Do,Melissa Etheridge,1988,https://www.youtube.com/watch?v=p07GhDsZgz4,9bd0f7cf51c76238154772d3f525456e472ac9fff778192677b1f6e9ed6ceb78,Melissa Etheridge - Like The Way I Do,
110,Save the Last Dance for Me,The Drifters,1960,https://www.youtube.com/watch?v=6ht5FGcSNUM,e40fa0662acc5efa0d4a10d839f6378cf6aa0dc73e9d2fb2cc324293386bfc45,The Drifters - Save the Last Dance for Me (1960),
111,Far Far Away,Slade,1974,https://www.youtube.com/watch?v=G76pMAgNZNI,f5ecb8f7931004a8271c414c627c5a0eebbbb9741263b6c55517a1ab5498ca22,Slade - Far Far Away (Official Audio),
112,Dreams Are Ten A Penny,John Kincade,1972,https://www.youtube.com/watch?v=T8QTJumrb-s,7b5960726cc5ba7be4ac1caa092d74afc60182317dfe5bdaff5aef063f8e2660,John Kincade - Dreams Are Ten A Penny - 1973 - Fitness Center Top-Fit - Best Hit Mix,
113,When We Stand Together,Nickelback,2011,https://www.youtube.com/watch?v=oYT-6UrJbqw,120145035bc06a7b380950a59b034abb1c2ade837f92a274cd7a6fe0c8e4bca2,Nickelback - When We Stand Together [Official Video + Download!],
114,Video Killed The Radio Star - Single Version,The Buggles,1979,https://www.youtube.com/watch?v=ID_xOeAx1QE,a7a13c3ecbbaaa39163ef49dd83254e84a23bd68e5e4e6191fb6e7805a783f11,The Buggles - Video Killed The Radio Star - 45rpm - 1979,
115,Run,Leona Lewis,2008,https://www.youtube.com/watch?v=jqpAgMxhx30,c439f2df2a0031e153a86a4a04205788bd368d2fcabd572b00de4261e0b1f4d1,Leona Lewis - Run (Official Video),
116,Ain't No Sunshine - Single Version,Bill Withers,1971,https://www.youtube.com/watch?v=YuKfiH0Scao,fdfdf0dd06c8a994da2b27a859137993df9e697a8b69cfb719f1a0056442ef5e,Bill Withers - Ain't No Sunshine (Official Audio),
117,Why Does It Always Rain On Me?,Travis,1999,https://www.youtube.com/watch?v=PXatLOWjr-k,3b5990533c5c5a9ff3865fbf97d5ecd9f84084adc7ed35a6b6f984bf88d92bb0,Travis - Why Does It Always Rain On Me? (Official HD Music Video),
118,The Sound of Musik,Falco,1986,https://www.youtube.com/watch?v=SkA9G4-fYm8,f9321da2a840ec69ddceca93090cebf12c254ae0b27252f344854409cf4d4269,Falco - The Sound of Musik (Official Video) (HD Version),
119,Maria Magdalena,Sandra,1985,https://www.youtube.com/watch?v=Cu68U1X_kXA,c1fc2718dc139ed946f276cf6a1597ee6950b0a070c94679263495f0d5ba28cc,Sandra Maria Magdalena Fan Made video,
120,Destiny,Jennifer Rush,1985,https://www.youtube.com/watch?v=WXS0YMbUzo4,857316432b9d990777ac6a6ca3e0faea5f925965fcbb6da92ea2e10f55b99c05,Jennifer Rush - Destiny (ZDF Tele-Illustrierte 16.09.1985) (VOD),
121,How Do You Do!,Roxette,1992,https://www.youtube.com/watch?v=nx2iLOvP0rM,281bfac50c2ce037e95a49f8b99b9cb2d78ef6d2790506f1a15b6e9d7f3dd1c1,Roxette - How Do You Do!,
122,The Last Unicorn,America,1982,https://www.youtube.com/watch?v=3WcUIJYQSt4,4dee98e79817060c5594436d35fc1bccda6f8fecafa4e5e7bf1b4994a999c765,The Last Unicorn,
123,Lucifer,The Alan Parsons Project,1979,https://www.youtube.com/watch?v=fLZPj-dJfJQ,715d1d33aaa65b42ea5ffbe2b7cae2f0667c6bb16512f4407c34c812bbb141e4,Lucifer,
124,Maria,Blondie,1999,https://www.youtube.com/watch?v=xhKKqLX67E8,17b01775354bb438a315883b94148c4bb8557764d7bb01b849e63ac333d6d9f5,Blondie - Maria (Official Video HD),
125,I Love You Always Forever,Donna Lewis,1996,https://www.youtube.com/watch?v=SqdWTeXWvOg,c6f9ac8b9b1c2144f05dbab0b9a55b58f949d4778a5aaf18285f86c15ac80cda,Donna Lewis - I Love You Always Forever (Official Music Video),
126,Englishman In New York,Sting,1987,https://www.youtube.com/watch?v=d27gTrPPAyk,33b29c25ce2979034b14bd74c9466d7654b5c1e1d8622edd012ed47b7f97998e,Sting - Englishman In New York,
127,Where Did Our Love Go,The Supremes,1964,https://www.youtube.com/watch?v=TI811Bbrxw4,d11c769706ae1afa062316456c20e0788eba381754a5a67c5c866a29ceecf428,THE SUPREMES - Where Did Our Love Go [1964] (Official Original Music Video from DVD source).avi,
128,Son Of A Preacher Man,Dusty Springfield,1968,https://www.youtube.com/watch?v=oAZLgsDRUv4,2cd293fd4234ce55944e6bf9cbdbd50497c16d2a8ac44ac6ab0bc006643e2001,Dusty Springfield - Son of a Preacher Man (Official Audio),
129,Apologize,Timbaland,2007,https://www.youtube.com/watch?v=ZSM3w1v-A_Y,cfa407e5b42d911f145762796b8380d372eb0cde82cf0e4322d5e27ff61361bf,Timbaland - Apologize ft. OneRepublic,
130,Walk In The Park,Nick Straker,1979,https://www.youtube.com/watch?v=dVf7axhrD_o,e10ef7ed0efeb9edf9b5a6fb6235a6ca1c8ae6d55f7bf632a0bea6c646961ccd,The Nick Straker Band - I Walk In The Park  (Tradução),
131,Stay Another Day,East 17,1994,https://www.youtube.com/watch?v=-wNhdjoF-6M,3b342ea40510fa66ad9e3a4037f23bf394f98cce54aa3f4b6dc978feb1e6f9a7,East 17 - Stay Another Day (Official Video),
132,No Milk Today,Herman's Hermits,1966,https://www.youtube.com/watch?v=UnUcnQ6YKao,bcb90355f779915208f924507b0d88d1dea28fc35ad7bdecb460c6362d47de1b,Herman s Hermits No Milk Today,
133,A Night Like This,Caro Emerald,2009,https://www.youtube.com/watch?v=74LXx0wSqMI,1ccede6f5e5316863c92e77bd87123c941bfa4a07712cae5627c601f6fe518db,Caro Emerald - A Night Like This (Official Video),
134,The Letter,The Box Tops,1967,https://www.youtube.com/watch?v=pyq3PUTnpd0,f9e349a807de0ca18ffbb49d79e5ab209e6d107a2d032c4651af472e22915474,The Box Tops - The Letter (Audio),
135,Father And Son,Yusuf / Cat Stevens,1970,https://www.youtube.com/watch?v=B_H5XuIb5WM,8b6b18d7b17bbfc912be33404cb44537f6212a88482c75a0392e7bb5803273a8,Yusuf / Cat Stevens - Father And Son,
136,Anti-Hero,Taylor Swift,2022,https://www.youtube.com/watch?v=gGwN25z7FrE,e64df032c8c533791c0b7f30aa4c5a3293387b2996ad39afc95136687bc29d67,Anti-Hero,
137,Waiting for a Star to Fall,Boy Meets Girl,1988,https://www.youtube.com/watch?v=RhxF9Qg5mOU,ebbfe18b51aad913745b9a36d9dce3a8e2732a32e51662e61d46a644916d3ed1,Boy Meets Girl - Waiting for a Star to Fall,
138,Keep on Loving You,REO Speedwagon,1980,https://www.youtube.com/watch?v=wJzNZ1c5C9c,abb517ba65535e136737f093f172d203a9df22ddad099fc833624d614f533fc0,REO Speedwagon - Keep on Loving You (Video Version),
139,Sunchyme,Dario G,1997,https://www.youtube.com/watch?v=yFKhgF_vkgs,6a58a7e2ebc7cd497a98d5d8e02b47100c607bd046cdbe085fa4028001836cf3,Dario G - Sunchyme (Official Music Video),
140,Foot Of The Mountain,a-ha,2009,https://www.youtube.com/watch?v=WYlSpDhul_A,f95e30ebcddb5ce629d4f7f881ca7a8ae09656dbe0952b437eabdfa9e93cd7f0,A-ha - Foot Of The Mountain (Official Music Video),
141,Memories,Maroon 5,2019,https://www.youtube.com/watch?v=SlPhMPnQ58k,ec50debaa5382d21358749b61f9bb34f62afcb1742ecd93df22a0f59a37d947a,Maroon 5 - Memories (Official Video),
142,Moviestar,Harpo,1975,https://www.youtube.com/watch?v=cYpYM0kMNDM,eda7a17240b166d7d006c0d3c77a22a92559fdaca4a8377d1e161d35f5eecd08,Harpo - Moviestar / Best Audio Video Mix 1976 ( Toller schwedischer Popsänger mit vielen Hits ),
143,Stumblin' In,CYRIL,2023,https://www.youtube.com/watch?v=57VMB1IzLKY,8d20b39e8c2ec9d6a2c451ee4d8782f9757ffc442ec49c3c249bc9e6a4c8154c,CYRIL - Stumblin' In (Official Music Video),
144,Bohemian Rhapsody,Queen,1975,https://www.youtube.com/watch?v=fJ9rUzIMcZQ,d0a3355898f0c40b637de792416161967e71d3c774fba2959df274808cffc0de,Queen – Bohemian Rhapsody (Official Video Remastered),
145,If You Can't Give Me Love,Suzi Quatro,1978,https://www.youtube.com/watch?v=tY1o9zWht50,b5f1bc7b8ec08cd148dbe5b45ce1f8c672f9ad5b299b036dd445b8b83ff69140,Suzi Quatro - If You Can't Give Me Love,
146,Bitch,Meredith Brooks,1997,https://www.youtube.com/watch?v=_ivt_N2Zcts,ba515c3fb83f70ccbf4999837d05e0d2df27531d1ae5908e5612127acf4af2c2,Meredith Brooks - Bitch (Official Music Video),
147,Down Under,Men At Work,1981,https://www.youtube.com/watch?v=XfR9iY5y94s,21c56950f8823523f9a3a1f3eb262c695944854ef3add5b120d03fe9418b5ce6,Men At Work - Down Under (Official HD Video),
148,Don't Be Cruel,Elvis Presley,1956,https://www.youtube.com/watch?v=B2YwGBVSfFQ,2e493b6821f23451a7b8de87d139e0640066fa780904a1bc534861757d084bcd,Elvis Presley - Don't Be Cruel (Official Lyric Video),
149,Hooked On A Feeling,Blue Swede,1974,https://www.youtube.com/watch?v=bCHvzQnL8kQ,78e6a5d1e9b3c60a892cbd2aa99287632a4f8f148b1c1008d59ea2b5be516917,Blue Swede - Hooked On A Feeling (Official Audio),
150,The Boxer,Simon & Garfunkel,1969,https://www.youtube.com/watch?v=l3LFML_pxlY,4df10bb2bed2c5f3f74f26815fd0c82de179bb981e96bff7599170fa7b4f29c8,Simon & Garfunkel - The Boxer (Audio),
151,We're Not Gonna Take It,Twisted Sister,1984,https://www.youtube.com/watch?v=4xmckWVPRaI,fd3b710d14ba4503b525ab0ee0b65c0f9f5fedf3572dfb77ba1d80b030f527a1,Twisted Sister - We're Not Gonna Take It (Official Music Video),
152,Don't Pay The Ferryman,Chris de Burgh,1982,https://www.youtube.com/watch?v=lqZEp4Fb6qw,3e07700cbe3529dcfd7a4f502f94eaae1d18b54827c0d9f44355313130cfd1bc,Chris De Burgh - Don't Pay The Ferryman,
153,All Out Of Love,Andru Donalds,1999,https://www.youtube.com/watch?v=-W43K0qtwZU,21f16033443230c3800e0cf6fd3878a4c4f604eba6cad02e9243875ae2aa10dd,Andru Donalds - All Out Of Love (Official Music Video),
154,World of Our Own,Westlife,2002,https://www.youtube.com/watch?v=Jal-vzO8bVE,615f8b730693cd90409e32d124a607bd32fb68acf00d1e0e13da9508c9caa177,Westlife - World Of Our Own (Official Video),
1,Bodyguard (I Will Always Love You),Whitney Houston,1992,https://www.youtube.com/watch?v=3JWTaaS7LdU,7e70346975820a78466921dee30c7a2d7d9cb80ea91ca93768e16ef68cbdbf0c,Whitney Houston - I Will Always Love You (Official 4K Video),USAR19200110
2,American Beauty,Thomas Newman,1999,https://www.youtube.com/watch?v=al21Vtlsg4A,9c570c8ddc6d90c6c58dea1c5d918a86dd4425ad8233ce7d6001ec5be2cb929e,American Beauty Soundtrack (American Beauty),USDW10010007
3,Der Zauberer von Oz (Over The Rainbow),Judy Garland,1939,https://www.youtube.com/watch?v=PSZxmZmBfnU,a2750d05bc1ce2823d4d854c6081a0952afb0d27210db90ef76ad5a1d3ab704d,Somewhere Over the Rainbow - The Wizard of Oz (1/8) Movie CLIP (1939) HD,USNLR1500393
4,Die Brücke am Kwai (The Colonel Bogey March),Malcolm Arnold,1957,https://www.youtube.com/watch?v=lR8vj14v2-4,a35fc4ec3db9dbffe76668bfa99ebdf15b95a1d16368e1f5a79024fbe2611912,"Colonel Bogey March, by Malcolm Arnold, The Bridge on the River Kwai (1957)",DEB519500060
5,The Avengers,Alan Silvestri,2012,https://www.youtube.com/watch?v=QtxeJ703w18,c87a04ee5e02716d30b49fbdde2f8006d9231f8a647477ee8a81790b0c57e8f4,The Avengers,USHR11233664
6,Unsere kleine Farm,"David Rose,Daniel Caine Orchestra",1974,https://www.youtube.com/watch?v=roy_fqf-Dk4,ccf04dcb7d941995cb214187825416488f84e6bce834925c413bd4fb7c676d52,"""The Little House"" Theme",GBAJC9801512
7,Avatar - Aufbruch nach Pandora (I See You),Leona Lewis,2009,https://www.youtube.com/watch?v=3YDz-ftqr1g,8c8338854ee882d88835d8175bb8bd2e941ac35385594e394592b5a2555b8153,Leona Lewis - I See You (Theme from Avatar) [Official Video],USAT20904005
8,Das A-Team,Dominik Hause & Mike Post,1983,https://www.youtube.com/watch?v=jPxLahuIEx8,174c8650e15bd46e75d26846e1a460fdc756f35d35a02257b436e061f92a0344,The A-Team Full Theme Tune,GBAJC9801423
9,Willow,James Horner,1988,https://www.youtube.com/watch?v=9H6yUZLQfes,e636a4b45cf7b84f733af9d625b24da98ee7dd375a1c6f3dd06de45825cd6bdd,06 - Willow's Theme - James Horner - Willow,USWD12214295
10,That Thing You Do!,The Wonders,1996,https://www.youtube.com/watch?v=BJn-Jl2ZeQU,02dfac8d95ae78dc24958dace2409679041bee59f839bf696c39a5f2921f7e7c,The Wonders - That Thing You Do! (Official Audio),USSM19602550
11,Beverly Hills Cop (Axel F),Harold Faltermeyer,1984,https://www.youtube.com/watch?v=Qx2gvHjNhQ0,be4e5332ae8eb525f5c914ed85ce8bdf084edfb3d09cb608d696c2b15d422271,Harold Faltermeyer - Axel F (1984) Beverly Hills﻿ Cop - Soundtrack,USMC18416586
12,Das Leben ist schön (La vita è bella),Nicola Piovani,1997,https://www.youtube.com/watch?v=iy1UWQid6JE,62893e4f82e7829ef59cd902c3e0296c570bc863d7a60835617d532aa6f74082,Nicola Piovani - La vita è bella,IT0681100457
13,Cheers (Where Everybody Knows Your Name),Gary Portnoy,1982,https://www.youtube.com/watch?v=xYcX534JqG4,38c15d7dafb193e5a35228122f6818978bc4552f67d63164e2c879087bba0ef9,Where Everybody Knows Your Name-Gary Portnay (cheers theme song) [with lyrics],USA560319104
14,A Star Is Born (Always Remember Us This Way),Lady Gaga,2018,https://www.youtube.com/watch?v=KgKPc0ReaJQ,d50ff4c25b35f96e2aec650d474b97b14bc86f05727b7fdf6572ae97c32035a0,Lady Gaga - Always Remember Us This Way - Radio Edit,USUM71813195
15,Once (Falling Slowly),"Glen Hansard, Markéta Irglová",2007,https://www.youtube.com/watch?v=FkFB8f8bzbY,01db9187584cdd5205b0a86809e6e4d9216c9bdbb30ddde76ea4cc3d5cfab96a,Falling Slowly - Glen Hansard and Marketa Irglova (Once),USLIC0700662
16,Das erstaunliche Leben des Walter Mitty (Stay Alive),José González,2013,https://www.youtube.com/watch?v=bvjNyJ8TBNk,e9d301cc350a41d492275245750ce4e7f5ad6f6c8bd589b8d059894e1eeb8502,José González - Stay Alive,USFM91300095
17,Ein Offizier und ein Gentleman (Up Where We Belong),"Joe Cocker, Jennifer Warnes",1982,https://www.youtube.com/watch?v=bjrOcrisGyI,ec9979dad7e4e985089c6b26b5ffb981ed4c77c6fac1659e364b0af1969c7e17,Up Where We Belong : Joe Cocker & Jennifer Warnes,USIR28200024
18,Der Prinz von Bel-Air,DJ Jazzy Jeff & Will Smith,1990,https://www.youtube.com/watch?v=1nCqRmx3Dnw,0ed6930991befe838c55e1c23949a038b388569bc358edecbf91f9d9ed33cae3,The Fresh Prince Of Bel Air Theme Song (Full),USJI19000013
19,Gladiator (Now We Are Free),Hans Zimmer,2000,https://www.youtube.com/watch?v=mQQKZ5cgybU,0c220f78c5c48f50fd0c71c0f7de7f995e36f4e043d3faa542ed002c8c5365ed,Gladiator • Now We Are Free • Hans Zimmer & Lisa Gerrard,USUMC0000062
20,Beverly Hills 90210,John E. Davis,1990,https://www.youtube.com/watch?v=19BvFAU_p0s,3d81e28d18d37ee42783c3a7f8e51d417e5aa1346267a3666a3c52dfd7ae20f7,Theme from Beverly Hills 90210 (The TV Series' Theme Song),CAM460419133
21,The Big Bang Theory,Barenaked Ladies,2007,https://www.youtube.com/watch?v=CMSYv_Z4SI8,6cd567f31be4bdf77efe227aa938db4b530e7957bfa0abbeaf913e83efb5c0fb,The Big Bang Theory Song by Barenaked Ladies from The Big Bang Theory (TV series),USRH11102320
22,Grease (Summer Nights),"John Travolta, Olivia Newton-John",1978,https://www.youtube.com/watch?v=A_J2bcNx3Gw,646334a53cd95e9f5c0a5816d71667fc7fe661829c46e49ec56d4594d0892eff,Summer Nights (From “Grease”),NLF057890002
23,James Bond 007 - GoldenEye,Tina Turner,1995,https://www.youtube.com/watch?v=4hGQ97tCTOs,dc02335883b978c86241e4d12c3ed7f6746ca627ee3a441c74d2ec0035875146,Tina Turner - Golden Eye (HD),GBAYE9500713
24,Narcos (Tuyo),Rodrigo Amarante,2015,https://www.youtube.com/watch?v=npL0_ZAXg9E,54ea795bbfb398de8340958f72f75bb2a69640cbd760439a45b2d91e83bcf24f,Rodrigo Amarante - Tuyo - Narcos intro song (live @Le Guess Who? 2018),FR3X61800160
25,Krieg der Sterne (Star Wars),John Williams,1977,https://www.youtube.com/watch?v=54hoKbTWon4,93c817eb0e632dd136360689a07829b1710990124b43b55a25fc92b5aaf565e4,"John Williams & Wiener Philharmoniker – ""Main Title"" from ""Star Wars: A New Hope""",USWD11785403
26,Casablanca (As Time Goes By),Dooley Wilson,1942,https://www.youtube.com/watch?v=d22CiKMPpaY,4e5ecc755737fa2d192e83bd4be2cb28924cdc443a2c5c4e4fdd9d31c16c6aea,Casablanca - As Time Goes By - Original Song by Sam (Dooley Wilson),BGA672334120
27,Black Panther (All The Stars),"Kendrick Lamar, SZA",2018,https://www.youtube.com/watch?v=JQbjS0_ZfJ0,48e440d4c8fb081c4b419769b66fa2ca8ee533406ce6bddc9c3b254676cc34f9,"Kendrick Lamar, SZA - All The Stars",USUM71713947
28,Stranger Things,Kyle Dixon & Michael Stein,2016,https://www.youtube.com/watch?v=pCfpTK0IB-w,f68ada00adbf75973c2ce4b91c1dd242a4b5ce81c13b27e28d684aeb4ed952b3,Stranger Things (Extended),USLS51683401
29,Saturday Night Fever (Night Fever),Bee Gees,1977,https://www.youtube.com/watch?v=SkypZuY6ZvA,da11dc1ecf7ee4974c019c3a2f7e82a5d383c3ed60e8d6c2738743c707600aa4,Bee Gees - Night Fever,NLF057790035
30,Pretty Woman (It Must Have Been Love),Roxette,1990,https://www.youtube.com/watch?v=k2C5TjS2sh4,51afce2b1c06a2b7c0a25884a729db9830f02b126b46fd6d508add2710e443c8,Roxette - It Must Have Been Love (Official Music Video),SEAMA8777131
31,Selma (Glory),"Common, John Legend",2014,https://www.youtube.com/watch?v=HUZOKvYcx_o,2bc2572b059a45c88bbe236b08c0967cfd250c0e702aa9791aa3d18789810c53,"Common, John Legend - Glory",USUM71417189
32,Das Piano (The Heart Asks Pleasure First),Michael Nyman,1993,https://www.youtube.com/watch?v=NsQBKr_x-P4,9666ed1dd2a86105a99bf079576d4d729a3f27a0175e59ad711dfede83745fa9,Michael Nyman - The heart asks pleasure first,GBDVE9300007
33,La La Land (City Of Stars),"Ryan Gosling, Emma Stone",2016,https://www.youtube.com/watch?v=GTWqwSNQCcg,1f81859b5d3dbf188892f6406aa59ed65a86a0182559a8806512a442fd556417,"'City of Stars' (Duet ft. Ryan Gosling, Emma Stone) - La La Land Original Motion Picture Soundtrack",USUG11600656
34,2001 Odyssee im Weltraum (Also Spracht Zarathustra),Richard Strauss,1968,https://www.youtube.com/watch?v=dfe8tCcHnKY,298d4635ea3b23c42a9f16a77bddc59363e68b79248e9638d26a72befeb03523,"Also Sprach Zarathustra, Op. 30 - Strauss",AUUS00605794
35,The Walking Dead,Bear McCreary,2010,https://www.youtube.com/watch?v=v5ISBJc1wFk,7bcdcfaa56179ecf58284134d0dffd41d0a7a11cb1b54b82e6695eb5d8524ca3,The Walking Dead Original Soundtrack  - Theme Song,USLS51702801
36,Platoon,Georges Delerue,1986,https://www.youtube.com/watch?v=SJvTWV5pPeQ,ab9e1f061b455862f04135c80ed6599b9eb88327b06b36f54e8634e259702992,Georges Delerue - Platoon Theme,US3M50122301
37,Dreamgirls (Listen),Beyoncé,2006,https://www.youtube.com/watch?v=RmGe-LY5HQs,fadaa2e01cdd85105604fcd34a922fa7383d69d59a9d8aeadb7a1c71f388cde0,Beyoncé - Listen [Official First Video],USSM10603618
38,Arthur (Best That You Can Do),Christopher Cross,1981,https://www.youtube.com/watch?v=DVbx0KVwfao,5df365afb8ed4f2b49a6f7834bc8f44081cecebd9809a82c7403340e34fb3d05,Christopher Cross - Arthur's Theme (Best That You Can Do),USWB10800109
39,Seinfeld,Jonathan Wolff,1989,https://www.youtube.com/watch?v=RWak0i_iqnM,95e8c32c1472484275465e0b3f5819921a9fd7323f1346db4765d2df0bae21d6,Seinfeld Official Soundtrack | Seinfeld Theme - Jonathan Wolff | WaterTower,USNLR2100313
40,Encanto (We Don't Talk About Bruno),Encanto Cast,2021,https://www.youtube.com/watch?v=o01l3sotf1Q,6f39b70eed83c20836d83a97661469bbd181906c611cdda70dd5a02ef7d9e911,"We Don't Talk About Bruno (From ""Encanto""/Audio Only)",USWD12112915
41,Phenomenon (Change the World),Eric Clapton,1996,https://www.youtube.com/watch?v=x11NA63gLDM,96fab192089304e5e81d0423bb11b640c6f5c8e5ab845471c025088ab85009aa,Eric Clapton - Change The World,USRE19600049
42,Who's That Girl,Madonna,1987,https://www.youtube.com/watch?v=r0qDBYiOBrc,e32c75d5e3bb5a0900b4f33250bc9aedc23b63718ca8daea210c86a7288d6efe,Madonna - Who's That Girl (Official Video),USWB10002766
43,Cabaret,Liza Minnelli,1972,https://www.youtube.com/watch?v=moOamKxW844,c48fada1c87ef80b1f961b508037497331b615d4834b11c1d549eddaeafca8a4,"Cabaret, Liza Minnelli",USMC17251142
44,Top Gun (Take My Breath Away),Berlin,1986,https://www.youtube.com/watch?v=Bx51eegLTY8,2c978270b4deabb52b9beee40d30baf88ed8be73b4de97e938dc2f3ea2fc9836,Berlin - Take My Breath Away (Official Video - Top Gun),USSM19801613
45,Terminator 2,Brad Fiedel,1991,https://www.youtube.com/watch?v=CnQm2_cAZvo,e128a952983a61233e8618c5f05afc0eee2073226ec5c011a17780ebc90f7976,Main Title Terminator 2 Theme (Remastered 2017),FRS439100034
46,Footloose,Kenny Loggins,1984,https://www.youtube.com/watch?v=ltrMfT4Qz5Y,e9193d8b370efe8ee4b1a12f66ced0abfda39d0abf1ac024a25c41870c94d954,Kenny Loggins - Footloose (Official Video),USSM18400107
47,Frühstück bei Tiffany (Moon River),Audrey Hepburn,1961,https://www.youtube.com/watch?v=0BfUDyvdTSE,370cf6aca773fb1ca409fab97920675cc3bbb10ac7ffc5374dba5afdaec1420e,Audrey Hepburn   Moon River Best Version,FR6V82642499
48,Sex And The City,Douglas J. Cuomo,1998,https://www.youtube.com/watch?v=ntr62qu1kd0,b4e8521f1dd318a72a726ea873cec0a3055e9cedbf9fcdc37a259e6cb1bc5190,Sex And The City - Main Theme,CAM460428414
49,"Zwei glorreiche Halunken - The Good, The Bad And The Ugly",Ennio Morricone,1966,https://www.youtube.com/watch?v=bBixD-rTB_c,a9d0e0200d48f7724746120b1af8cc168a5814f3aaa4ebf3e8e8a7a438949a83,"The Good, The Bad And The Ugly (2004 Remaster)",USNPD0714249
50,Pinocchio (When You Wish Upon a Star),Cliff Edwards,1940,https://www.youtube.com/watch?v=m4ifzcpMX18,eb2cc8709a5d745f5f6d59e004cd13a8262bdda69d32f8d1a1ce2dea2be3afbb,Cliff Edwards - When You Wish Upon A Star 1940 Ukulele Ike,USWD10220003
51,Yellow Submarine,The Beatles,1968,https://www.youtube.com/watch?v=m2uTFF_3MaA,92752c9bda2addaf407fe63e76bc15148c4e781c0104e2e3f2096d8e620a7a50,The Beatles - Yellow Submarine,GBAYE9901217
52,"Der Mann, der zuviel wusste (Que Sera Sera)","Doris Day, Frank DeVol",1956,https://www.youtube.com/watch?v=SdhAfMor9BM,463a5dafa888d2d3165dabc512db7a934c5d7037b69f36943fc3fe04a1388088,"Doris Day - Que Sera, Sera (Whatever Will Be Will Be)",USSM10028232
53,Batman,Danny Elfman,1989,https://www.youtube.com/watch?v=YoaU3kRFvLg,e38894d8f45a4a5a34c375a634c37ee21fc4be64eb048a26cae35b4d39ecacc9,The Batman Theme,USWB10000074
54,Armageddon (I Don't Want to Miss a Thing),Aerosmith,1998,https://www.youtube.com/watch?v=ujMxXOHJloI,2a351fb1a01f1bd7c663d7619835dd69f946ece9ba26cf1315f85bd6e3e054e6,Aerosmith - I Don't Wanna Miss a Thing - Armageddon - Original Soundtrack | SPOILER ALERT!,USSM19801545
55,Shaft,Isaac Hayes,1971,https://www.youtube.com/watch?v=Q429AOpL_ds,20cca9e97849f398eb47eb2d8c766865501e03b5b808c3588e66d33c0b71bf6f,Isaac Hayes - Theme From Shaft (1971),USFI87100103
56,Das Leben des Brian (Always Look On The Bright Side Of Life),Monty Python,1979,https://www.youtube.com/watch?v=SJUhlRoBL8M,bc9b72d813830de61809dad01d796e3779babfc5495ac9954d83b380c488e42b,"Eric Idle - ""Always Look On The Bright Side Of Life"" - STEREO HQ",GBAAA8900451
57,Game of Thrones,Ramin Djawadi,2011,https://www.youtube.com/watch?v=kROXpb3Gagg,0a1e5c82919c3fc94ed8db5f33940e7e29b13a8a3e5ce8039a755227b4551638,Ramin Djawadi - Main Title (Extended) [Game of Thrones],US3M51109701
58,The Mandalorian,Ludwig Göransson,2019,https://www.youtube.com/watch?v=rXJa1YcV6OQ,6e0d579f25b7e18db978fa2d860738969e1dfbf00b5f6a0ca77488a46b675e79,Ludwig Göransson | Scoring The Mandalorian | Disney+,USWD11995118
59,Akte X - The X Files,John Beal,1993,https://www.youtube.com/watch?v=Fy91jfscEsw,23532bd65095653391de577c054366d06fb6ba07d12d5a6531ccbde1eab77a21,The X Files Theme,USY251513365
60,Die Schöne und das Biest - Beauty and the Beast,Angela Lansbury,1991,https://www.youtube.com/watch?v=90b2R6yzIzE,d61f405a04467e28d06453b600825f159f84bca4c110febcb85d35cbaa9eb94c,Beauty and the Beast (Remastered 2018),USWD10220465
61,Moulin Rouge (El Tango De Roxanne),"José Feliciano,Ewan McGregor,Jacek Koman",2001,https://www.youtube.com/watch?v=MQXaH5zIgy0,d792dad556801be4d976ff5fc2e9e3d6b55ae80dc456ea9fdbdd468c2c2d9cfe,"Ewan McGregor, José Feliciano and Jacek Koman - El Tango De Roxanne",USIR10110330
62,Superman,John Williams,1978,https://www.youtube.com/watch?v=-yVV8ntoU78,cf52c4dceffb1208ae0f0fc1e0f483226bb715e18be6417a4e7e281cd9010f79,Theme from Superman (Concert Version),USWB10203667
63,Jenseits von Afrika (I Had A Farm),John Barry,1985,https://www.youtube.com/watch?v=ecPJxghJteg,a61b0d0bf20c1968b9a087eaac3cb6df5eb885f37b352f4d0db894601d5e1e0e,Main Title (I Had A Farm In Africa),US3M59781601
64,Wednesday,Danny Elfman,2022,https://www.youtube.com/watch?v=vhBHaz9SaLI,f6075867e67448b7d97d673810e9646b0a13754a85558a90ddf6b405723c45a6,Wednesday Main Titles,USLS52232101
65,Der letzte Tango in Paris,Gato Barbieri,1972,https://www.youtube.com/watch?v=_uQNkFmgyzI,068a8506d3ed7b120f2978c2a7538e20d0382d803035194f93d67c9896a0b5b8,gato barbieri - last tango in paris,ITC460500427
66,So wie wir waren - The Way We Were,Barbra Streisand,1973,https://www.youtube.com/watch?v=uBPQT2Ia8fU,5acd2b75460c7f4c9491ccb7bd15b4a262f410c57467bfa0a3a770d72326fd04,"Barbra Streisand ""The Way We Were""",USSM10024187
67,Twin Peaks,Angelo Badalamenti,1990,https://www.youtube.com/watch?v=pXrjMaVoTy0,7cfb44c2439a9a51f91cabaae999fee992d9062f84b764dcc61bba8435a5ad65,Angelo Badalamenti Twin Peaks Theme ( Instrumental) 1990,USWB10102633
68,"Buffy, im Bann der Dämonen - Buffy The Vampire Slayer",Nerf Herder,1997,https://www.youtube.com/watch?v=vb5QwA29UVs,ce38333028ef15797414dcdad3531a33ae50c3e0d7ab00ac6cd9ac8e4cd1e840,Law & Order: Special Victims Unit - Theme from the TV Series,UKDNQ1537213
69,L.A. Law - Law & Order,Dominik Hauser,1986,https://www.youtube.com/watch?v=IRXNVdiqMuU,50500f71dd8121fd0c25f4ca469c7107a86a0dafb56f5ad19a3c1b83e46c3f13,Law & Order: SVU Opening Title Sequence (Theme Song),QMT281201927
70,8 Mile (Lose Yourself),Eminem,2002,https://www.youtube.com/watch?v=_Yhyp-_hX2s,4f789d03039f7b145d4749b65b200eea0097ab2ec445122584d521cc07a0ba7b,Eminem - Lose Yourself [HD],USIR10211559
71,Fluch der Karibik (He's a Pirate),Klaus Badelt,2003,https://www.youtube.com/watch?v=s17XDrKuqc4,e9e7d1132a025c04658aae1bdcc7d26450e232c6e5bc8e1a25dc05b57c0ed3d2,He's a Pirate,USWD10321341
72,Drei Mädchen und drei Jungen - The Brady Bunch,"Sherwood Schwartz, Frank Devol",1969,https://www.youtube.com/watch?v=K5StTXQofqs,eff7b7f4fdf6c3656749a2fb01a7c2047cd241e855b275fbf1c25f557d7c4b5b,The Brady Bunch Theme Song From All Seasons,USMC17251498
73,Greatest Showman (This Is Me),Keala Settle,2017,https://www.youtube.com/watch?v=CjxugyZCfuw,dfd6a738d268fda2f9bbfd606ece5fbec4ef56879ac3d0ce07fcdd4d9fdd61a7,The Greatest Showman Cast - This Is Me (Official Lyric Video),USAT21704622
74,Forrest Gump (Forrest Gump Suite),Alan Silvestri,1994,https://www.youtube.com/watch?v=FcOt6mfjxeA,38be182b55e73ae270583c834e8a798b857736747cdc6c5e9a8956baa27fe279,Forrest Gump Theme - Alan Silvestri,USLIC0601869
75,Coyote Ugly (Can't Fight The Moonlight),LeAnn Rimes,2000,https://www.youtube.com/watch?v=ghdT6gfGUOI,5eba82765c55883adea4e6190ea67e1b341b1c78c3f2592c25d9c87ca87b713f,LeAnn Rimes - Can't Fight The Moonlight (Lyrics),USCRB0000703
76,How I Met Your Mother,Hey Beautiful,2005,https://www.youtube.com/watch?v=-DUV2oAL11A,e900576dae6808f599e34cc901e4048e880ded2201a0342bca2ab15bccbaf170,How I met your Mother Intro,AUUS00628905
77,Die Stunde des Siegers,Vangelis,1981,https://www.youtube.com/watch?v=BaWrchi_x6k,58b5f9dd640d4b9e59fd72d8c34ba6b457908a730e61ad10768f108709348148,Vangelis - Titles [Chariots of Fire] [1981],NLA028100010
78,Chicago (Cell Block Tango),Catherine Zeta-Jones,2002,https://www.youtube.com/watch?v=B1qQCFQCneA,fd33638080e0096d221f55c3204b068e7511b6225e7a0381d5d032753854511d,Chicago - Cell Block Tango,USSM10213102
79,Transformers (What I've Done),Linkin Park,2007,https://www.youtube.com/watch?v=8sgycukafqQ,43670912e56e6e99ec422c41ebd1a9f72c8975e05a6017018bf35a77641e9b26,What I've Done (Official Music Video) [4K Upgrade] - Linkin Park,USWB10700721
80,Bad Boys,Inner Circle,1995,https://www.youtube.com/watch?v=Zd68AthoNIw,acc7743bd9b4014512ce2c2ec727f333cde474130ba060c6b3c371aa55337936,Inner Circle - Bad Boys (Video original),USA2P1004784
81,The Twilight Saga: Breaking Dawn (A thousand years),Christina Perri,2008,https://www.youtube.com/watch?v=rtOvBOTyX00,3ceaf48517fc35964f7b089d8462c72f03fd1d25f2c56cca58465d3b1a384588,Christina Perri - A Thousand Years [Official Music Video],USAT21102141
82,Dallas,Dominik Hauser,1978,https://www.youtube.com/watch?v=C8UZTj7MXto,8ea4f509f4157b1124dd47a7a86989f1bdbfe13fb0ec7989be59499174c31590,Dallas - Theme from the TV Series - Season 1,QMT281200490
83,Der Herr der Ringe (The Shire),Howard Shore,2001,https://www.youtube.com/watch?v=IlmiRndxkU8,5e192afbcd50fde37ce226541178afb2c258c5f73ac7c7e201c3751015e0711e,The Shire,USRE10501559
84,Braveheart (For The Love Of A Princess),James Horner,1995,https://www.youtube.com/watch?v=fk8323r577w,e3aded92dc240c846462a06020e2aac665ee75a417cba03df3e4381caa8384ef,Braveheart Soundtrack -   For The Love Of A Princess,GBBBA9570211
85,Drei Engel für Charlie,Jack Elliot,1976,https://www.youtube.com/watch?v=gqdjG9cprag,484c71948f27effd34d3b6333dce19f5908e8cf7e1dc8ceca8c0525fc22b166a,Charlie's Angels: Theme from the TV Series,QMT281201380
86,Highlander - Es kann nur einen geben (Princes Of The Universe),Queen,1986,https://www.youtube.com/watch?v=b7dFnCZjick,02b09fdb916df4382002bde5585af792ad752e75ca0adaa58b9ef4843ed769f1,Princes Of The Universe (Remastered 2011),GBUM71103763
87,Mannequin (Nothing's Gonna Stop Us Now),Starship,1987,https://www.youtube.com/watch?v=3wxyN3z9PL4,476274736a36152dc5aa5c580d8238b0fbbab1f9d998354e05b17ec3a9ec8ae8,Starship - Nothing's Gonna Stop Us Now (Official Music Video) [HD],USRC18702968
88,Bonanza,"Ray Evans, Jerry Livingston",1959,https://www.youtube.com/watch?v=k9JGDq2jp5c,6078d90b1efd4a566b268fc33bd7594525cd37b79209683235f31ea36af47f28,RAY EVANS & JAY LIVINGSTON - BONANZA THEME - 1959,GBAJC0103664
89,Spider-Man (Hero),"Chad Kroeger, Josey Scott",2002,https://www.youtube.com/watch?v=TmSRMWw8Y_0,510f0c9ee5e5fb9facfb2028ba6c55ee8f844cb3a68724840b57b7dc9b13de52,Chad Kroeger feat. Josey Scott - Hero (2002) HQ,NLA320219756
90,Der Pate (The Godfather Waltz),Nino Rota,1972,https://www.youtube.com/watch?v=PPskYVBqdNw,288b80466a53a32a6e2262afe88e20f9faa11a7a658820dc004328b503c011b7,The Godfather - Main Title (The Godfather Waltz) - HQ - Nino Rota,USMC17251829
91,Notting Hill (When You Say Nothing At All),Ronan Keating,1999,https://www.youtube.com/watch?v=IobNcpiwpSc,c6147858cfd97c6e363f9d075de83c2d0e191e6fd249f578b5b06d67e2abdd0a,Ronan Keating - When You Say Nothing At All,GBAKW9900139
92,Succession,Nicholas Britell,2018,https://www.youtube.com/watch?v=LlgWqcHXD8w,c6e528a9ddcf2fe97a3d71af7a2407f089dcb484ddafcf20e31066c2f93d308f,Succession (Main Title Theme) - Nicholas Britell | Succession (HBO Original Series Soundtrack),US5941411059
93,Du sollst mein Glücksstern sein (Singin' In The Rain),Gene Kelly,1952,https://www.youtube.com/watch?v=swloMVFALXw,bc429a8eced1cf740b0fe8c34105676be908d8b97e18a3c68f0752e4133446b6,Singin' in the Rain (Full Song/Dance - '52) - Gene Kelly - Musical Romantic Comedies - 1950s Movies,USNLR1200586
94,Dexter,Rolfe Kent,2006,https://www.youtube.com/watch?v=KWnhuDZMkuc,74e95072efe208eda3d65b2c9f180f9efd88fcda4c3a54cc08dcae83084a1ce0,Rolfe Kent - Dexter Main Title (Dexter Season 8 Showtime Original Series Soundtrack),US5940700171
95,Slumdog Millionär (Jai Ho),A. R. Rahman,2008,https://www.youtube.com/watch?v=uinBpHT-AxM,4b3edd5b9fe2afcbb28c625f5557ebf72a96027802cbf92468c3b271514d633e,AR Rahman - Jai Ho [Lyrical Video] - Slumdog Millionaire.,INS180902304
96,Suicide Squad (Heathens),Twenty One Pilots,2016,https://www.youtube.com/watch?v=UprcpdwuwCg,372c3f60086842e4c4ab4aa14058cc2b08a5ded699150cf476a018242200794d,twenty one pilots: Heathens (from Suicide Squad: The Album) [OFFICIAL VIDEO],USAT21601930
97,The Office,Jay Ferguson,2005,https://www.youtube.com/watch?v=tFXjflvbBJo,4fa41ed3884f15599afce72ca8adc48bc770e42d183d4bbef0e0582f2eb6b88d,The Office - Main Theme,QZ5FN1888675
98,Matrix (Clubbed to Death),Robert D.,1999,https://www.youtube.com/watch?v=pFS4zYWxzNA,40e38752639f9d5cc1b028e2c3bd1dad913cb2a147dfccdf0b0c6311110d229e,clubbed to death - Matrix soundtrack,GBXWM1102584
99,Halloween - Die Nacht des Grauens,John Carpenter,1978,https://www.youtube.com/watch?v=pT4FY3NrhGg,7885f1efb23add1b71b50641d6a6099e8e31f03e51e6faa7a33e8c137862b6e6,John Carpenter - Halloween 1978  (main Theme),TCAAR1072726
100,The Crown,Hans Zimmer,2016,https://www.youtube.com/watch?v=sqgchhZcNP0,fcf6585083ec41244a05149317b5812f736fe0d2a1456f078b548b34e1e83d20,The Crown Main Title,USJPL1600301
101,Fame - Der Weg zum Ruhm,Irene Cara,1980,https://www.youtube.com/watch?v=o2jh7N7Fldk,6be73a025418ddcb1bf7fd5c29c02f228370dc3aed4bf43ce1eed145928dd62a,Irene Cara - Fame 1980 (VHS 1982 Edit),USNLR1200531
102,Harry Potter und der Stein der Weisen (Prologue),John Williams,2001,https://www.youtube.com/watch?v=UuPb1J_RCJM,13792db5d47bedcf9f9ac30f8c9619714ea77111db03d2b50fbc0c198da7fd2e,Prologue,USAT20109180
103,Coco - Lebendiger als das Leben! (Un Poco Loco),"Anthony Gonzalez, Gael Garcia Bernal",2017,https://www.youtube.com/watch?v=yg8116aeD7E,2793ca013a658865a9a67b6e4cd7afea5c62de0f7990d37a2084ccba344e991a,"Anthony Gonzalez, Gael García Bernal - Un Poco Loco (From ""Coco"")",USWD11783639
104,Two and a Half Men (Manly Men),"Chuck Lorre, Lee Aronsohn",2003,https://www.youtube.com/watch?v=ufleKTpC1vw,3d804b9a6236112c1086333ce0de57ae99a91df669c2bc20aad0299085f2a685,Two and a Half Men (Manly Men),US4R31226742
105,Jurassic Park,John Williams,1993,https://www.youtube.com/watch?v=-NqaupGcCpw,50cf861e4d41c09bf85bf0fd79d1793fb91a078ecb092141d01b4ba023ec8034,John Williams & Vienna Philharmonic – Williams: Theme from “Jurassic Park”,USMC19340943
106,Mad Max - Jenseits der Donnerkuppel (We Don't Need Another Hero),Tina Turner,1985,https://www.youtube.com/watch?v=kDERlmd2NS4,bcefd48bf1d6bce6ddc80a1e48fa3f472b2e906a6eae6259aa5c7afc38a9af30,We Don't Need Another Hero (Thunderdome),USCA29100186
107,Godzilla (Deeper Underground),Jamiroquai,1998,https://www.youtube.com/watch?v=QjcA2xSH25Y,37b46486e5db79905980f8a4a74d59f91c4ef513e444feec0e6cd5f27ae87dd8,Deeper Underground (Full Version),GBBBL9802020
108,Das Phantom der Opera,"Andrew Lloyd Webber, Gerard Butler, Emmy Rossum",2004,https://www.youtube.com/watch?v=-DvVAsGdnBQ,115548f017a958d62fb721401e11a0111e824855465fd50c9fce934c781d3e1f,The Phantom Of the Opera (From 'The Phantom Of The Opera' Motion Picture),USSM10414115
109,Aladdin (A Whole New World),"Lea Salonga, Brad Kane",2004,https://www.youtube.com/watch?v=xYjFxFFdyyk,1355a78936a7981adac7dcdb9feba7eb3b392c80ff4812b283f30c98ba81dc99,A Whole New World,USWD10423000
110,Blondinen bevorzugt (Diamonds Are a Girl's Best Friend),Marilyn Monroe,1953,https://www.youtube.com/watch?v=KsRqhCWYfsQ,b497882f495c07d5ee6691d360bea96789c2cf238123bfcb6ae43fd1ea17f605,Diamonds Are A Girl's Best Friend,DEBL60496405
111,Der weiße Hai,John Williams,1975,https://www.youtube.com/watch?v=BePfzCOMRZQ,6369a59473c65344d84a2aa69c9e093530ad87cc241ce93f533f1c18acc5b488,"Main Title/John Williams/Jaws (From The ""Jaws"" Soundtrack)",USMC17504060
112,Love Story,Francis Lai,1970,https://www.youtube.com/watch?v=s2zhZ7bco_M,1d8b1e978a0ccfc07789365dfb8be98ec7dc1dfa516f167e8fece5f16cb636d6,Francis Lai - Theme From Love Story (Finale),USMC10111916
113,Her (The Moon Song),"Karen O, Ezra Koenig",2013,https://www.youtube.com/watch?v=N9FIUgbax3s,d8343c081447389665e62783d647bf52a48308b7cd3a314de837799072675ecb,The Moon Song (Studio Version Duet),USNLR1400039
114,Shining,Wendy Carlos,1980,https://www.youtube.com/watch?v=pylfy_L6Bjs,eb1ed0387256d8fead9f1ae87675980ff91479e28ba564955e862fccc8b791a6,Main Title (The Shining),USNLR2001474
115,James Bond 007 - Skyfall,Adele,2012,https://www.youtube.com/watch?v=DeumyOzKqgI,f4567b321149b373984ff5172d3644bb86d1bc5aa67b4f087a7936a2559f1591,Adele - Skyfall (Official Lyric Video),GBBKS1200164
116,Zwei Banditen (Raindrops Keep Fallin' On My Head),Burt Bacharach,1969,https://www.youtube.com/watch?v=HsbkPDeC3tI,7161921dc074a320ee156bd4d796a3da7dd1872fa8cfc30a63800b857edc8642,Burt Bacharach - Raindrops Keep Falling On My Head,USAM16900347
117,Tatsächlich Liebe (Christmas Is All Around),Billy Mack,2003,https://www.youtube.com/watch?v=t_KI-mRyE_0,0d6e05ce0776fb8f7c9eacacb90ea7ffb55138f56b4ca342db683ff5f243e54d,Billy Mack -  Christmas is all Around,GBAAN0300603
118,Kevin - Allein zu Haus (Somewhere in My Memory),John Williams,1990,https://www.youtube.com/watch?v=5kHH6LJpEbQ,cf78e2af1e2c7ba050e3bd4d72065414c3bde9a7655817882c66d178134dbb1a,Somewhere in my memory - John Williams (Home alone soundtrack),USSM19909870
119,Baywatch (I'm Always Here),Jimi Jamison,1989,https://www.youtube.com/watch?v=ilAJJ3WHg6g,3a7744697d83aea448b4c95c3460774bb763b792d312b9790e18d6e0eb10ecc7,Jimi Jamison - I'm Always Here (Baywatch OST) HQ,USVR10400595
120,Cocktail (Kokomo),The Beach Boys,1988,https://www.youtube.com/watch?v=fJWmbLS2_ec,53789c8c864bec621d11726ec8a176b10641b7419204df3c10c584265473a9f2,The Beach Boys - Kokomo (1988),USEE11300247
121,Das fünfte Element (The Diva Dance),"Éric Serra, Inva Mula",1997,https://www.youtube.com/watch?v=8qA7XtJE_f0,b2d7993d606f9ce2e6b3f24e2d384eb7e6fd1da9123b56cd32ba178d96a9ac4e,Eric Serra - The Diva Dance,FRR419700014
122,Police Academy,Robert Folk,1984,https://www.youtube.com/watch?v=UmP1YWPHXqU,30faca532f716203724869756f0052e88283d0e34c5e8de8da68445a0ebc6e14,"Main Theme (From ""Police Academy"")",GBAJC1200216
123,Falcon Crest,Marc Bradley,1981,https://www.youtube.com/watch?v=cXfwZwNwtQ0,bd624d56e9ce00418724735b49b573cd3817129369404067580fb8d63a068eee,Falcon Crest Main Theme (Sentimental Version),ushm21348572
124,Die Bourne Identität (Extreme Ways),"Richard Hall, Moby",2002,https://www.youtube.com/watch?v=nBB2bPwKWVg,d2a563341a4f2c338731e2efeae2b47c7dc4791b7985515b1b72a02cfc98942d,Moby - 'Extreme Ways' (Official Video),US3M50459213
125,Requiem for a Dream (Lux Aeterna),Clint Mansell,2000,https://www.youtube.com/watch?v=bbS-Zhz31CA,290686329e4aa81b72c14f220f4b3a9df888b01ea33e612eb77657287db75b6b,Lux Aeterna By Clint Mansell,USNO10061132
126,Robin Hood - König der Diebe ((Everything I Do) I Do It For You),Bryan Adams,1991,https://www.youtube.com/watch?v=Y0pdQU87dc8,056efabf3ce99209de19f96e61f8b4721788c4897306358c2ec1926023febf5f,Bryan Adams - (Everything I Do) I Do It For You,USAM19190012
127,Psycho (Prelude),Bernard Herrmann,1960,https://www.youtube.com/watch?v=cyLD9bydXEk,1671b45dc3f7c1ef8faf8cedb6e59b230c71f4fc8cb4cc0214b7f78abde497b4,Bernard Herrmann: Psycho - Prelude,FR6V82327522
128,Marry Poppins (Supercalifragilisticexpialidocious),"Julie Andrews, Dick Van Dyke",1964,https://www.youtube.com/watch?v=rihNRTTcztQ,939f2a4bbf7c95c2e92e451d0f397fd5d6ee31d45eb91c666b0b2abb4a6b5c28,Supercalifragilisticexpialidocious (from Mary Poppins),USWD10320942
129,Modern Family,Gabriel Mann,2009,https://www.youtube.com/watch?v=oOxSn-gjMF0,2dbd5476e34abccfecee9983165f2fc74ed9f4e438a79eb3b106ed5d9ddee2fd,Modern Family - Theme Song,QZS1Z1630567
130,Jäger des verlorenen Schatzes (Indiana Jones),John Williams,1981,https://www.youtube.com/watch?v=_U519RdznMA,4d4b029b0baeddac085588070cdabcbb7a82f8f3b9504e2eb3103f33ccebd96e,Williams: Indiana Jones / Sir Simon Rattle · Berliner Philharmoniker,AUUS00635041
131,Die Sopranos (Woke Up This Morning),Alabama 3,1999,https://www.youtube.com/watch?v=4Gbw60Iw-tA,32da9980234c3ea4166facf352149a0827b29a7e2383c249288b067d00dd384c,Alabama 3 -  Woke Up This Morning (Chosen One),GBCDP0000101
132,West Side Story (America),Leonard Bernstein,1961,https://www.youtube.com/watch?v=YhSKk-cvblc,68bece5825b0bf324d5d29590c12873ccd8df7f06cb7bf5604507ca089880728,West Side Story (4/10) Movie CLIP - America (1961) HD,USSM16001102
133,Die Eiskönigin - Völlig unverfroren (Let It Go),Demi Lovato,2013,https://www.youtube.com/watch?v=kHue-HaXXzg,cb68326792e77e4b508b95535ddfb9ba14d815f8d0856a0d892badff8a27fb60,"Demi Lovato - Let It Go (from ""Frozen"") (Official Video)",USWD11366344
134,Der Rosarote Panther,Henry Mancini,1963,https://www.youtube.com/watch?v=dtnNO5_Ao6U,2378fad32ceb7d6ea6cfcfc6075ac4b9640b59480baa2146c650584c067ae0fb,Henry Mancini - The Pink Panther Theme (From The Pink Panther) (Official Audio),USRC16302654
135,Das Dschungelbuch (The Bare Necessities),"Phil Harris, Bruce Reitherman",1967,https://www.youtube.com/watch?v=S7GmYblmaMs,7ed3ed87496f660ffc282b9ed4346337dac8ac7aecbb3151e49e2c3760ca6287,The Bare Necessities (Remastered),USWD10423008
136,Barbie (I'm Just Ken),Ryan Gosling,2023,https://www.youtube.com/watch?v=Y1IgAEejvqM,6f3a9a84d6efe43a570ff97f446498e1e00ea341fa22248c4434ff6438b55540,Just Ken Exclusive,USAT22305736
137,Bram Stoker's Dracula (Love Song for a Vampire),Annie Lennox,1992,https://www.youtube.com/watch?v=vhG8zC4npsE,e7a2869b42d14593a1ca6c05f48a6e7908d4eafdd11c4b4a8c758b50f1aa0e5f,Love Song For A Vampire,USSM10028116
138,Knight Rider,Stu Phillips,1982,https://www.youtube.com/watch?v=lxhWxv_5bQ0,e55af0d3f079a5b49cab8eb32bda398d762574c4ecb68cd4e00963f2f697e47e,"Main Title (from the Television Series ""Knight Rider"")",USQ4E1904295
139,Die Monster AG,Randy Newman,2001,https://www.youtube.com/watch?v=J4QU0XsWMX8,9188ad36d968ff7337929faa69d5cc7ceac79028ea93e7f50e9632946ac5a42f,"Monsters, Inc.",USWD10321170
140,Django Unchained (Django),"Luis Bacalov, Rocky Roberts",2012,https://www.youtube.com/watch?v=OhlVBpEnjig,fc7e061360ddf4e2ab91583cc1c1920cb5e90ed59fef00516e4f4b18bb6e8fe5,Django (Luis Bacalov),USUG11201339
141,Emily in Paris (Mon Soleil),Ashley Park,2020,https://www.youtube.com/watch?v=pNePHHaQgjc,22e43626b119ad6eaf93a1b368832cf63d0e628cebafdef52656660d7bdc68c0,"Mon Soleil (from ""Emily in Paris"" Soundtrack)",USQX92106022
142,Rocky (Gonna Fly Now),Bill Conti,1976,https://www.youtube.com/watch?v=ioE_O7Lm0I4,c665c487f4f006816e71fb6d7d4919608f9091c4afad25a61eab7e41ad9f4b5f,Bill Conti - Gonna Fly Now (Theme From Rocky),USNPD0500346
143,The Last of Us,Gustavo Santaolalla,2023,https://www.youtube.com/watch?v=Pt1pOY3_W64,6a1420c599f0e7f86473a3eee8678a25bcbf1fbf584113d23dd2084becd217df,Gustavo Santaolalla - The Last of Us (Main Theme) | The Last of Us (Video Game Soundtrack),USGSS1300097
144,Die Muppet Show (Mah Na Mah Na),The Snowths,1976,https://www.youtube.com/watch?v=oys5hqSO5qM,16ccf725b6e1301f8c4889f91b6ebd7851bccb0cb44210beb90604269c2f54bd,Mah Na Mah Na,USWD11158969
145,Star Trek,Jerry Goldsmith,1979,https://www.youtube.com/watch?v=zI9YYe-jgHI,9cfb3a984ff3a98c7360585cd6dee8c5b613ec985af9f5e1be653cbc507b5239,Star Trek: The Motion Picture • Main Theme • Jerry Goldsmith,NLA508310906
146,Bridget Jones - Schokolade zum Frühstück (Out Of Reach),GABRIELLE,2001,https://www.youtube.com/watch?v=uxfAIVfmRa8,840b089386c200ee0c94d3ac62e117464875c985b2543a0384911e252ed09b50,Gabrielle - Out Of Reach,GBARA0100008
147,Ghostbusters,Ray Parker Jr.,1984,https://www.youtube.com/watch?v=Fe93CLbHjxQ,44a2c269a3a2882b5ca1b78837214bc4076ea6411b994f01cf0130f2827f04d3,Ray Parker Jr. - Ghostbusters (Official Video),USAR18400117
148,Vom Winde verweht,Max Steiner,1939,https://www.youtube.com/watch?v=EESHIpo4Lgk,a732d5691e0afb34fc063b3532889dedcef8858443e8e098f6a6d1119565c33b,Main Title (Gone With the Wind),USNLR1300001
149,Starsky & Hutch (Gotcha),Tom Scott,1975,https://www.youtube.com/watch?v=IEx53W-qcYw,fbebea43dcf11dda70dbf69c5a1aed8a69bf5da9ccb41df1f4c75c0c822bb02c,"Tom Scott ""Gotcha"" Blow It Out  Starsky & Hutch Theme (1977)",USSM10027943
150,"Was gibt's Neues, Pussy? (What's New Pussycat?)",Tom Jones,1965,https://www.youtube.com/watch?v=qQvIAs-nPSo,017852398dc249bd5db2b3197c51451d630921cace0caa00c7115913ae79bdd5,What's New Pussycat?,GBF076520020
151,Die Waffen der Frauen (Let The River Run),Carly Simon,1988,https://www.youtube.com/watch?v=cv-0mmVnxPA,82755b2c9884290ae56c8805620d7b635e7c0b134e3c4945983bac5e3dcbaf76,Let The River Run - Carly Simon,CAM461031230
152,Mord ist ihr Hobby,John Addison,1984,https://www.youtube.com/watch?v=Ir5czCiOpsk,005c177813d7ab240c8e807f0fc359bc6d9673cb193b887538deaf6bc2388bbd,"Murder, She Wrote Theme",GBLWD0704617
153,Spirit - Der wilde Mustang (Here I Am),Bryan Adams,2002,https://www.youtube.com/watch?v=fIgfO9gD5GY,745c9d11c85af2550edc6d9db10d36d061a81d4e42123a3306ca1a271b05d95e,Bryan Adams - Here I Am (Classic Version),USAM10200173
154,High School Musical (We're All In This Together),High School Musical Cast,2006,https://www.youtube.com/watch?v=DykVJl6wr_4,d910ca3fb463717a56af95656ad352d7bcb2902c32820c44f6454eff34586e34,"High School Musical Cast - We're All In This Together (From ""High School Musical"")",USWD10527743
1,Hells Bells,AC/DC,1980,https://www.youtube.com/watch?v=etAIpkdhU9Q,e7cb0a9a924b087f7cd6220e628425406da7824ad5876217990ee369b8aba4b8,AC/DC - Hells Bells (Official 4K Video),AUAP08000041
2,Hard To Handle,The Black Crowes,1990,https://www.youtube.com/watch?v=BRcs_OzQb14,823cdd99bd85aa266f71ba0d424deb19ca95a0824ac1bfe9ff14ddc9a91c0e21,The Black Crowes - Hard To Handle,USSM19000343
3,Purple Rain,Prince,1984,https://www.youtube.com/watch?v=GaJcBJQi7bY,0d52376fb278e30bb477c3411271d7b09482663aa21e36cf475e275437f36991,Prince & The Revolution - Purple Rain (Official Video)_ HD (Digitally Remastered,USWB10001880
4,Wild Thing,The Troggs,1966,https://www.youtube.com/watch?v=-hB-zLPe3Bo,8cd282173413c198f0e9dc0cccd9bea62d58b0bb31837f679d57cf1c0ddf693b,The Troggs- Wild Thing (Official Video) HD,GBF086600001
5,Prey,Parkway Drive,2018,https://www.youtube.com/watch?v=WZPZ_-BxORo,000c384f11da6b3eaae1506e364cd2093f8d99031b60fee217fd507bb366ccaa,Parkway Drive: Prey (Radio Edit),USEP41712003
6,Feel Invincible,Skillet,2016,https://www.youtube.com/watch?v=nZYa7vjjPv0,c54ab15408d34e437c94df19469a4f0bbae4250c474630d203f5e148dc32fb7a,Skillet - Feel Invincible - 2016 - Lyric Video,USAT21601370
7,B.Y.O.B.,System Of A Down,2005,https://www.youtube.com/watch?v=zUzd9KyIDrM,142da730ecf7c868cc339531bb95b8b7f9d7b8c51f969bde7e9257b8445a9ed8,System Of A Down - B.Y.O.B. (Official HD Video),USSM10501327
8,Machinehead - Remastered,Bush,1994,https://www.youtube.com/watch?v=5WPbqYoz9HA,4c019321b9373c2acdc016f7c33796184962df5a4b28d553157d0e707f3ef2e3,Bush - Machinehead,QM7YK1400021
9,Basket Case,Green Day,1994,https://www.youtube.com/watch?v=VKjEdYrx9P0,dafbd2691b68a08a606d6e4573a8da73a6c21d491c090ddbff2c0d863e5eb14e,Basket Case - Green Day,USRE19900151
10,Call Me,Blondie,1980,https://www.youtube.com/watch?v=StKVS0eI85I,b30bb308fbcfae4cd7761b1461adc7c4ada7935d43b0db5356769e538fad8f0c,Blondie - Call me,USCH38900008
11,Sweet Home Alabama,Lynyrd Skynyrd,1974,https://www.youtube.com/watch?v=-p8GXZcdrIk,1f32ef46f022e84805900662d99778f2c832f73e1991d3c094b5b9520b2c24a9,Lynyrd Skynyrd - Sweet Home Alabama (Lyric Video),USMC17446153
12,Fear of the Dark,Iron Maiden,1992,https://www.youtube.com/watch?v=p32b5nNq1zw,617303d21bb6d6c080f29c1e2ce5e552f6e1b204d9da3ed6a9cbf9a33fde764d,Iron Maiden - Fear of The Dark (HQ),GBCHB1800082
13,With Or Without You,U2,1985,https://www.youtube.com/watch?v=ujNeHIo7oTE,9798711079c92570454f7edc9ddbbdd58166199fea3c8dcabb2159954b54eed1,U2 - With Or Without You (Official Music Video),GBAAN8790003
14,Just Like Heaven,The Cure,1987,https://www.youtube.com/watch?v=n3nPiBai66M,6bbd18a8158d9f10ffdf03a95e6f1c3244e80d4edfee59c23c215fc9d5a31727,The Cure - Just Like Heaven,GBALB8700003
15,Champagne Supernova,Oasis,1995,https://www.youtube.com/watch?v=tI-5uv4wryI,d2956d2ce4a0542d3b370c3ca257d241b5c69929b6ec562e12d3cf21f475abab,Oasis - Champagne Supernova (Official Video),GBAAW9500197
16,Psychosocial,Slipknot,2008,https://www.youtube.com/watch?v=MjsUzI_BtGk,d14b87d45b6636b481b043e631f378399e44eefa728a65bddf94896d94ca01db,SLIPKNOT - Psychosocial (Official Music Video),NLA320886993
17,(I Just) Died In Your Arms,Cutting Crew,1986,https://www.youtube.com/watch?v=6dOwHzCHfgA,5264a47ef0054b2bab2a3ec2488e0d47fb423fcea4d7a5b9c767cbfc0c7e08da,Cutting Crew - (I Just) Died In Your Arms (Official Music Video),GBAAA8600046
18,Give It Away,Red Hot Chili Peppers,1991,https://www.youtube.com/watch?v=R1qnNknKLsg,b0c3a06e8b2edc1d63800580062f9371a7e6873cf3d69930f40c574312cd5933,Red Hot Chili Peppers - Give It Away (Official Music Video),USWB19901574
19,Bloody Valentine,MGK,2020,https://www.youtube.com/watch?v=wSdT-SArM2Q,dc0eac00bce6b3de89f6e2826277ba43740b3743debb693c4c8f5c0ac00f37ae,Machine Gun Kelly - Bloody Valentine [Official Video],USUM72005714
20,My Generation,The Who,1965,https://www.youtube.com/watch?v=qN5zw04WxCc,69b6117128f782dabc613ae1f22f1cfaf1aa96010ffec8522850ddf72981b0c9,The Who - My Generation,GBAKW6500004
21,Panic,From Ashes to New,2020,https://www.youtube.com/watch?v=f0xn-M4T3AQ,d8a1f01f19be4a6afb3f916bd66a6c1747ff0e4e76cbea3b9136e48f79838589,From Ashes to New - Panic (Official Music Video),USDPK2000008
22,Highway Tune,Greta Van Fleet,2017,https://www.youtube.com/watch?v=aJg4OJxp-co,3d1e2866c7983b3752517c562e46d0be0bb689902ff1af08e79bf0c6fa0a9e01,Greta Van Fleet - Highway Tune (Official Video),USUM71702892
23,Sunshine Of Your Love,Cream,1967,https://www.youtube.com/watch?v=mChxWMlsuzw,20b21659128e4e2c1253ac8a18a2cd41b2c1d6ae93d6106dd0c1da51deed754e,CREAM Eric Clapton  Sunshine Of Your Love  LIVE! 1968 w Glen Campbell 50th Anniv,GBA076700020
24,Drop Dead Cynical,Amaranthe,2014,https://www.youtube.com/watch?v=RdyExxpd3Pg,1f2fe820b092b6774762f475c668e15414a4f4d7c393d611114338daad2b3d4d,Amaranthe - Drop Dead Cynical (Official Music Video),FIUM71400483
25,Semi-Charmed Life,Third Eye Blind,1997,https://www.youtube.com/watch?v=beINamVRGy4,0cd20fb6aa06099108dee0578e9c0b8873bcf80cf006fda38d48d4d8d31f3ac2,Third Eye Blind - Semi-Charmed Life (Official Music Video) [HD],USEE19701203
26,What's My Age Again?,blink-182,1999,https://www.youtube.com/watch?v=K7l5ZeVVoCA,6dfcf1dea1e44a98b94a9839b3d04ec51a05afa2bf6fbe1f1ec62e11f4af2f0b,blink-182 - What's My Age Again? (Official Music Video),USMC19959007
27,Another Life,Motionless In White,2019,https://www.youtube.com/watch?v=uVysW4TWXS0,0fd8b97c8cf2ed850fbba2a29767204e4049056fb5cb2738c89585182c6688a3,Motionless In White - Another Life (Official Audio),NLA321900085
28,Round and Round,Ratt,1984,https://www.youtube.com/watch?v=0u8teXR8VE4,58f81a4a4a7df956a968dcc2d4d8e8a78898e8d64ffcba40483b86a4176f5375,RATT - Round And Round (Official Music Video),USAT29900560
29,My Curse,Killswitch Engage,2006,https://www.youtube.com/watch?v=F5S2ahSapQc,dfe56a285d5c82b5e3d4f2dc96e47b29d378fe3e840e8773a39d8ad35dc5536e,Killswitch Engage - My Curse (LYRICS),NLA320682675
30,My Sharona,The Knack,1979,https://www.youtube.com/watch?v=bbr60I0u2Ng,bc28e470fc4189dd3e7bfb308206580a46ba96dd286f4f8a1e86400bd707c5bb,The Knack - My Sharona (Official Music Video),USCA28900153
31,Satellite,Rise Against,2011,https://www.youtube.com/watch?v=6nQCxwneUwA,56e6db50310a70fd738f4fb69ab68da9f60583573864a5e06a6195426bf5f158,Rise Against - Satellite,USUM71101043
32,Stairway to Heaven - Remaster,Led Zeppelin,1971,https://www.youtube.com/watch?v=QkF3oxziUI4,9d86ec43ada421d0a3029ed5a022f204e29caa4fc76644591b5200e1febb5eb3,Led Zeppelin - Stairway To Heaven (Official Audio),USAT21300959
33,Owner of a Lonely Heart,Yes,1983,https://www.youtube.com/watch?v=SVOuYquXuuc,226b9914f676a16b8f53bbd50af8fbebdcdd154522eea34c72fa1f86b00813ec,YES - Owner of a Lonely Heart (Official Music Video),USAT20702539
34,Don't Bring Me Down,Electric Light Orchestra,1979,https://www.youtube.com/watch?v=z9nkzaOPP6g,840bed5b35573f2e2631f4013d01d7dd40cceaae46d53db2b4103ee0f3a5cde4,Electric Light Orchestra - Don't Bring Me Down (Official Video),USSM10015734
35,Cherry Bomb,The Runaways,1976,https://www.youtube.com/watch?v=aNNp5GyzlKc,36e2cd39119db22901b6152c5a50a157f4bb48b86165ae4b703241268b7ed2f5,Dakota Fanning & Kristen Stewart - Cherry Bomb (Official Video),USIR20200576
36,Holy Diver,Dio,1983,https://www.youtube.com/watch?v=2lvs2FzF64o,909b8de6c23d2d8d52ae73bdb8a9634e2e0be5458d0a62f825e022112070f355,Dio - Holy Diver (Official Music Video) [HD],NLF050390016
37,November Rain,Guns N' Roses,1991,https://www.youtube.com/watch?v=8x23ajWSHyo,7ccd266a60fb6c96b57fb8954e232acccc2e46c2f602d14f7e3789bd39115906,Guns N' Roses - November Rain,USGF19141510
38,The Trooper,Iron Maiden,1983,https://www.youtube.com/watch?v=X4bgXH3sJ2Q,a14c4edaeccfdaeafa69f980a275541c9aaf041687e96a2ed581a284d39da165,Iron Maiden - The Trooper (Official Video),GBCHB1800032
39,Kickstart My Heart,Mötley Crüe,1989,https://www.youtube.com/watch?v=CmXWkMlKFkI,a781061af02a6cce10eb45d2de68a77545ab3f31806e86cb996a7ca37e0ce5d8,M[LATIN SMALL LETTER O WITH DIAERESIS]tley Cr[LATIN SMALL LETTER U WITH DIAERESI,USBY29900215
40,Masterpiece,Motionless In White,2022,https://www.youtube.com/watch?v=rbFaVDfkI00,5955b09e724f81295564080f56397bdb41b741fd60daddf9927742794777e233,Motionless In White - Masterpiece [Official Video],NLA322200040
41,Bulls On Parade,Rage Against The Machine,1996,https://www.youtube.com/watch?v=3L4YrGaR8E4,b827dc574b7d1ac725fa5fb5baaccfda9027e70bdbc2d5bf767015f181132d11,Rage Against The Machine - Bulls On Parade (Official HD Video),USSM19502563
42,Come As You Are,Nirvana,1991,https://www.youtube.com/watch?v=vabnZ9-ex7o,1ab5f415d85ab7d9c9ff067c43f8269be5156f816720e95758fd535b42f14848,Nirvana - Come As You Are (Official Music Video),USGF19942503
43,Born in the U.S.A.,Bruce Springsteen,1984,https://www.youtube.com/watch?v=EPhWR4d3FJQ,b52524c1120e899d2dc5debbc3a754801d19a15c5081fb634c4473317f0488cb,Bruce Springsteen - Born in the U.S.A. (Official Video),USSM18400406
44,Fat Lip,Sum 41,2001,https://www.youtube.com/watch?v=CMX2lPum_pg,aed82e2c864ffa3703c37e7c29ccb1ae1d631ce02ef4f1cf2629a9b2c221b85a,Sum 41 - Fatlip (Official Music Video),USIR20110124
45,Get It On,T. Rex,1971,https://www.youtube.com/watch?v=-noFy_x7Yhg,0655403272281065918a960acb8124f21a26106154ddd04148a5f7fa2c1691bf,T. Rex - Bang A Gong (Get It On) (Official Vinyl Video),GBCHM7100038
46,Misery Business,Paramore,2007,https://www.youtube.com/watch?v=dvHFVGvISSQ,0b4042dbec071086b3162e34f8fd5ca76101a25b6a200491b3c51e9c045c2452,Paramore - Misery Business (Official Music Video),USAT20702617
47,The Passenger,Iggy Pop,1977,https://www.youtube.com/watch?v=-fWw7FE9tTo,063943eb566a6decfae1241ab47cc6a529db1c86a27fcf501c414820ea62f6bd,Iggy Pop - The Passenger (Official Video),USVI20700278
48,Hate To Say I Told You So,The Hives,2000,https://www.youtube.com/watch?v=Uz1Jwyxd4tE,2ae80a725c9cda9c7cc36859f458541783909196cd351098751b2f00562503ab,The Hives - Hate to Say I Told You So (Official Music Video),SEVHC0007060
49,Silent Lucidity,Queensrÿche,1990,https://www.youtube.com/watch?v=jhat-xUQ6dw,992e2f1615a122141d8629861b290de056896c449cc5f3cd7851824c8f47d50d,Queensr[LATIN SMALL LETTER Y WITH DIAERESIS]che - Silent Lucidity (Official Musi,USEM30200450
50,Savior,Rise Against,2008,https://www.youtube.com/watch?v=e8X3ACToii0,f3af7f7958fb6884a92f8df8e740b91ce506d827c93480436268136a162b4bc6,Rise Against - Savior (Official Music Video),USUM70832584
51,Tutti Frutti,Little Richard,1955,https://www.youtube.com/watch?v=ivhauEr3KxU,cf9645dac37af69c50235b9708898f41619c9d1046098e64bf580c1f2668cd72,Little Richard - Tutti Frutti (Official Lyric Video),USC4R1100478
52,We Got the Moves,Electric Callboy,2021,https://www.youtube.com/watch?v=_4OglbPB9FI,2ff85e359e285e5deb0e2235700e80bd4780e4836577f1999038662cf58cbe83,Electric Callboy - WE GOT THE MOVES (Lyrics),GBDHC2227201
53,Rose Tattoo,Dropkick Murphys,2013,https://www.youtube.com/watch?v=9d8SzG4FPyM,832261524150034db8defec5c89b10a2b3098ca6beb30829711567474a9d5986,Dropkick Murphys - 'Rose Tattoo' (Video),USK251300003
54,I Love Rock 'N Roll,Joan Jett & the Blackhearts,1981,https://www.youtube.com/watch?v=wMsazR6Tnf8,44177218e39fc8bb522813850e11c5999966e7f72a1a97ac379e2fe70fd37832, I Love Rock 'n' Roll  - Joan Jett & the Blackhearts (Official Video),USBH18100118
55,La Grange,ZZ Top,1973,https://www.youtube.com/watch?v=rG6b8gjMEkw,3760736982b22f58c3c5c20ca029567ab7148f7c23224950484ff4d00a6c7c0f,ZZ Top - La Grange (Official Audio),QMRSZ2200138
56,Supermassive Black Hole,Muse,2006,https://www.youtube.com/watch?v=Qr_qDnDPyA4,c682abedde85a4f418876ff315ae434d9de8c05e63ef92169c0839bf3e104aec,MUSE [EN DASH] SUPERMASSIVE BLACK HOLE (Official Music Video),GBAHT0500593
57,Celebrity Skin,Hole,1998,https://www.youtube.com/watch?v=O3dWBLoU--E,f1b7054c19277fcf339e52699db9bb3cd6a7c5e8370426797c54898ee096c463,Hole - Celebrity Skin (Official Music Video),USGF19816401
58,Square Hammer,Ghost,2016,https://www.youtube.com/watch?v=VqoyKzgkqR4,63a34249b1e02abea31f50bae0de921224be891c20ebd65b2308d291b88626be,Ghost - Square Hammer (Official Music Video),USC4R1601938
59,Rollin' (Air Raid Vehicle),Limp Bizkit,2000,https://www.youtube.com/watch?v=AMX7XkO2-Y8,aa73a3673d8822ca15b71e682d0c942dcdda1e7e836e6a1afcfd9a1bf10dad7e,Limp Bizkit - Rollin' (Air Raid Vehicle),USIR10001170
60,Alone In A Room,Asking Alexandria,2017,https://www.youtube.com/watch?v=4cHb8AJDR5Y,f3376691a22d70dd9668e1cd1ec727cc2481d6cdd8ae6863fa3c53f4204276fa,ASKING ALEXANDRIA - Alone In A Room (Official Music Video),USYFZ1791001
61,Go Your Own Way,Fleetwood Mac,1976,https://www.youtube.com/watch?v=ozl3L9fhKtE,104f7722bca0a2d67b9ae856fda88ca2dbddb78607bc3ea95b1cea16289e8365,Fleetwood Mac - Go Your Own Way (Official Music Video) [HD],USWB19900181
62,American Woman,The Guess Who,1971,https://www.youtube.com/watch?v=3r_qd2yxIsM,5ce67f42c35c7610b315a5cb9379269e272066ea09c3b9c3b7baa7c8487310ff,American Woman,GBQRF1113026
63,Heat Of The Moment,Asia,1982,https://www.youtube.com/watch?v=88lgq7ZE9Xg,849e6cad3ee1774088ce31fa30c69de95e717a8f40c88df5128d1250fec2f774,ASIA - HEAT OF THE MOMENT 1982  (REMASTERED VERSION),USGF18200801
64,Juke Box Hero,Foreigner,1981,https://www.youtube.com/watch?v=jsGo_AZSb0E,0511dece91871c014602399ca596c14f10608d9c14a1107b8c5d1469da652a8e,Juke Box Hero,USAT20803006
65,The Devil's Bleeding Crown,Volbeat,2016,https://www.youtube.com/watch?v=3nb7DD7vdQ0,3242dac57fbebdaded65b626a08594dfa1cc7b76dcffb47524d08f7b526930f4,Volbeat - The Devil's Bleeding Crown,DKNE11600101
66,Songs für Liam,Kraftklub,2012,https://www.youtube.com/watch?v=w9V9jblqXo0,5ba95f59f2cc24c8c757695c28fd3cb20a5edf61c790ae1a23d52e498eb8da3f,Kraftklub- Songs f[LATIN SMALL LETTER U WITH DIAERESIS]r Liam (Kraftklub mit K) ,DEUM71104128
67,Chop Suey!,System Of A Down,2001,https://www.youtube.com/watch?v=CSvFpBOe8eY,a5549862ad3a33c09bfada687ea14c46fbb652a1fe8185e29a81ad7573b6e714,System Of A Down - Chop Suey! (Official HD Video),USSM10107256
68,Schrei nach Liebe,Die Ärzte,1993,https://www.youtube.com/watch?v=6X9CEi8wkBc,527c545ad703a83a852d2dd8a8a7ea35ed648ef8365ea964f92a69c0649ee581,die ärzte - Schrei nach Liebe (Offizielles Video - Refurbished 2025),DEZ650506930
69,Teenage Dirtbag,Wheatus,2000,https://www.youtube.com/watch?v=FC3y9llDXuM,2f6fe0b20e9ed53f1864938d869f616a08edfd57c8ee426cf7a0870da521ddef,Wheatus - Teenage Dirtbag (Official Video),USSM10008431
70,Here I Go Again,Whitesnake,1982,https://www.youtube.com/watch?v=WyF8RHM1OCg,a803fe331acbe1228c8c7010de9e2c24bcc97859a7187f315f8023bf1570f629,Whitesnake - Here I Go Again '87 (Official Music Video),GB01A8700011
71,Hail to the King,Avenged Sevenfold,2013,https://www.youtube.com/watch?v=PI-dpqOa3rk,bc1c579b11c1497129d629c999f658ad78de97fb419f592bcb2a48c753e47086,Avenged Sevenfold - Hail To The King (Live At The GRAMMY Museum[REGISTERED SIGN],USWB11302191
72,Sleepwalking,Bring Me The Horizon,2013,https://www.youtube.com/watch?v=lir3dzYIhz0,85786becca939c1f13a636ea9384c9c10dee3ff9bc693ec4e220d8bf56bb9093,Bring Me The Horizon - Sleepwalking,GBARL1202418
73,Eye of the Tiger,Survivor,1982,https://www.youtube.com/watch?v=btPJPFnesV4,3621354118770fc8915101876285374ac36fc5482ca82f3602fa787384aec1c5,Survivor - Eye Of The Tiger (Official HD Video),USVR19300001
74,Oh' Pretty Woman,Roy Orbison,1964,https://www.youtube.com/watch?v=Am38jAK38DU,062d556015e3b1050a81743be8120315e702a5b43d985ae731038b074276155d,Roy Orbison - Oh_ Pretty Woman (Monument Concert 1965),USSM16401575
75,The Final Countdown,Europe,1986,https://www.youtube.com/watch?v=lZzcQ-uQ8R0,0ce3b5d41238557066cc74c3dd20a7bff1431c61c02ebd4e077f85b1a12afa0c,Europe - The Final Countdown (audio),USSM18600196
76,Rock Around The Clock,Bill Haley & His Comets,1954,https://www.youtube.com/watch?v=_hXxX7ymRJc,c035c288604e5db7bddb2f1bd74ca77196f893a075897ca49315afcee7b343d3,Bill Haley & His Comets - Rock Around The Clock [Official Music Video],SEBFO6804010
77,Death by Rock and Roll,The Pretty Reckless,2020,https://www.youtube.com/watch?v=BX6KILafIS0,db5d0bdd8aff463b7e994e79964fcb3e75e1921fa1f25c29a6d5c17a24cdc30b,The Pretty Reckless - Death By Rock And Roll (Lyric Video),US5262023639
78,Interstate Love Song,Stone Temple Pilots,1994,https://www.youtube.com/watch?v=yjJL9DGU7Gg,1ca3ba263c69c009592391e03f5c67204ed5b52fc4b89926a44ff4fb1971dbf2,Stone Temple Pilots - Interstate Love Song (Official Music Video) [HD],USAT20181162
79,No One Like You,Scorpions,1982,https://www.youtube.com/watch?v=O5hGSAdKge0,b6e466b05440ed2e45df9ac4908cd9fbdf514aef73cb73cd922994a352a10d9f,Scorpions - No One Like You (Official Video) HD,DEE861101518
80,Balls to the Wall,Accept,1983,https://www.youtube.com/watch?v=3wMwuAEfKus,86412e197cc6d2dbddbd1e6aa99e3fde1df2a17c791b2ce38c5d52097e9716fd,Accept -  'Balls To The Wall '  (HQ),USSM18400165
81,Carry on Wayward Son,Kansas,1976,https://www.youtube.com/watch?v=P5ZJui3aPoQ,b09e594591ca827dbbfc6965184f757a77720b109addecba42209ea9152ce435,Kansas - Carry on Wayward Son (Official Video),USSM17600874
82,Welcome to the Black Parade,My Chemical Romance,2006,https://www.youtube.com/watch?v=RRKJiM9Njr8,b230511d21bf50cc9245812f2f98d44f668832f2c303824b2516122cee55fe53,My Chemical Romance - Welcome To The Black Parade [Official Music Video] [HD],USRE10602613
83,Maybellene,Chuck Berry,1955,https://www.youtube.com/watch?v=RMkIK0qZnjw,cd1709f563940d8a415bf47c683689253098ab92f0b3074389bc66e7ba493d9c,Maybelline,USMC15519962
84,I Hate Myself for Loving You,Joan Jett & the Blackhearts,1988,https://www.youtube.com/watch?v=V6m7b5xJq7Y,82ca0eed7c493bba5da20e48c4a1492d16b6a875e5f7f71f3bf22c2616bfd1f6,I Hate Myself for Loving You,USSM10021818
85,Animals,Architects,2020,https://www.youtube.com/watch?v=n8hImk9kVbA,bf6377cd06156fee06f415468543ad6c9d315f7097bb5f0d5e6b109a60d123d4,Animals by Architects (fan made) Music Video,USEP42058010
86,I Will Not Bow,Breaking Benjamin,2009,https://www.youtube.com/watch?v=7qrRzNidzIc,93451d44b058337bfb4e35c1c9ae90b8ab976fc9689301e21ab7d9422ecea56b,Breaking Benjamin - I Will Not Bow (Official Video),USHR10924529
87,Freak On a Leash,Korn,1998,https://www.youtube.com/watch?v=jRGrNDV2mKc,8f0ef412a2e2a835a2ac7b76061ac373ad4f1046dd357c4f1bf0f6c1939d297d,Korn - Freak On a Leash (Official HD Video),USSM19801755
88,Dance Macabre,Ghost,2018,https://www.youtube.com/watch?v=7Gr63DiEUxw,092e625195655c6d9392160f771b6e9555114f0c8a8979a2e9061a8175473dd9,Ghost - Dance Macabre (Official Music Video),USC4R1802371
89,What I Got,Sublime,1996,https://www.youtube.com/watch?v=0Uc3ZrmhDN4,6d8540a6beb9aea57c013eb8cf5a17084255a13d98d763aefcedeefced9b694b,Sublime - What I Got (Official Music Video),USGA19649251
90,Wake up Little Susie,The Everly Brothers,1957,https://www.youtube.com/watch?v=iTseFBze0NM,1ed61686cb70fb531da924ec42cb994a92a5180a70625defaa687a6118be7ac9,Everly Brothers - Wake up Little Susie (live 1983) HD 0815007,USWB19903263
91,I Wanna Rock,Twisted Sister,1984,https://www.youtube.com/watch?v=tyHpTG1MjVU,794c35189e1817ec7b769f0da411592853655a686d2b4289407edc4c5d36dcb1,I Wanna Rock (2016 Remaster),USAT20000551
92,Black Hole Sun,Soundgarden,1994,https://www.youtube.com/watch?v=3mbBbFH9fAg,4b8f5665d4f3bbc43eb060f521db4aa14e31a9469696dee7ba323b2a3593bdba,Soundgarden - Black Hole Sun,USAM19400007
93,Bad Medicine,Bon Jovi,1988,https://www.youtube.com/watch?v=eOUtsybozjg,a09c771ab7b6336e736b7d856eb0a50fe853d1f3c9ce69da9e113951d7574fe7,Bon Jovi - Bad Medicine (Official Music Video),USPR39402228
94,Rock And Roll All Nite,KISS,1975,https://www.youtube.com/watch?v=EFMD7Usflbg,9222a0f9f798f7306311b8297cd74b68bb73836a8e522f55369be2033d44a0b4,Kiss - Rock And Roll All Nite (From Kiss eXposed),USPR37509157
95,Mr. Jones,Counting Crows,1993,https://www.youtube.com/watch?v=-oqAU5VxFWs,350ba3e9535a3633aa6b64980aba66ad0d9a0c3d292b7f32d06e314de0413fa9,Counting Crows - Mr. Jones (Official Music Video),USIR10000287
96,Bodies,Drowning Pool,2001,https://www.youtube.com/watch?v=04F4xlWSFh0,5e5996274aa171eb32070da821783ee81762b530c497bbf2c8ee39c22dd1af9f,Drowning Pool - Bodies (Official HD Music Video),USWU30006502
97,Stinkfist,TOOL,1996,https://www.youtube.com/watch?v=6zpvlMp04D0,9a679ee04cac49b111cdbd8f941f84583538c2e199f4c7969cb06a59c8146a3c,TOOL - Stinkfist (Official Video),USZE19600081
98,Run For Cover,The Killers,2017,https://www.youtube.com/watch?v=XO7JGfqPB0s,fd73884d8880476e0f49509fd03a14c50346665271e8f01112c38cfb6fda44de,The Killers - Run For Cover,USUM71707343
99,Kryptonite,3 Doors Down,2000,https://www.youtube.com/watch?v=_p4td1Ch9t8,fc2db7f6324f2f20deb1b9d790dc8a8ce7379254bb5563acb907045b21857692,3 Doors Down - Kryptonite (Official Video),USUR19980187
100,Free Bird,Lynyrd Skynyrd,1973,https://www.youtube.com/watch?v=0LwcvjNJTuM,fdd8ac5dc412755c30cf5e956e2dd7be1958d2a833e6f231cd15852957d51307,Lynyrd Skynyrd - Free Bird (Official Audio),USMC17301722
101,Howlin' for You,The Black Keys,2010,https://www.youtube.com/watch?v=3AiRQyOKBJY,2f6ac858da85db591692ef5288855b610fcd75ff57470095e4166b499060e7c8,The Black Keys  Howlin' for You  on Late Night 2010,USNO12000174
102,Master Of Puppets,Metallica,1986,https://www.youtube.com/watch?v=6xjJ2XIbGRk,73c3ca507493eb0a66526c7727f2997c5899eb201f34acd831f4286d478c43bf,Metallica: Master of Puppets (Official Lyric Video),QMKHM1600219
103,The Kill (Bury Me),Thirty Seconds To Mars,2005,https://www.youtube.com/watch?v=XPkZ9lmB8xY,7cefd4a7ad8ebfa598c556350875cde2a4b2002761c6446aac2adb87a1172a1b,Thirty Seconds To Mars - The Kill (Bury Me),USVI20500136
104,Heart-Shaped Box,Nirvana,1993,https://www.youtube.com/watch?v=n6P0SitRwy8,cd0e92762fde1c41f97012f975b17821e84769b471669f7f888d205754462ad3,Nirvana - Heart-Shaped Box,USGF19960703
105,Put Your Head On My Shoulder,Paul Anka,1959,https://www.youtube.com/watch?v=kvazBqAlx58,abb2c827635c4af3c16084682af194ed0e2de59c98d98b547afe558f5d5811b3,Put Your Head On My Shoulder,USRC10000600
106,Should I Stay or Should I Go - Remastered,The Clash,1982,https://www.youtube.com/watch?v=xMaE6toi4mk,057051e7ea5b594d305a1aaa949bca4032c37ef500a915b013bbfb330392cd34,The Clash - Should I Stay or Should I Go (Official Video),GBARL1200670
107,Scar Tissue,Red Hot Chili Peppers,1999,https://www.youtube.com/watch?v=YlUKcNNmywk,00e873146368b21b0012d9456b71e4cb90edccc4b1b645fc44f705364342d6a2,Red Hot Chili Peppers - Californication (Official Music Video) [HD UPGRADE],USWB19900674
108,Ace of Spades,Motörhead,1980,https://www.youtube.com/watch?v=3mbvWn1EY6g,e0811d7dc5773e605f09863fae8d6bc9ebc5bade8604833683d0923a080b8596,Mot[LATIN SMALL LETTER O WITH DIAERESIS]rhead [EN DASH] Ace Of Spades (Official ,GBAJE8000033
109,18 and Life,Skid Row,1989,https://www.youtube.com/watch?v=ztzkz0r1RG8,935cefbad1677c01ad577781b2a7fd958cf39a3aad980f6bbd0720828175e4c7,18 and Life,USAT20901906
110,Green Onions,Booker T. & the M.G.'s,1962,https://www.youtube.com/watch?v=0oox9bJaGJ8,25cda61682cd866c67695e9480b0c35df1a10a1e5a30f5a7a0103a6f7140801d,Booker T. & The MG's - Green Onions (Official Audio),USAT20000736
111,Iron Man,Black Sabbath,1970,https://www.youtube.com/watch?v=0qanF-91aJo,8936b3a8bcfc007a094db54d8afcca3cf67a9dfeb0bf9373f8f41b141f918045,BLACK SABBATH -  Paranoid  (Official Video),GBAJE7000085
112,The Summoning,Sleep Token,2023,https://www.youtube.com/watch?v=tH37hvuSJPo,a321e6d45755a3e169667b4ef7cb11cb3e0c7f35329630ed233bc7c936b14f16,The Summoning by Sleep Token Lyric. #SleepToken #TheSummoning #HeavyMetal #Music,GBUM72200352
113,Bulletproof,Godsmack,2018,https://www.youtube.com/watch?v=wKdOrFGojQE,37bee47bda27870b0a4bfa6cbeeb79c2d07583229e853961a42d3aed05e00df8,Godsmack - Bulletproof (Audio),QMRSZ1703237
114,Hit the Road Jack,Ray Charles,1961,https://www.youtube.com/watch?v=uSiHqxgE2d0,57fc2639c4b399638b84e2d0a8d1656d0be1b7566607cbf4832f41be27eabbee,Ray Charles - Hit The Road Jack (Official Lyrics Video),FR6V81229417
115,Circle With Me,Spiritbox,2021,https://www.youtube.com/watch?v=I0WzT0OJ-E0,ea205baa241e274cf98383f37adebde035eab9e8e437334305fa6d2a0eefea0d,Spiritbox - Circle With Me (Official Music Video),QMRSZ2100664
116,California Dreamin',The Mamas & The Papas,1965,https://www.youtube.com/watch?v=KOok1WzZbOY,c88a8b692875cde54ebc179e95ab1a0504bb05c98ed56b16040f5d9ac0aed0cb,The Mamas & The Papas - California Dreamin' (Official HD Video),USMC16532697
117,Face Down,The Red Jumpsuit Apparatus,2006,https://www.youtube.com/watch?v=6Ux6SlOE9Qk,b6f69732083a5a85dbe5a7f02c7d1929c8053bb7eb27d8ade288603d5584f42b,The Red Jumpsuit Apparatus - Face Down,USVI20600108
118,R U Mine?,Arctic Monkeys,2012,https://www.youtube.com/watch?v=VQH8ZTgna3Q,847bbc1e89a1499418ae24edfd07e13b6d77204a7d55c4f375f6dc127c7d85ea,Arctic Monkeys - R U Mine? (Official Video),GBCEL1300363
119,You Ain't Seen Nothing Yet,Bachman-Turner Overdrive,1974,https://www.youtube.com/watch?v=Oxx5EziC8_w,f28fb3e0ea9592570641387237af3ef1c0017f04d9005775894e26dae1dae1f8,Bachman Turner Overdrive   You Ain't Seen Nothing Yet 1974 Video Sound HQ,USPR39401742
120,Run Through The Jungle,Creedence Clearwater Revival,1970,https://www.youtube.com/watch?v=mbjQiqkaD3U,ad30108d4258863b03250d2497822a3b4cae5cf586d7f007fdd47c5dcc57cc56,Creedence Clearwater Revival - Run Through The Jungle (Stereo / Lyrics),USC4R0817631
121,Song #3,Stone Sour,2017,https://www.youtube.com/watch?v=K73-hmaHPHY,6f5646cb3ad23b5e09890dda1aa9fb98d375917f30a3e9718e69286ca2505589,Stone Sour - Song #3 [OFFICIAL VIDEO],NLA321700079
122,You're Going Down,Sick Puppies,2011,https://www.youtube.com/watch?v=liW-kWFiXtQ,960ed0679eefc7c65c4ee83e0f6741732b3f3574f3bcf6aab757338ee259c245,Sick Puppies - You're Going Down (Official Video),USVI20900226
123,Born to Run,Bruce Springsteen,1975,https://www.youtube.com/watch?v=IxuThNgl3YA,82a3874e36ca0494f5145845bc418736d9ef567ec106ac33c1292142f56af525,Bruce Springsteen - Born to Run (Official Video),USSM17500423
124,Centuries,Fall Out Boy,2014,https://www.youtube.com/watch?v=LBr7kECsjcQ,1cdea87347d59013aa3248bfa2510bd6950ded04ecf3d7194c829cb53afeaced,Fall Out Boy - Centuries (Official Video),USUM71412644
125,For What It's Worth,Buffalo Springfield,1966,https://www.youtube.com/watch?v=80_39eAx3z8,fefdb4f1843596c7c9b5fb9df2e463fb54db5cf6eef9b6a09f9e66143e481151,Buffalo Springfield - For What It's Worth (Official Audio),USEE10170607
126,Epic,Faith No More,1989,https://www.youtube.com/watch?v=WkqPVMKsN20,356fc55e3750cf59eb29e372332a8904b1da7a8444159136295cadc62943ce5f,Epic,GBANC8900003
127,Still Waiting,Sum 41,2002,https://www.youtube.com/watch?v=qO-mSLxih-c,2805f73fe017e36114dc9fd55470f52f61d2413513cc9a3e89e850fb9718c183,Sum 41 - Still Waiting (Official Music Video),USIR20200792
128,Hotel California,Eagles,1976,https://www.youtube.com/watch?v=09839DpTctU,496cf86fcb250183b7830c242fcdb84b0f90206eb0170094b64e5440dd1566ec,Eagles - Hotel California (Live 1977) (Official Video) [HD],GB-SMU-26-79348
129,No One Knows,Queens of the Stone Age,2002,https://www.youtube.com/watch?v=s88r_q7oufE,cb5c2e050e81c97bbe833886a20a6d8c0231f8e9d0c8ac8851550fb007fed630,Queens Of The Stone Age - No One Knows (Official Music Video),USIR10211291
130,Painkiller,Judas Priest,1990,https://www.youtube.com/watch?v=nM__lPTWThU,5b57d06bd6641a530e0fc6a5a7e05abab663134bbfc46fba506d8f9f7d5361dc,Judas Priest - Painkiller,GBBBN0102557
131,Fight For Your Right,Beastie Boys,1986,https://www.youtube.com/watch?v=eBShN8qT4lk,ccc05beaecdfe5f0722e75bdce70555e9e16251da6005ba6838acd036a9fdf73,Beastie Boys - (You Gotta) Fight For Your Right (To Party) (Official Music Video,USDJ28600007
132,I Write Sins Not Tragedies,Panic! At The Disco,2006,https://www.youtube.com/watch?v=XioHVMjtICI,38fe816273a6f19d10eb471683a1578468d78ef69c313971eb7a0d0ab695f061,Panic! At The Disco -  I Write Sins Not Tragedies Official Music Video,US56V0507710
133,Tears Don't Fall,Bullet For My Valentine,2006,https://www.youtube.com/watch?v=4q3KTBBsbpE,61168c55f25e645a65efd3f8fa1615491f38365c079c2126f91d4a77647cb88c,Bullet For My Valentine - All These Things I Hate (Revolve Around Me) (Official ,GBHQD0500017
134,Symphony Of Destruction,Megadeth,1992,https://www.youtube.com/watch?v=zzcgZ_p3CMM,08d5942b03d390888104e8375294ee4130b71fbec82a4850e7b2bb3ea55df1db,Megadeth - Symphony of Destruction 1992 (Official Video) [MODIFIER LETTER CAPITA,USCA20400616
135,Bonnie & Clyde,Die Toten Hosen,1996,https://www.youtube.com/watch?v=i7RX35BUh8s,8c5c42ea724cb7409906e7183613f73cc05c7eb949e804cfe4f061896d118c79,DIE TOTEN HOSEN - Musterbeispiel / Bonnie & Clyde ( Live ) [ACUTE ACCENT]96,DEF240712435
136,My Own Worst Enemy,Lit,1999,https://www.youtube.com/watch?v=sc5iTNVEOAg,8f0c59428eb6a45a505527cf33f79bd872519f9e4d97cbc53c9d8790c55cf682,Lit - My Own Worst Enemy (Official Music Video),USRC19808159
137,Burning Heart,Survivor,1985,https://www.youtube.com/watch?v=NeCwJ1IiQQw,8f4d95f292580f24c4360648473106021fdf664b2a127e1577662b6332fe669a,Survivor - Burning Heart (Audio),USVR19300003
138,GOSSIP (feat. Tom Morello),Måneskin,2023,https://www.youtube.com/watch?v=XrsbfrFPATs,7cd53e8ac880d85fc3fe3a881da86f1d7c08dfb41a43fbe9ae8f8b1a03b708b0,M[LATIN SMALL LETTER A WITH RING ABOVE]neskin - GOSSIP ft. Tom Morello,ITB002200841
139,Plush,Stone Temple Pilots,1992,https://www.youtube.com/watch?v=V5UOC0C0x8Q,2d4b2acf2cd9a7ba0e48b55a0c26032310d0fd4e8d5762bd3fdcf568627bf72f,Stone Temple Pilots - Plush (Official Music Video),USAT29200016
140,Pour Some Sugar On Me,Def Leppard,1987,https://www.youtube.com/watch?v=0UIB9Y4OFPs,a1614f5eaef8de366fbd8c4f90683a020f19d4f59284f36016a3146d4a2bdc2d,DEF LEPPARD -  Pour Some Sugar On Me  (Official Music Video),GBF088790147
141,I Stand Alone,Godsmack,2002,https://www.youtube.com/watch?v=OYjZK_6i37M,b9c9718dcc0c4f99b6163124669741051322fd45d435718517297aa5df93a445,Godsmack - I Stand Alone,USUR10111257
142,Going Under,Evanescence,2003,https://www.youtube.com/watch?v=CdhqVtpR2ts,aa7aec90393150b854d8738d0430f5c941dced7e26dbcd1f24f47e6c81ed5061,Evanescence - Going Under (Official HD Music Video),USWU30200108
143,The Middle,Jimmy Eat World,2001,https://www.youtube.com/watch?v=oKsxPW6i3pM,a7c59c91222280766aea4b10dc34776c10615cbeeabf272d003ff1af7c5578d1,Jimmy Eat World - The Middle (Official Music Video),USDW10110256
144,Hound Dog,Elvis Presley,1956,https://www.youtube.com/watch?v=cYwDUonrGFQ,4d094b462e992059bf7d3af596a048219b731d18775f4f747ca313fe218ca11d,Elvis Presley - Hound Dog (Official Lyric Video),USRC15602857
145,Sk8er Boi,Avril Lavigne,2002,https://www.youtube.com/watch?v=TIy3n2b7V9k,59dfcb42ed4d9d3ec779a09271ae3887d703661532424322f0863c2b95dda6d0,Avril Lavigne - Sk8er Boi (Official Video),USAR10200229
146,Break on Through (To the Other Side),The Doors,1967,https://www.youtube.com/watch?v=NFeUko-lQHg,8213871ec6ee456ea52709cbbb608c3ce73ee79851bc787d31bb5e70e790f9a6,Break on Through (To the Other Side),USEE19900198
147,Surfin' U.S.A.,The Beach Boys,1963,https://www.youtube.com/watch?v=enlOHxQ0tb4,9b705eb8215f17ca52d80a46433ff806004311b97b7d0c14c8e6c354a9757ce9,The Beach Boys - Surfin' U.S.A. (Lyric Video),USCA21201955
148,Need A Favor,Jelly Roll,2023,https://www.youtube.com/watch?v=P1nRboaLTzU,0a61fc0016065ecbd16b9f463b944348abe0ac4764f4aa161f1add04c3b65594,Jelly Roll -  NEED A FAVOR  (Official Music Video),QMRSZ2203220
149,The Emptiness Machine,Linkin Park,2024,https://www.youtube.com/watch?v=SRXH9AbT280,3c8f6eea90bf4548347a1a2c3588976a01f4faaaf0e6218b7ee1cc9d3b27b645,The Emptiness Machine (Official Music Video) - Linkin Park,USWB12403464
150,Cut the Cord,Shinedown,2015,https://www.youtube.com/watch?v=9itwt_opsvQ,81109194eb015262d7e2ffaf21e10b1ec3c1f53367de56d432764e704696c7d8,Shinedown - Cut The Cord (Official Video),USAT21501541
151,Hurricane,I Prevail,2019,https://www.youtube.com/watch?v=zhMt7kvgzRM,f0cb868b382db73d20c2d0ba9ffb5a8e8ee519bef64a6e69dd7b27a4297211c8,I Prevail - Hurricane (Official Music Video),US5261923090
152,Are You Gonna Be My Girl,Jet,2003,https://www.youtube.com/watch?v=tuK6n2Lkza0,4db8304b479611e1c3c3bfc40f6c987490239f6941e94d4f7eca3c0a2c88d3a3,Jet - Are You Gonna Be My Girl (Official Music Video),USEE10340526
153,American Idiot,Green Day,2004,https://www.youtube.com/watch?v=kqkGY9jsBOw,e57c7ea156fc14d48cfb1bd001452faeabdb4dde08f3ae9b45dfa234c29d17b9,Green Day - American Idiot (Official Audio),USRE10400888
154,Hit Me With Your Best Shot,Pat Benatar,1980,https://www.youtube.com/watch?v=JRD80XRMT7s,90e73432b21a16559ca0a42aba17ec83e8023f2bc7eb1bf69fac3e175fa41e80,Hit Me With Your Best Shot (Remastered),USCH38400009
155,Crazy Train,Ozzy Osbourne,1980,https://www.youtube.com/watch?v=tMDFv5m18Pw,23f0b3fe5e280d9f681248128cd65b661047cd7a6b2eefad050e24ad8638711a,Ozzy Osbourne - Crazy Train (Official Animated Video),USSM11002845
156,I Wanna be your slave,Måneskin,2021,https://www.youtube.com/watch?v=yOb9Xaug35M,a0464ff781451c36ae043e9e78dee83490bafbe7af7120fc201ffa15dd70c80f,M[LATIN SMALL LETTER A WITH RING ABOVE]neskin - I WANNA BE YOUR SLAVE (Official ,ITB002100115
157,In the End,Linkin Park,2000,https://www.youtube.com/watch?v=eVTXPUF4Oz4,bd84eeda82aaae7299ba5e2fce56ccaf34fc33f9797cac009911459e4e92daea,In The End [Official HD Music Video] - Linkin Park,USWB10002407
158,Even Flow,Pearl Jam,1991,https://www.youtube.com/watch?v=FdIX36A8lMQ,250d88fe5d39c13e4ccfe84a14b39da5bc53eb6bae87cce33557535e3ea64d04,Pearl Jam - Even Flow Lyrics,USSM19100673
159,Black Betty,Ram Jam,1977,https://www.youtube.com/watch?v=I_2D8Eo15wE,0aae3463f884922e3337c6c47f33aa2e93d639cd37d095dd8b89df6c2a1a4156,Ram Jam - Black Betty,USSM10211288
160,Detroit Rock City,KISS,1976,https://www.youtube.com/watch?v=iZq3i94mSsQ,446fad94dc5eb6e1191f969b97c76529ff3a4164f210c3cc8b400235b8a48e46,Kiss - Detroit Rock City,USPR37707201
161,Don't Stop Me Now,Queen,1978,https://www.youtube.com/watch?v=HgzGwKwLmgM,80f1d44b4030a1f1ebc297c49548ab39152dab4b04c4a434f7471e8602458d24,Queen - Don't Stop Me Now (Official Video),GBUM71029610
162,Bad To The Bone,George Thorogood & The Destroyers,1982,https://www.youtube.com/watch?v=IyhJ69mD7xI,14a8e14d3b7114fe35be8ada0d277fe6482a602c5cae370c156ed19e2d5d80cd,George Thorogood & The Destroyers - Bad To The Bone,USEM38500069
163,Poison,Alice Cooper,1989,https://www.youtube.com/watch?v=Qq4j1LtCdww,97fa87271ac40c4b8ecee792c8ab276e4b09041fd3bb2f0bc96d809212c348e7,Alice Cooper - Poison,USSM18900004
164,Danger Zone,Kenny Loggins,1986,https://www.youtube.com/watch?v=siwpn14IE7E,9052a47f51db9dec08c08faacbd6c84a415809bb15f7a3e07a8222995ab11da0,Kenny Loggins - Danger Zone (Official Video - Top Gun),USSM18600108
165,Thunderstruck,AC/DC,1990,https://www.youtube.com/watch?v=v2AC41dglnM,df5e06a7d1475b3492872966a7b6a02336c908d81a0310703f085b7e5e5d29a7,AC/DC - Thunderstruck (Official Video),AUAP09000014
166,Children of the Grave,Black Sabbath,1971,https://www.youtube.com/watch?v=0kqyn-vivxY,65f6c708e43a73f74837452fa99f564f90ef80b4f8fca64dc54c1146d3aa984d,Black Sabbath - Children of the Grave (Vietnam War),GBAJE7100085
167,Altes Fieber,Die Toten Hosen,2012,https://www.youtube.com/watch?v=CQYypFMTQcE,364773ebd601ddfa78fcc56243be1cf2c3ee46e56febb49754b34c8767a39970,Die Toten Hosen // Altes Fieber [Offizielles Musikvideo],DEF241230008
168,Creep,Radiohead,1992,https://www.youtube.com/watch?v=fAuT8_dboWo,fc7e2a85a856e3664386ffc746f91f3c4583caa9fc75e91e855bdb7fd53748dc,Radiohead - Creep (Remastered) (Audio),GBAYE9200070
169,Dragula,Rob Zombie,1998,https://www.youtube.com/watch?v=EqQuihD0hoI,72511f6f822e1afd372613ce447960d4557edd57db1f5102b2e15b8af2c60ef1,Rob Zombie - Dragula,USGF19821203
170,Angels Fall,Breaking Benjamin,2015,https://www.youtube.com/watch?v=9zFfRSeA1ls,2f4c6ee1f51c4db5debf330ae6004028b8c1b1b1cc8dfe9838267436bdc66af8,Breaking Benjamin - Angels Fall (Official Video),USHR11536293
171,I Miss the Misery,Halestorm,2012,https://www.youtube.com/watch?v=V5OC2IZW3Pg,64204279ad1bbe0c0bf57c674c17ddad30d9ccd91aa84024d1516a2e0ad64789,Halestorm - I Miss the Misery (2012),USAT21200150
172,Two Princes,Spin Doctors,1991,https://www.youtube.com/watch?v=wsdy_rct6uo,d4c313c5bf52892939d8ab75ed3846e2390304f91c37c659914bd2ce669e5e18,Spin Doctors - Two Princes,USSM19000350
173,Breaking the Law,Judas Priest,1980,https://www.youtube.com/watch?v=L397TWLwrUU,0159eac8b4c8e126d6e39fb48c78aa93ad9ff55a393aa3cbdc221817038291ec,Judas Priest - Breaking The Law (Official Music Video),GBBBN8000007
174,Lola Montez,Volbeat,2013,https://www.youtube.com/watch?v=DdPpRdImfuA,a4c68cba6596bb472599fddef72115a986769546f8a81b85cddf1155345bc84b,VOLBEAT - Lola Montez (Lyrics),DKNE11300109
175,Ain't Talkin' 'Bout Love,Van Halen,1978,https://www.youtube.com/watch?v=qtwBFz6lfrY,64fb272c1aa89e0c8ff855500eba79ae9aaea781a9dcbcf028e4d86d7799063e,Ain't Talkin' 'Bout Love (2015 Remaster),USWB17700031
176,Just What I Needed,The Cars,1978,https://www.youtube.com/watch?v=gvy2yqUHLLg,7bc3e02f02c7fafdb3acff10e4541734a6e0bc38481505dcfa7fcf51ef0d2f33,The Cars - Just What I Needed (Official Live Video),USEE17500009
177,San Quentin,Nickelback,2022,https://www.youtube.com/watch?v=bsmoFqvY5gw,28f4ea006f374bd1173e5cd37f4047e5e91434e71384ea423d3dc3050ac6b734,Nickelback - San Quentin (Official Music Video),QMRSZ2202409
178,First Date,blink-182,2001,https://www.youtube.com/watch?v=vVy9Lgpg1m8,dfafa1aaf1d37a75488f818256e28a068b61822994506ddf77c81ec79cbead16,blink-182 - First Date (Official Video),USMC10110874
179,Joker And The Thief,Wolfmother,2005,https://www.youtube.com/watch?v=Nr0SqIAFohk,acb3c97994d1e53cf90c14cbe9daaf68035a65cc84f0f36d578a911eee618687,Wolfmother - Joker And The Thief (Audio),AUUM70500115
180,Don't Threaten Me with a Good Time,Panic! At The Disco,2016,https://www.youtube.com/watch?v=0hU3o7QbgKs,effbdbe39a3158fe851316b6971000ef86105a441a1ae2d1f35f2c1bfe151951,Panic! At The Disco - Don't Threaten Me With A Good Time (Official Video),USAT21503695
181,To Hell and Back,Sabaton,2014,https://www.youtube.com/watch?v=RhmHSAClG1c,bb9fe90307f4d36ed4e19dc8123d0167a2c19d8042b59ff1351cdc6f75e20d1d,SABATON - To Hell And Back (Official Music Video),SE2EG1400105
182,All Star,Smash Mouth,1999,https://www.youtube.com/watch?v=L_jWHffIx5E,d58a56a4e97062dda6f68fff00279daae506963fe6285281fbaac501b608953a,Smash Mouth - All Star,USIR19902220
183,White Trash Millionaire,Black Stone Cherry,2011,https://www.youtube.com/watch?v=ZQ8itDYP6HU,eaf2de4c2e782bc5eb7b547c6b6ac3fbda3850663c7e70a4df2330c30450191c,Black Stone Cherry - White Trash Millionaire [OFFICIAL VIDEO],NLA321190959
184,Getting Along,Royal Republic,2016,https://www.youtube.com/watch?v=bu3ruL8WJgc,f193945eaa5c96eb9118b256159eeead0fe936c3af6939e7ea1844e123710243,Getting Along,DEUM71503581
185,I'd Do Anything For Love (But I Won't Do That),Meat Loaf,1993,https://www.youtube.com/watch?v=9X_ViIPA-Gc,68a4ff2322033f18f37d126c56d49593b830027cf34a6df2d262c6880d2c25dd,Meat Loaf - I'd Do Anything For Love (But I Won't Do That) (Official Music Video,USMC19341323
186,Risin' High - Def Core Grind Version,H-Blockx,1993,https://www.youtube.com/watch?v=2gdchItioqQ,6fc85fdad2676b050c742499950a94151c98436f05bfa43dcea8750c8e3a628a,H-Blockx - Risin' High (Official Music Video) [HD Remastered],DED149300010
187,Fake It,Seether,2007,https://www.youtube.com/watch?v=gy8HPSIFXEM,54e0f6e14c80ad0a1e665654f2c36c0f7c8bc406962825c8be1f9e99197d75ff,Seether - Fake It,USWU30700132
188,Seven Nation Army,The White Stripes,2003,https://www.youtube.com/watch?v=0J2QdDbelmY,d3694643ec152040677f55efe88fb31a430adf4f043ca988f8bdefb498a0ce0e,The White Stripes - Seven Nation Army (Official Music Video),USVT10300001
189,Love Hurts,Nazareth,1974,https://www.youtube.com/watch?v=WUff6gpqd8s,fc52e8d467f8be4a072197749546f563e4e31f7ebfb0a50505f674ef581b4d1a,Nazareth - Love Hurts (Official Audio),USAM17502195
190,Gimme Shelter,The Rolling Stones,1969,https://www.youtube.com/watch?v=RbmS3tQJ7Os,8f0d7facedda8768f9226b136bca7526a1b41f910c44da7727df11059281aaa0,The Rolling Stones - Gimme Shelter (Official Lyric Video),USA176910020
191,The Kids Aren't Alright,The Offspring,1998,https://www.youtube.com/watch?v=7iNbnineUCI,fb063bf3e9ee0a03f1d5f71f3964c9c31104ef1a453f8216dc1833d24b383110,The Offspring - The Kids Aren't Alright (Official Music Video),USSM19804363
192,Self Esteem,The Offspring,1994,https://www.youtube.com/watch?v=EtNZnhxWLHo,20f571ce5827517f706f5321fc4f8f304f44a1792f92b170bdfba78429ebd83f,Self Esteem,USEP40312208
193,Jekyll and Hyde,Five Finger Death Punch,2015,https://www.youtube.com/watch?v=x9RfXb3JHw8,56078f459553800f2c0340b96b183df0a8a865a0261011992d46d368a4daf05a,Five Finger Death Punch - Jekyll and Hyde (Official Audio),US5Z51500620
194,S.O.S. (Sawed Off Shotgun),The Glorious Sons,2017,https://www.youtube.com/watch?v=JcYaAu01Q2Y,083a21bda229a2371f1da164a1171f59e61c55a0bd016a35262c8d92cc293dea,The Glorious Sons - Sawed Off Shotgun (Official Audio),CABD61705406
195,Red Flag,Billy Talent,2006,https://www.youtube.com/watch?v=l2UktJtKpFw,d51a2dc79fbffeb056d635e21bfc3df21d903bccb470007839f6eeb2b68fb89c,Billy Talent - Red Flag (Official Music Video),USAT20612281
196,Heaven Knows,The Pretty Reckless,2014,https://www.youtube.com/watch?v=JVZe5K3PZig,6c7999b9e8969a76dc668a31a0c3d192fb1a6391d722a9a3080c7650fb39f345,The Pretty Reckless - Heaven Knows (Official Audio),USRZR1353301
197,"Dance, Dance",Fall Out Boy,2005,https://www.youtube.com/watch?v=C6MOKXm8x50,e5111e11b55c8753964c447760c7bf77ca2829fa2754e22e0698b06971fccc7d,Fall Out Boy - Dance_ Dance (Official Music Video),USDJ20500174
198,Help,Papa Roach,2017,https://www.youtube.com/watch?v=HYLTsdeO2uA,7619531b403131ecd8d0b375264595ade7a070a09d03230093f5cf8b5cfbd531,Papa Roach - HELP (Official Video),USDPK1700067
199,You Give Love A Bad Name,Bon Jovi,1986,https://www.youtube.com/watch?v=Aqc3VTpz9HQ,8ae90e01850ed53949d67cbe4b1827f6124b27a11313dc629f2339d6801da6e2,You Give Love A Bad Name,USPR39402224
200,All Day and All of the Night,The Kinks,1964,https://www.youtube.com/watch?v=fOGMRnKl5co,93315f3eb557f655c40917e070ec2f08cf1958ad2008a00ea63b86d24f5e28f7,The Kinks - All Day And All Of The Night (Official Audio),GBAJE6400007
201,Every You Every Me,Placebo,1998,https://www.youtube.com/watch?v=OMaycNcPsHI,b93c60a796c66a0320f8ab5c1cdc24943cf3779639941651d239137d4dfedb69,Placebo - Every You Every Me (Official Music Video),GBAAA9820460
202,Paradise City,Guns N' Roses,1987,https://www.youtube.com/watch?v=Rbm6GXllBiw,e1cd9088eba5c512d0980dd716fe43436cc6e30b6c701ba0a391063a5f3a8ee9,Guns N' Roses - Paradise City (Official Music Video),USGF18714806
203,Monsters (feat. blackbear),All Time Low,2020,https://www.youtube.com/watch?v=RvMniYi8t30,7650d12c712fecf279cc9a3b40ba5649ef2b52cee60a73a178a88f992d328906,Monsters (feat. blackbear),USAT22000034
204,Enter Sandman,Metallica,1991,https://www.youtube.com/watch?v=CD-E-LDc384,8ccd7aad2f7d09093641e2d74aa009448837800bc9225c995a41c5711f7b2869,Metallica: Enter Sandman (Official Music Video),GBF089190013
205,Nothin' But A Good Time,Poison,1988,https://www.youtube.com/watch?v=_88L-CU7PD4,27948f2ec6e92fa0ebc9faad750262cc9b8dd1b5aa80884630e1da2afde4881e,Poison - Nothin' But A Good Time,USCA28800138
206,You're The One,Greta Van Fleet,2018,https://www.youtube.com/watch?v=9Wyn-s4Wc4s,c9348d3481691075009d48261026f9963586ed9b8ad797aa5461d2c0dc638378,Greta Van Fleet - You[RIGHT SINGLE QUOTATION MARK]re The One (Live on SNL / 2019,USUM71811327
207,I'm a Believer,The Monkees,1967,https://www.youtube.com/watch?v=5tpxXDILZHs,70b55b84c77b03ce0c013d0e4dee01775654ce49b201eaf500b6d1a1c338e5d2,The Monkees - Daydream Believer (Official Music Video),USRH10125749
208,Guerrilla Radio,Rage Against The Machine,1999,https://www.youtube.com/watch?v=Rm1nCYOZB-s,6dbc1d82afcd00a82625bfb58ab59a125e1321ff98c61f19575ce10d27fbab1b,Rage Against The Machine - Guerrilla Radio (Official HD Video),USSM19919500
209,Down with the Sickness,Disturbed,2000,https://www.youtube.com/watch?v=09LTT0xwdfw,158331574cbd20adaaa0c87986b75f40c7c0dc52bb402d2e5f39128ae8a4dd18,Disturbed - Down With The Sickness (Official Music Video) [HD UPGRADE],USGI19900180
210,Stay,Maurice Williams,1960,https://www.youtube.com/watch?v=pOkeOz2Z_xk,c140834cb9785725705bc647c5fe91ae12b972ae8b54b34904d24301c70160cf, Stay  by Maurice Williams and The Zodiacs,DEXO32234723
211,Open Your Eyes,Guano Apes,1997,https://www.youtube.com/watch?v=UNo2-viKfW8,36a869fbff9ca13f319df0f5690215fbc40a31bbc5dd80c46e40cebf8470646b,Guano Apes - Open Your Eyes (Official Video),DEC689700412
212,1979,The Smashing Pumpkins,1995,https://www.youtube.com/watch?v=4aeETEoNfOg,45c45166514788cc9b373f91fef0be3a62c648e76b1b7c201028ffde0789d443,The Smashing Pumpkins - 1979 (Official Music Video),USVI29500052
213,Like a Stone,Audioslave,2002,https://www.youtube.com/watch?v=7QU1nvuxaMA,61b682c4a6109d355b551d4cd7ebdbe37307dc0810a9cdbb4fb9b1745f755194,Audioslave - Like a Stone (Official Video),USSM10211587
214,Radioactive,Kings of Leon,2010,https://www.youtube.com/watch?v=wPBbMbKSZrQ,cc6c959b6f3ab91e5cad594525aea52e6eee770383be799c370746d1b135b75c,Kings Of Leon - Radioactive (Official Music Video),USRC11000673
215,Ocean Avenue,Yellowcard,2004,https://www.youtube.com/watch?v=X9fLbfzCqWw,f116bc6def53d23f32319b28bdeb83ff3c832f8ad5e48e29c3cec60ea315386c,Yellowcard - Ocean Avenue,USCA20300233
216,Man in the Box,Alice In Chains,1990,https://www.youtube.com/watch?v=TAqZb52sgpU,96d4099c1e04900f811912b2093127e8158286673556f3d998282557ecdc5359,Alice In Chains - Man in the Box (Official Video),USSM19000727
217,Cherry Pie,Warrant,1990,https://www.youtube.com/watch?v=OjyZKfdwlng,a084af8031807d8ecb0cb1dc32efaab50e6555c8b529cb32a6721e63eaf6d009,Warrant - Cherry Pie,USSM10006917
218,Higher,Creed,1999,https://www.youtube.com/watch?v=J16lInLZRms,3a791ac83e96a0e1c6e14d691863a395cb818b81add47fddde0b4eb0a72d7c69,Creed - Higher (Official HD Music Video),USWU39909053
219,Drive,Incubus,1999,https://www.youtube.com/watch?v=fgT9zGkiLig,794752a31090f8eb88547ba21dc94116f16a03d807e3e36a492288adbdf8d49c,Incubus - Drive,USSM19911007
220,"Another Brick In The Wall, Pt. 2",Pink Floyd,1979,https://www.youtube.com/watch?v=HrxX9TBj2zY,22b95918b299cb02ba063eca13e4ded764016d4e9f1fec445f81935550a66898,Pink Floyd - Another Brick In The Wall_ Part Two (Official Music Video),GBN9Y1100099
221,"Girls, Girls, Girls",Mötley Crüe,1987,https://www.youtube.com/watch?v=d2XdmyBtCRQ,f782e0de1ab1fc2190794c44eb7d67496f7be44a076a8261c29293787c59061b,M[LATIN SMALL LETTER O WITH DIAERESIS]tley Cr[LATIN SMALL LETTER U WITH DIAERESI,USBY29900190
222,Lonely Boy,The Black Keys,2011,https://www.youtube.com/watch?v=a_426RiwST8,45ea5c828af74716eb4fb8dd295bf633c5b8f0891aa468f97c28112bdf3c6dd5,The Black Keys - Lonely Boy [Official Music Video],USNO11100273
223,Fortunate Son,Creedence Clearwater Revival,1969,https://www.youtube.com/watch?v=ZWijx_AgPiA,60757aa1bfaa3cfe39952e571e2650ace3140dc31f466025fdef3bbf5211f470,Creedence Clearwater Revival - Fortunate Son (Official Music Video),USC4R0817618
224,Push,Matchbox Twenty,1996,https://www.youtube.com/watch?v=HAkHqYlqops,e942be0bb8229f23cf7c82f51c6ea425e6c5c081d696722ff89aa20821fe6481,Matchbox Twenty - Push (Official Video) [HD Remaster],USAT29600042
225,Mr. Brightside,The Killers,2003,https://www.youtube.com/watch?v=gGdGFtwCNBE,df95aadc4fbb0e50e1304b592f56d58d2c36622a5ce004724706cf8919d539ac,The Killers - Mr. Brightside (Official Music Video),USIR20400274
226,Free Fallin',Tom Petty,1989,https://www.youtube.com/watch?v=1lWJXDG2i0A,6e3e7d073f3e54f78ac02f3ab33f56aabb2d2be5f1b7572d57765717f3fa982c,Tom Petty - Free Fallin',USMC18925673
227,Come Together,The Beatles,1969,https://www.youtube.com/watch?v=45cYwDMibGo,1cb153b95d8f8b16d62275a9d112da2369925bd931e5ed9e602f8baeb08aa486,The Beatles - Come Together,GBAYE0601690
228,Dream On,Aerosmith,1973,https://www.youtube.com/watch?v=iJDtukGW79Y,03dcd275f3383686c698f787f59e429aee5f99b52c0d16d9e6c8fc181aef6fce,Aerosmith - Dream On (Official HD Video),USSM10011897
229,Army of the Night,Powerwolf,2015,https://www.youtube.com/watch?v=1zN7J64IeBo,47a0244d10b140227aa9415a2d0607fc799a946fd82094ea121d45ee58e13954,POWERWOLF - Army Of The Night (Official Video) | Napalm Records,ATN261558603
230,"Paint It, Black",The Rolling Stones,1966,https://www.youtube.com/watch?v=O4irXQhgMqg,af04eaa1c31f4c3805b34a3a225cb81d63a6a2950dd839bd4d852a6d8703daee,The Rolling Stones - Paint It_ Black (Official Lyric Video),USA176610020
231,Everlong,Foo Fighters,1997,https://www.youtube.com/watch?v=eBG7P-K-r1Y,e3b6decac1c4646a18514009414f401c0a7d5899a19c8f91cf99fb89c3652634,Foo Fighters - Everlong (Official HD Video),USRW29600011
232,Tanzt du noch einmal mit mir?,Broilers,2011,https://www.youtube.com/watch?v=tMt5hl14yXs,b134198887627499ebcda94fb3eb690df9f531b030387331d4a81841ff8e78a2,Broilers - »Tanzt du noch einmal mit mir?« (Outback Session),GBDHC1122904
233,Run To You,Bryan Adams,1984,https://www.youtube.com/watch?v=nCBASt507WA,ad4f741bea6bf8d6ccd240701bfbfaa40b7185d7838e21d31f693c3d746e20c6,Bryan Adams - Run To You,USAM18490003
234,I Hate Everything About You,Three Days Grace,2003,https://www.youtube.com/watch?v=gqbQuypKCCU,dbbf3c88272cadeb45cbc46a0ca473152c756a6602c3eb31aafcf2d99ad1182f,Three Days Grace - I Hate Everything About You (Official Video),USJI10300075
235,Separate Ways,Journey,1983,https://www.youtube.com/watch?v=LatorN4P9aA,3f01af057a35de0650b512686da121989e9a518df6af745500bc2197e2846036,Journey - Separate Ways (Worlds Apart) (Official HD Video - 1983),ITG270800246
236,Still into You,Paramore,2013,https://www.youtube.com/watch?v=S4o7vRDs3XE,7f0bd725f5ade64e411c821238129c6573413e05ed5410759e0319d1462e95be,Paramore - Still Into You (Official Music Video),USAT21300012
237,Sharp Dressed Man,ZZ Top,1983,https://www.youtube.com/watch?v=7wRHBLwpASw,a2cc2c0c453fab912c8e6a684648bec69f4a0a92c6fa9c8e7e44dae496a60f92,ZZ Top - Sharp Dressed Man (Official Music Video) [HD Remaster],USWB10901928
238,Barracuda,Heart,1977,https://www.youtube.com/watch?v=VdOkQ6THDVw,412aee85c82d64fa6767d035d6aa2e6eae82d61659b705f7ff88f339829c4a9b,Heart - Barracuda (Audio),USSM10009075
239,Last Resort,Papa Roach,2000,https://www.youtube.com/watch?v=j0lSpNtjPM8,b299ccf6339713b9bd862e503560231c8b330030d33d12d39132244892ddfbc1,Papa Roach - Last Resort (Squeaky Clean Version) (Official Music Video),USDW10021712
240,Born To Be Wild,Steppenwolf,1968,https://www.youtube.com/watch?v=J7A1pauduXU,f5d8a9fd691a9935f3962e33fc9b323035150caab4022ce021f22a99af4339ff,Steppenwolf - Born To Be Wild  (Official Music Video),USMC16846563
241,Buddy Holly,Weezer,1994,https://www.youtube.com/watch?v=SiJie3Z7DG8,0579f02c6d0342e448e4121cf1b25267cfca4f15debf2c0be54b8a0f0cbe464e,Weezer - Buddy Holly (2024 Remaster),USGF19562907
242,Your Betrayal,Bullet For My Valentine,2010,https://www.youtube.com/watch?v=IHgFJEJgUrg,25d08ea1a65fd528535d5dda73bf3e644e937b17d3a9cbbddb9d8af4954153d8,Bullet For My Valentine - Your Betrayal (Official Video),USJI11000030
243,She Sells Sanctuary,The Cult,1985,https://www.youtube.com/watch?v=tGGriaLbna0,47a482a74ac8b0e0ae3c2f147bef4633747309af24a197a4203436dd145b2a68,The Cult - She Sells Sanctuary HD/HQ,GBAZP9700076
244,Coming Undone,Korn,2005,https://www.youtube.com/watch?v=CSJXle3LP_Q,944fc493e98766287ef53e1f7caeb60e75d1134c909a229b2d6f4e9de8b7ca68,Korn - Coming Undone,USVI20500588
245,Jailhouse Rock,Elvis Presley,1957,https://www.youtube.com/watch?v=PpsUOOfb-vE,02242b58761eecaa7e201aefe62d48e2dd19cd3c0dae307f2ae401ec30cfb58a,Elvis Presley - Jailhouse Rock (Official Audio),USRC15705223
246,Break,Three Days Grace,2009,https://www.youtube.com/watch?v=_4VCpTZye10,811a3b0f03725210f717b5490882a4ac3c9da8dcb491ca09c50ef61409650f89,Three Days Grace - Break,USJI10900480
247,Riptide,Beartooth,2023,https://www.youtube.com/watch?v=Zv3t0Fvgvik,e4ee8fb0f61da8b0cfd372cde7533c593f50c59a4304b906d260be9c70a2061a,Beartooth - Riptide (Official Music Video),USP6L2201114
248,Hey Joe,Jimi Hendrix,1966,https://www.youtube.com/watch?v=rXwMrBb2x1Q,788147c7bd2ed9d9f9384a1ba18e6c3eae0ccc90d8034d5398972313b1ccc78d,The Jimi Hendrix Experience - Hey Joe (Official Audio),USQX90900767
249,The Anthem,Good Charlotte,2002,https://www.youtube.com/watch?v=desJKYvdq9A,586dabd5162e0d062298d4f4a3879498eac4a5e8562fcea4d26e8fd6de712765,Good Charlotte - The Anthem (Official Video),USSM10209827
250,Entre dos tierras,Heroes Del Silencio,1990,https://www.youtube.com/watch?v=1H8wSL8x9bA,d5c9b52cf5d20403fd6a6c7c9b765baed916a2b6d47baedc16b79c5947647d4f,Heroes Del Silencio  Entre dos tierras  (La2 - 1990),ES5089000064
251,1985,Bowling For Soup,2004,https://www.youtube.com/watch?v=K38xNqZvBJI,289c0253dc5fd79788b8986b130da9f6e842fbf59cc2b69d098c1d468c3ec916,Bowling For Soup - 1985,USJI10400613
252,Mother,Danzig,1988,https://www.youtube.com/watch?v=uPugn_05Qac,042ee6282b899a177f718ed5d0297f252fb9b9aa63a01fbf76d1f1e7236c5d1a,Danzig - Mother,USSM18800169
253,Dark Matter,Pearl Jam,2024,https://www.youtube.com/watch?v=6Fx8LprPMIU,0dfa6ece3202e20e5c4cf9c04a22f97d9374d9d8b06f23b7d5426d20141fa3d3,Pearl Jam - Dark Matter (Official Visualizer),USUG12309749
254,Won’t Stand Down,Muse,2022,https://www.youtube.com/watch?v=d55ELY17CFM,d1e3253d219e98054f1c45f7ae7d0bc525d4a08c5235b8983c89273dd207b139,Muse - WON'T STAND DOWN (Official Video),GBAHT2102036
255,School's Out,Alice Cooper,1972,https://www.youtube.com/watch?v=2Oo8QzDHimQ,99ceed0d8169a23eb509224bd6e005e48aba1029fd808a86e1614e4e78b36de7,Alice Cooper - School's Out (from Alice Cooper: Trashes The World),USWB19900782
256,My Own Summer (Shove It),Deftones,1997,https://www.youtube.com/watch?v=XOzs1FehYOA,1fe1fcc53348e0daaf13e3b724673c865688d4ca5716ec6047e4f42964b656b6,Deftones - My Own Summer (Official Music Video) [HD Remaster],USMV29700142
257,Trouble’s Coming,Royal Blood,2020,https://www.youtube.com/watch?v=uURsMKMloM8,a7c6bf3525ebfc5643842e7ae614c834ee3c1264c63e5278dc20c67503137515,Royal Blood - Trouble's Coming (Official Video),GBAHT2000193
258,Panama,Van Halen,1984,https://www.youtube.com/watch?v=fuKDBPw8wQA,48c2fcb7166713e522767fda352979facc1a8bb8d72b30ca9f78b3cc2682a937,Van Halen - Panama (Official Music Video),USWB18300002
259,All I Want,A Day To Remember,2010,https://www.youtube.com/watch?v=Pn-6eOxnEMI,59991c992df2e14d5eba51bf70a5f444c6ecd20386513bdf48e1156cd77a1cba,A Day To Remember - All I Want (Official Video),USVIC1060302
260,Walk This Way,Aerosmith,1975,https://www.youtube.com/watch?v=4c8O2n1Gfto,707ae4aa5082aa8e2ea38e1a4760c58c6bbce82e4c8a0a07079b849daf4c75a7,Aerosmith - Walk This Way (Audio),USSM19906481
261,Johnny B. Goode,Chuck Berry,1958,https://www.youtube.com/watch?v=Y-9Y4CCIWnM,1bf54a0d9201f5c3ac8b208417b579a8c2efdec38cc78a9fa8b9915730dfb18f,Johnny Be Goode,USMC15719963
262,Song 2,Blur,1997,https://www.youtube.com/watch?v=SSbBvKaM6sk,3f2b7ff3f51bb6b8f8385f661cc25567ed2a2e28bd7c61b5204aea9b463a4915,Blur - Song 2 (Official Music Video),GBAYE9600015
263,Stacy's Mom,Fountains Of Wayne,2003,https://www.youtube.com/watch?v=dZLfasMPOU4,fcfb0ab4bcf99fd2c6591bb9e43a3ad5d7625821ad1d4284ac1f1360436ded66,Fountains Of Wayne - Stacy's Mom (Official Music Video),USESC0300016
264,Rockstar,Nickelback,2005,https://www.youtube.com/watch?v=ta-v8foO8r0,def5dde293606305aa3b8a513db4afd3b977632da11942027eb0023d5d428b96,Nickelback ~ Rockstar ~ 2005 ~ Single Audio Video,NLA320581343
265,Raining Blood,Slayer,1986,https://www.youtube.com/watch?v=CkaE237oiwE,d47d69d5de9572fa116c871c0a7a34804b93a06e3f327f3091d192ad6e12cb8c,Raining Blood,USSM18600241
266,Monster,Skillet,2009,https://www.youtube.com/watch?v=1mjlM_RnsVE,e27d06f3be711eae189b9303c4a584790b2de0114bbb6e14e36c1e819d0223fb,Skillet - Monster (Official Video),USAT20901851
267,Dirty Little Secret,The All-American Rejects,2005,https://www.youtube.com/watch?v=gPDcwjJ8pLg,65fab699e61d9f25bc33c9ed7b7aa482d3e03b30917d84f7b3fc2cb4e34aef42,The All-American Rejects - Dirty Little Secret (Official Music Video),USDW10500128
268,Just Pretend,Bad Omens,2022,https://www.youtube.com/watch?v=GLRFl26Q92s,7491504d444e8e73638daed95fc0ce7040dfda4ef35c33de2418b19d61ec9c60,BAD OMENS - Just Pretend (Official Music Video),USYFZ2264208
269,All Right Now,Free,1970,https://www.youtube.com/watch?v=5wiF6b4rxno,5503f1e097e6fcc970259be1c7211d00e48b03b4c505b9b2623cd5c43d0cc163,Free - All Right Now,GBAAN7000001
270,Baba O'Riley,The Who,1971,https://www.youtube.com/watch?v=QRTNm6GLJYI,a3d369a964c68468db958f6eb3f21cf92cbafcf05ebaa4745abfc5daab4ce771,The Who - Baba O'Riley (Lyric Video),GBAKW7100001
271,Na Na Na (Na Na Na Na Na Na Na Na Na),My Chemical Romance,2010,https://www.youtube.com/watch?v=4fZ4PyMQ9rU,90c6dafe67c9f909015239c55dc9a2d3fc9cc908aaaeb49bf48bd04a7e70bc60,Na Na Na (Na Na Na Na Na Na Na Na Na),USRE11000909
272,Rock You Like A Hurricane,Scorpions,1984,https://www.youtube.com/watch?v=6yP1tcy9a10,bcc639aa3a7ccea7b21fd4ff3f427ab2b65d319a5a36aab3ef697ee930c98cf9,Scorpions - Rock You Like A Hurricane (Official Music Video),DEC371300042
273,Cold as Ice,Foreigner,1977,https://www.youtube.com/watch?v=ySb1f9zWJkQ,1e900906d57139a3b6e250f42f7b8991a1d97408a2dd9412a09c6e27e3fb8bb4,Foreigner - Cold As Ice (Official Music Video),USAT29900657
274,Money - 2023 Remaster,Pink Floyd,1973,https://www.youtube.com/watch?v=-0kcet4aPpQ,2ce1fae22a6ed15cb037c32d8da9db66c43968c6e4f838ce953729fcf5a4380c,Pink Floyd - Money (Official Music Video),GBN9Y2200020
275,White Wedding,Billy Idol,1982,https://www.youtube.com/watch?v=AAZQaYKZMTI,3e54b92b7b7fa2519464a1d9070e7ce67369be7f3ed663a1d2ffc0ce9c79ff76,Billy Idol - White Wedding Pt 1,USNPD1227957
276,Renegade,Styx,1978,https://www.youtube.com/watch?v=E9eLz4DrwF8,645920b7923645436c61edc43d13c09bfd4dc9819203d5644f3b1d4dc2b2bedc,Renegade,USAM17800365
277,The Pretender,Foo Fighters,2007,https://www.youtube.com/watch?v=SBjQ9tuuTJQ,4922376db7908a5452d9c2c7e539e731bae6232501ad8d3fb58a844028f03c70,Foo Fighters - The Pretender,USRW30700007
278,Be Bop a Lula,Gene Vincent,1956,https://www.youtube.com/watch?v=lpitKOk5TSc,48e58455de1654e88fdb0c512487d63c7e92c923de8e2293117193148a9589ec,Be bop a lula,FR8V60700068
279,Roxanne,The Police,1978,https://www.youtube.com/watch?v=3T1c7GkzRQQ,70be3dbed3e671be9da82ff39f1b7719be81bab6efbafb8511c2a6cd1df02376,The Police - Roxanne (Official Music Video),GBAAM0201086
280,Hold the Line,TOTO,1978,https://www.youtube.com/watch?v=htgr3pvBr-I,c9254b73b830095fb0d81a69782ebf59c44efb4d7c090cc10fba6a9c24958658,Toto - Hold The Line (Official Video),USSM17800444
281,The Boys Are Back In Town,Thin Lizzy,1976,https://www.youtube.com/watch?v=wIE5wwvicew,ee512669a8a5a148b97fba6e5b1e6df60bc9fb2bd05271b73ef450e6f8449f62,Thin Lizzy - The Boys Are Back In Town (Official Lyric Video),GBF087600063
282,LosT,Bring Me The Horizon,2023,https://www.youtube.com/watch?v=L6tHMDaGgho,793968156a46c99e2c1c342dda86eeedb06e90bd9f167b34ab0c96d752716c38,Bring Me The Horizon - LosT (Lyric Video),GBARL2202050
283,CMFT Must Be Stopped (feat. Tech N9ne and Kid Bookie),Corey Taylor,2020,https://www.youtube.com/watch?v=BEPI69cx22E,ca28217c0158084c8000ed1bfdfb1627eb2159107971ce163491522af2f58e63,Corey Taylor - CMFT Must Be Stopped (feat. Tech N9ne & Kid Bookie) [OFFICIAL VID,NLA322000271
284,(Don't Fear) The Reaper,Blue Öyster Cult,1976,https://www.youtube.com/watch?v=Dy4HA3vUv2c,e3741464b02f5d6f6a40ada4b4e03b43d1dbeff825f9c781a9443ad1d85ed14f,Blue Oyster Cult - (Don't Fear) The Reaper (Audio),USSM17600477
285,The Vengeful One,Disturbed,2015,https://www.youtube.com/watch?v=8nW-IPrzM1g,1d0a40d4174ed9b4dcd30b85a808d6a7c05096cf7bcf252e0f17f751047b422f,Disturbed - The Vengeful One (Official Music Video) [4K UPGRADE],USRE11500172
286,Don't Stop Believin',Journey,1981,https://www.youtube.com/watch?v=VcjzHMhBtf0,b99122c32f4adb7ddbfcc4bda69bf4a8c90fa91783379f814e992ac789ca231d,Journey - Don't Stop Believin' (Live 1981: Escape Tour -[NO-BREAK SPACE]2022 HD ,USSM18100116
287,Everybody Talks,Neon Trees,2011,https://www.youtube.com/watch?v=ulNS48wPZ4Q,94dd8e31ee434bb25fcbabd5b3c133d57f8329d42243802154744a141a090f44,Neon Trees - Everybody Talks (Lyrics) | It started with a whisper,USUM71119189
288,Just A Girl,No Doubt,1995,https://www.youtube.com/watch?v=PHzOOQfhPFg,a0c8246bb8d8f7041586de47bac630e56ac1642ff0842bd89b3c1d368c43d5c1,No Doubt - Just A Girl,USIR19500272
289,Tom Sawyer,Rush,1981,https://www.youtube.com/watch?v=Gztabfs5ngA,92c583e4c2e0aba0c21fbfaf9afad4ae4f994d4b3912c058ed9d7d11a2efb62f,Tom Sawyer - Rush (HD Remaster by Platinum Productions),USMR18180103
290,Planet Zero,Shinedown,2022,https://www.youtube.com/watch?v=IipnUpoW-58,af0ea83a177d5718860230ab14c24afe2bb2d0e7bea3bfc034f28cb731b3d65d,Shinedown - Planet Zero (Official Video),USAT22108481
291,If Tomorrow Never Comes,Wage War,2021,https://www.youtube.com/watch?v=qV_yJgqT2aY,3b3c10c5f42f0be6b51bff4efd4dd9186c6a2c7ab610fb5e269b1583a9bff0c2,11 Wage War - If Tomorrow Never Comes,US5262124230
292,Dark Side,Blind Channel,2021,https://www.youtube.com/watch?v=JXEK-fc3_BU,2a28c097a8d3270702e08e12bb2823e22add1767c4eeb2866fc7d693ea6738c3,Blind Channel - Dark Side (Lyric Video) // UMK21,FIRAN2100001
293,Absolute Zero,Stone Sour,2012,https://www.youtube.com/watch?v=j98jxCqh1IA,25117b395e7772a92513c397c8fa42daf31610fd2dbf5fe18dae5efa14df293e,Stone Sour - Absolute Zero (Germany 2012 Musicvideo - fan art),NLA321292440
294,Could Have Been Me,The Struts,2014,https://www.youtube.com/watch?v=ARhk9K_mviE,9898254f06b16993d9c8938c847310c1bb8c9ea57f835b9ae544fc95effcf39b,The Struts - Could Have Been Me (Official Music Video),GBUM71304611
295,White Rabbit,Jefferson Airplane,1967,https://www.youtube.com/watch?v=pnJM_jC7j_4,f05bbc3e64d3de50a22fb70a7866d5a754fa492ceb1cebb11bdf0ae1e1002a3c,Jefferson Airplane - White Rabbit (Official Audio),USRC10301017
296,Nightmare,Avenged Sevenfold,2010,https://www.youtube.com/watch?v=EEGAeVEy5T4,8df8785d67c90be2a7b5eb4a960144f08e5ab273e972a24d1c39838da74910bc,Avenged Sevenfold - Nightmare (Live From Hollywood),USWB11001149
297,Bohemian Rhapsody,Queen,1975,https://www.youtube.com/watch?v=fJ9rUzIMcZQ,d0a3355898f0c40b637de792416161967e71d3c774fba2959df274808cffc0de,Queen [EN DASH] Bohemian Rhapsody (Official Video Remastered),GBUM71029604
298,Dancing With Myself,Billy Idol,1980,https://www.youtube.com/watch?v=FG1NrQYXjLU,280d1d89e9b9ad03c91367941ffd2ccb45301d82bd3f590eedccad695f2dfeaf,Billy Idol - Dancing With Myself,USNPD1217889
299,Duality,Slipknot,2004,https://www.youtube.com/watch?v=L67svuppHcc,c32dbb8f91afe55b6df2a2481aa69bd10a31b9704fce1fee874a8f2e04b66220, Duality  Slipknot 2004,NLA320420785
300,Bark at the Moon,Ozzy Osbourne,1983,https://www.youtube.com/watch?v=LplPi2CxNHI,6ec329b47bdb9375a1f449a03798074fe32035fc0ff791635992c25a0cf180f1,Ozzy Osbourne - Bark at the Moon (Official Music Video),USSM18300021
301,Bite Me,Avril Lavigne,2021,https://www.youtube.com/watch?v=ciqUEV9F0OY,22d7f33005cd3fa355e6e4f43acdd903e64ee17a8717411f45652a05d61512db,Avril Lavigne - Bite Me (Official Video),USAT22107181
302,Immigrant Song - Remaster,Led Zeppelin,1970,https://www.youtube.com/watch?v=RlNhD0oS5pk,7aa67a0bff06ba6f2fccc471849c64eab225132094c33cfc21a0e905dbd6a220,Led Zeppelin - Immigrant Song (Live 1972) (Official Video),USAT21300934
303,House of the Rising Sun,The Animals,1964,https://www.youtube.com/watch?v=2JUO8oKzups,1bf7d92e2a69ea115f1cea096068b792f716bbe4fc62fa48565799eb4106435b,The Animals   House of the Rising Sun 1964 Offical Music Video,GBAYE6400209
304,London Calling,The Clash,1979,https://www.youtube.com/watch?v=EfK-WX2pa8c,a7f22602f30026c812f7f24c856d3dbecbd6ec8c36dc78f58ab6ccbdb6ca3e46,The Clash - London Calling (Official Video),GBBBN7902002
305,Fox On The Run,Sweet,1974,https://www.youtube.com/watch?v=eE9tV1WGTgE,649304b1858a7e4c4ea2d40efb0811a07496797f5d7c9c64a4f7a97c31caf0b8,Lenka - Everything At Once,USA371080587
306,I Wanna Be Sedated,Ramones,1978,https://www.youtube.com/watch?v=bm51ihfi1p4,630d8ea98b6db0d64e6025f26ecb453fcf718d4aca503f6b1be64b2f7ec97216,Ramones - I Wanna Be Sedated (Official Music Video),USRH11802019
307,Highway Star,Deep Purple,1972,https://www.youtube.com/watch?v=AqEW53Ui2no,b2deb1ea2ecd7be0b187afa62b5dce4c8ae6b02cf866b9982cdd43dc1ab884e1,Deep Purple - Highway Star (Official Video),GBDXG0600146
308,Figure It Out,Royal Blood,2014,https://www.youtube.com/watch?v=jhgVu2lsi_k,504f987641badd6e5336e1a698da8a0056e36a27d3df163ad27b6d05f2d9950e,Royal Blood - Figure It Out (Official Video),GBAHT1400222
1,I Will Survive,Gloria Gaynor,1978,https://www.youtube.com/watch?v=qifMS-6Wamw,59079428f351d6aef27a0dac0ecd65386ba28ee5e79d0afbccc5c40ed41be170,I Will Survive - Gloria Gaynor - HQ/HD,USPR37800083
2,The Power,SNAP!,1990,https://www.youtube.com/watch?v=nm6DO_7px1I,ce2195effba6cee7499fb058c1c833ddf228c9338153f689c1990dc74106f1df,SNAP! - The Power (Official Music Video),DET189000100
3,The Boys Of Summer,Don Henley,1984,https://www.youtube.com/watch?v=6RUIeX6UCT8,3f567baaba14024aaec79f139c68d22704391b567eb7a5fe028ca9e523391709,Don Henley - The Boys Of Summer,USGF18502601
4,Itchycoo Park,Small Faces,1967,https://www.youtube.com/watch?v=92dOgg0mwWY,8a4cd2e0ad35294782b0d18710bfe1ed033ca578e879f1e8e5d97afe3931e6c2,Small Faces - Itchycoo Park (Official Lyrics Video),GBA7H1244642
5,Power Over Me,Dermot Kennedy,2019,https://www.youtube.com/watch?v=EgJeEgJ5KdY,85a65ef3c440f7b9956cb1c654fa96312c238babba28d7adfaa9f91c7fce030a,Dermot Kennedy - Power Over Me in the Live Lounge,USUG11802208
6,No Money,Galantis,2016,https://www.youtube.com/watch?v=xUVz4nRmxn4,e3cf4d9cbba04f49437185bf5c8a4c87ac279765d0e240c88128c4c8bc43bc6f,Galantis - No Money (Official Video),USAT21600941
7,We Be Burnin',Sean Paul,2005,https://www.youtube.com/watch?v=uUGFhVWPOFs,38a08b6deff5097c4cff5c3cfa128fcd004c66024d7fd284fde168bff5fbfa73,Sean Paul - We Be Burnin' (Recognize It) [Official Video],USAT20502058
8,Shine,Aswad,1994,https://www.youtube.com/watch?v=IIw3BtSPHt,3b1fd215c7c410e761d5c4d5427ed22b58ed8f14cb5f9833e29caedb35ced1f1,Shine,GBBRL0690163
9,Flying High - Radio Mix,Captain Hollywood Project,1994,https://www.youtube.com/watch?v=eVQHDF0L2tQ,821e1709b667e534abd31b5853c8aceb997ab86a5c8edd34aacb94d627897d87,Captain Hollywood Project - Flying High (Official Video),DEMI60900107
10,Boogie Wonderland,"Earth, Wind & Fire",1979,https://www.youtube.com/watch?v=god7hAPv8f0,cd18d6ef0e00217aa42095e8f153a3685b2e415ed575384f01c57b4a86033a9f,Earth_ Wind & Fire - Boogie Wonderland (Official Video),USSM19922860
11,Superstition - Single Version,Stevie Wonder,1972,https://www.youtube.com/watch?v=7_tmeHCO1IM,d650cb2bcafd60dec9f14dcb7019ecb7385092aab9017d3f991a92dc2322fd11,Stevie Wonder - Superstition [EM DASH] (Official Video),USMO10000310
12,Would I Lie To You?,Charles & Eddie,1992,https://www.youtube.com/watch?v=G_UXvcr22rM,20d0f8fa69b5e9d5ade0f23ed08a70f77b4a8c4f596606b7af413aed2eb8bdd1,Charles & Eddie - Would I Lie To You,USCA29200183
13,I Should Be so Lucky,Kylie Minogue,1987,https://www.youtube.com/watch?v=2Frd6BIE1_k,61a444abd9e1201a6350e260080966491292dde016dcbbb5aada44f5bf81d095,Kylie Minogue - I Should Be So Lucky,GBBTK0900051
14,"Djobi, Djoba",Gipsy Kings,1987,https://www.youtube.com/watch?v=znxb6KtOo_c,77826dbe285ca2c86d177dce4ad3b480ea993aa355bdd3ce09bf82589a407e27,Gipsy Kings - Djobi_ Djoba (Official HD Video),GBARL0700404
15,Wonderwall,Oasis,1995,https://www.youtube.com/watch?v=bx1Bh8ZvH84,b6a62577e27dc43b094b65ec176b777a1290181d402c6bb87aaa8d42f80ef0e6,Oasis - Wonderwall (Official Video),GBAAW9500189
16,Schüttel deinen Speck,Peter Fox,2008,https://www.youtube.com/watch?v=-_t7YnKZOUc,1d1b43cd3d631d7c4937d8cb707c198a0de7f3957f8885267c1a70cbc9bd89da,Schüttel deinen Speck,DEA620800631
17,Conga!,Miami Sound Machine,1985,https://www.youtube.com/watch?v=54ItEmCnP80,bb42908fbfde17d59519a5330d440c0c6d94530f56e5713a323a6cda80be6fe4,Gloria Estefan_ Miami Sound Machine - Conga,USSM10026825
18,Smells Like Teen Spirit,Nirvana,1991,https://www.youtube.com/watch?v=hTWKbfoikeg,30bc9e96e22d1be52917cc85e9fcfcedd327d9324b30235f2aefa3f1af3fe567,Nirvana - Smells Like Teen Spirit (Official Music Video),USGF19942501
19,Dynamite,BTS,2020,https://www.youtube.com/watch?v=gdZLi9oWNZg,e73e62a6baf3b3e29c3a36c2e60fd04e6b2a14910e59ee8153844fa8468ac3ac,BTS ([HANGUL SYLLABLE BANG][HANGUL SYLLABLE TAN][HANGUL SYLLABLE SO][HANGUL SYLL,QM7282022872
20,Keep On Running,The Spencer Davis Group,1965,https://www.youtube.com/watch?v=pmC6skqlr6E,9cebc01e54cb354d509f1e90b8a26fa4c18d44f53201493eb61446d8d873ab88,Keep On Running (Remastered 2010),GBUM71002671
21,Savage Love,Jawsh 685,2020,https://www.youtube.com/watch?v=Jvcv8trEuao,dd853e5c874e8cc6e9250eae9092e318a0a94465712b7c6a77dff7968305aa8f,Jawsh 685_ Jason Derulo - Savage Love (Laxed - Siren Beat) (Official Video),USSM12003798
22,Santa's Coming for Us,Sia,2017,https://www.youtube.com/watch?v=V3EYjVPRClU,90a22082b78b732d49fb8b031390daa2f99ddb69eeaf26ac2448e32752bea943,Sia - Santa's Coming For Us,USAT21704210
23,Respect,Aretha Franklin,1967,https://www.youtube.com/watch?v=A134hShx_gw,399934796daa9b1797d7670c43194776801636f7494fc07a50efe5f03ba67517,Aretha Franklin - Respect (Official Lyric Video),USAT20801240
24,Hold My Hand,Jess Glynne,2015,https://www.youtube.com/watch?v=SCG2aqfkBDM,fd8366ab0276ef1d23f001c62bdc7117ce1e5cdc0af8ce527a3d8d9fb5d9413a,Jess Glynne - Hold My Hand (Official Music Video),GBAHS1500049
25,Let Me Entertain You,Robbie Williams,1997,https://www.youtube.com/watch?v=bYbUTJqLFUk,3393d4fff43fb3a7a70c8d5b9afca42c10fb58c32c111a2b167e45f5711c166b,Robbie Williams - Let Me Entertain You - 1997,GBAYE9701083
26,Dance The Night Away,The Mavericks,1998,https://www.youtube.com/watch?v=-UajuBAUkBs,50278ad9d60018d152a4efa4f6e2bf1bddb0e873dfe7afe6065e93f5dcbc5293,The Mavericks - Dance The Night Away (Official Video),USMC19701159
27,Con Calma,Daddy Yankee,2019,https://www.youtube.com/watch?v=0UjjmR5-_K4,f1e8660f4cb3c183f710aeaad031b814688f989bc31af03ad5ec1c5d8135a615,Daddy Yankee+Katy Perry ft Snow - Con Calma (Unoficial Video Deejay Fox),US2BU1900125
28,Freedom,Wham!,1984,https://www.youtube.com/watch?v=2ag5Qbc1O-c,a418ca70d09d8b1a3fe1d04ed167892146751541f392eedaf0923d6c14f04536,Wham! - Freedom (Live on Wogan 1984),GBBBN0009302
29,"Relax, Take It Easy",MIKA,2006,https://www.youtube.com/watch?v=RVmG_d3HKBA,1407c9898894321277441d2dd8c5b6743b0a344298559842dd0a781e1cde2bf6,MIKA - Relax_ Take It Easy,USC7R0600114
30,YMCA,Village People,1978,https://www.youtube.com/watch?v=gj2LOqSugfw,c10c0ca428ddc5f57b8f5e4185906fbe76fc51eff78d6d38b6f7c18d3ff9a81c,Village People - YMCA (Original Version 1978),FR6V80878846
31,We No Speak Americano,Yolanda Be Cool,2010,https://www.youtube.com/watch?v=7E9Ed9DUQoQ,eae26a1034da60e98101594210ac7c80b2112d9057a291a24b3144655673f043,Yolanda Be Cool & DCUP - We No Speak Americano (Official Video),AUCN30901316
32,Oye Como Va,Santana,1970,https://www.youtube.com/watch?v=J7ATTjg7tpE,760e586b662939f0b00c3f4a19586ceb927236a653059beb61c7884b2c4fe60e,Santana - Oye Como Va (Audio),USSM17000293
33,I'm So Excited,The Pointer Sisters,1982,https://www.youtube.com/watch?v=8iwBM_YB1sE,df25d48c9738ca35fd9d37e05626206329528b9105548fcd63dc97014267ca98,The Pointer Sisters - I'm So Excited,USRC18203285
34,Hold the Line,TOTO,1978,https://www.youtube.com/watch?v=htgr3pvBr-I,c9254b73b830095fb0d81a69782ebf59c44efb4d7c090cc10fba6a9c24958658,Toto - Hold The Line (Official Video),USSM17800444
35,That's the Way (I Like It),KC & The Sunshine Band,1975,https://www.youtube.com/watch?v=O0_H3F84Yjk,949add9522760e3e3816b82d9333b409b07d9c75ee535a0f0a0f6c8088444245,K C & THE SUNSHINE BAND   That the way I like it 1975  - BayechCom,GBAYE0400454
36,Paris Latino,Bandolero,1983,https://www.youtube.com/watch?v=ruauz315oms,30064733f5d20e003e2013a10f48396a4c02eef2ab09f8d5d0d3ef565f192150,Paris Latino (Original Version 1983),FR1OI8300160
37,Always There,Incognito,1991,https://www.youtube.com/watch?v=X6JM8iagb8o,bc40feb3cacedc70dfd9a0a5fd52ae4251bfe19666112b496ce19148a8248372,Incognito - Always There ft. Jocelyn Brown,GBF080201412
38,I Like Chopin,Gazebo,1983,https://www.youtube.com/watch?v=4zwv9SiqlCI,f1c592eb8114d835f2ac6df2a8e7c80e7db1922cac920a7780b8f5a58e715704,Gazebo - I Like Chopin (Classic)  #music #90smusic,ITJ569400001
39,Gimme Hope Jo'Anna,Eddy Grant,1988,https://www.youtube.com/watch?v=R-ZplG81oZg,b7737756a8b5587513c1f7f75e2dbecbc9a91f1a0408044d3b228eb2d6ee6a40,Eddy Grant - Gimme Hope Jo Anna  1988,GBQRF0846342
40,Arranca (feat. Omega),Becky G,2023,https://www.youtube.com/watch?v=sCEV3YzPCnw,7e02e840a0edc7abcd6db54f75595800aa0bd899ca372e3528db888de6011ec3,Becky G - Arranca (Official Video) ft. Omega,USRC12300209
41,Zehn kleine Jägermeister,Die Toten Hosen,1996,https://www.youtube.com/watch?v=hNK-uT2vhqo,51b36ac9ad34f3282912221298a38e72cf1fd6bad3c1ecadf3f1887ac870c3aa,Zehn kleine J[LATIN SMALL LETTER A WITH DIAERESIS]germeister - Die Toten Hosen,DEF241112444
42,Two Princes,Spin Doctors,1991,https://www.youtube.com/watch?v=wsdy_rct6uo,d4c313c5bf52892939d8ab75ed3846e2390304f91c37c659914bd2ce669e5e18,Spin Doctors - Two Princes,USSM19000350
43,Maniac,Michael Sembello,1983,https://www.youtube.com/watch?v=324it5DKoXU,484daa62e3b1773460e4b44a53a5cf59838f8bd0b5ba536ee5d4f59ad5b4a559,Michael Sembello - Maniac (1983) (Official Video),USPR38302462
44,Me Gustas Tu,Manu Chao,2001,https://www.youtube.com/watch?v=b22wgo919FM,8d423999b7e6a0c1d1e02b8243edf1c728f6b36f6b2f48640f22993dce49bfca,Manu Chao - Me Gustas Tu (Official Music Video),FR84R0000004
45,Let It Be,The Beatles,1970,https://www.youtube.com/watch?v=CGj85pVzRJs,90911db44cd6eeead01c447033ef60b6027513e207cda860d1f824f81a0d6e37,The Beatles - Let It Be,GBAYE0601713
46,The Pretender,Foo Fighters,2007,https://www.youtube.com/watch?v=SBjQ9tuuTJQ,4922376db7908a5452d9c2c7e539e731bae6232501ad8d3fb58a844028f03c70,Foo Fighters - The Pretender,USRW30700007
47,Saturday Night,Bay City Rollers,1976,https://www.youtube.com/watch?v=KiYu1YEB1Qk,65b87a8308333d82d3afcc7acbac986573c30a694f0e0223bbdf06a16b3ce433,Saturday Night - Bay City Rollers (1974) (Spliced Extended Mix),USAR17500148
48,Played-A-Live (The Bongo Song),Safri Duo,2000,https://www.youtube.com/watch?v=IksRDCMYnn8,be00085f631450b2a437dbc3d00a6ee7446686b73912114ea70a753da8bfe5db,Safri Duo - Played-A-Live (Enhanced Video),DKBKA0100501
49,Gypsy Woman (She's Homeless),Crystal Waters,1991,https://www.youtube.com/watch?v=_KztNIg4cvE,9fb20597c85f39c5597611195d34f09f439886c91411a9a70c25cb567a4c4c5c,Crystal Waters - Gypsy Woman (She's Homeless) (Official Music Video),USPR39102713
50,Hot N Cold,Katy Perry,2008,https://www.youtube.com/watch?v=kTHNpusq654,d97a9b82c9a21f08859f593dc784b8c9480c4646b2c360e67ec18e0c38555da5,Katy Perry - Hot N Cold (Official Music Video),USCA20802544
51,"See You Later, Alligator",Bill Haley & His Comets,1956,https://www.youtube.com/watch?v=nf3EJt3kn4Q,30c3af96c549eafca93a41832ac5cd63c2a4ddcadbec4f3c929e9aca21151e11,Bill Haley & His Comets - See You Later_ Alligator - 1956,USMC15588995
52,Wildberry Lillet,Nina Chuba,2022,https://www.youtube.com/watch?v=95xDIF5zYCo,60eb94f89cc12cb579a96e709935be05eaead664a0d8f5a55d3a551719d98f35,Nina Chuba - Wildberry Lillet (Live) | Vevo DSCVR,DEE862201008
53,Get Lucky,Daft Punk feat. Pharrell Williams and Nile Rodgers,2013,https://www.youtube.com/watch?v=CCHdMIEGaaM,7dc8fb80573f5c2fdefefafd7d63ea004f9ce14c2871f488a2f6cf5435ec6ec8,Daft Punk - Get Lucky (Official Video) feat. Pharrell Williams and Nile Rodgers,USQX91300809
54,Bon bon vie - Gimme the Good Life,T.S. Monk,1980,https://www.youtube.com/watch?v=LIb88vvqXUE,3836e70cfa782d5225892671f3ad024d04adc5cb450c47744769a34f59c3d746,T.S. Monk - Bon Bon Vie (Gimme the Good Life) (1980),CAU111122152
55,Listen to the Music,The Doobie Brothers,1972,https://www.youtube.com/watch?v=nbVE-1rHyVY,ed3b8192f841be1a97801c600a67f0041c6c7cf2078b124245f22b36481852b7,The Doobie Brothers - Listen To The Music (Official Audio),USWB10000626
56,SexyBack (feat. Timbaland),Justin Timberlake,2006,https://www.youtube.com/watch?v=3gOHvDP_vCs,f89c815790838b4739b0bf7573c8b0ef2d920f463e3de4df6809c018e25b1bd1,Justin Timberlake - SexyBack (Official Video) ft. Timbaland,USJI10600269
57,"5, 6, 7, 8",Steps,1997,https://www.youtube.com/watch?v=4NO-h9PFum4,c3dafbe8686e60c67ee2d54e0d07b11be2f6b810f35a037316af03f54f1b43be,Steps - 5_ 6_ 7_ 8 (Official Video),GBAHK9700239
58,Let Me Love You,DJ Snake,2016,https://www.youtube.com/watch?v=euCqAq6BRa4,054ba7b338c17cf683b9d3ad413cc28d29a2bc9f3b129c1611e4b7ec36c56f76,DJ Snake - Let Me Love You ft. Justin Bieber,QMZSY1600015
59,My Heart Goes Boom,French Affair,2000,https://www.youtube.com/watch?v=JcaTbyUkacA,58c0973503978a361af4a8f7980e7931705838290b1f46cbe0aa3912e71f2e73,French Affair - My Heart Goes Boom (La Di Da Da) (Official Video),DEX051000112
60,New Rules,Dua Lipa,2017,https://www.youtube.com/watch?v=k2qgadSvNyU,833178f2f8fe69f87f6e48ea8cd3faec2cadd7bae4bdb78d4c92cb61d51f30d0,Dua Lipa - New Rules (Official Music Video),GBAHT1600310
61,Ich bin wie du,Marianne Rosenberg,1975,https://www.youtube.com/watch?v=-E5H4WbC07A,5a4fde37572d9b039b774a5a1d7c8b08ecfd2a0ebc336d5d78c450b0e41f4028,Marianne Rosenberg - Ich bin wie Du (ZDF Disco 03.01.1976),DEC737500008
62,Freedom Blues,Little Richard,1970,https://www.youtube.com/watch?v=fOzIX43fdJY,bc2160588f861ad3e277750be2ca29cb40210610f5da76e53ca4e79868d74c4b,Freedom Blues,USRE10201334
63,Walking Into Sunshine,Central Line,1981,https://www.youtube.com/watch?v=6wbHhepLzP0,f68aaf5886a8b177a37d4a9bbabb7985fed7b714ace033e17d40d3de0b97bed4,Walking Into Sunshine (Edit),GBF088100893
64,Funkin' for Jamaica,Tom Browne,1980,https://www.youtube.com/watch?v=XYclWyC4qQo,13ea1db51469a57b167c72e36e59c59f3360b9e7506853172b158dc0a802183b,Tom Browne - Funkin' for Jamaica,USAR18000123
65,Sunny Days,Armin van Buuren,2017,https://www.youtube.com/watch?v=Nt4fp43U2ys,db5655aa71cdc15974f7ef75699ae9b7096e1567bb7408346f66d5f46b7962ae,Armin van Buuren feat. Josh Cumbee - Sunny Days (Official Music Video),NLF711705042
66,On Top Of The World,Imagine Dragons,2012,https://www.youtube.com/watch?v=w5tWYmIOWGk,408975eb2855c0b098e9c8481d9e3b1c31337bbdbac7e6a7e43507fc5dd6254f,Imagine Dragons - On Top Of The World (Official Music Video),USUM71201073
67,Don't Stop Movin',S Club,2001,https://www.youtube.com/watch?v=vm262cXxRrU,2b589ab32b0c4dbe0faa511aa422ce4b4db89c82f14345d3d879b569a2af4640,S Club - Don't Stop Movin',GBCVL0100001
68,Window Of Hope,Oleta Adams,1993,https://www.youtube.com/watch?v=xc68sRFZ650,8dfe67f2575b997f89c49dceb73915c14c7cc12b95fe3d692f14eed5b4f71b2c,Window Of Hope,GBF089390034
69,One More Time,Daft Punk,2000,https://www.youtube.com/watch?v=FGBhQbmPwH8,815f58b1e83dcd6d2a6e82e8974132bc4e619a9e458f5c433431ce48c84aa43b,Daft Punk - One More Time (Official Video),GBDUW0000054
70,Do You Believe In Love,Huey Lewis & The News,1982,https://www.youtube.com/watch?v=BzIbyDbmsyg,12624dc6fe4109891c6603745dbec332e7ae807d1f7ba652014221830099270f,Huey Lewis & The News - Do You Believe In Love,USCH39200022
71,Good Time,Owl City,2012,https://www.youtube.com/watch?v=H7HmzwI67ec,56d1907d03871dbca247b26a0ee39aa9429b183ceccbae0a19bc6f51adde523c,Owl City & Carly Rae Jepsen - Good Time (Official Video),USUM71206288
72,Waiting All Night (feat. Ella Eyre),Rudimental,2013,https://www.youtube.com/watch?v=0CGklDgkfpM,7ce1a68a779a95c62e31075984233d2d1fd7c1b2f8f28cba0917933f9da45221,Rudimental - Waiting All Night ft. Ella Eyre Lyrics,GBAHS1200493
73,Physical - Remastered 2021,Olivia Newton-John,1981,https://www.youtube.com/watch?v=KDGvSZb9syw,8b56637ed343347b1925c718448106dcb18bb0ad2999101c4a3a800bb3f7b71b,Olivia Newton-John - Physical (Official Music Video) [Remastered 2021],US86A2100406
74,Where Did Our Love Go,The Supremes,1964,https://www.youtube.com/watch?v=TI811Bbrxw4,d11c769706ae1afa062316456c20e0788eba381754a5a67c5c866a29ceecf428,THE SUPREMES - Where Did Our Love Go [1964] (Official Original Music Video from ,USMO19290049
75,Sledgehammer,Peter Gabriel,1986,https://www.youtube.com/watch?v=EAJuqv20DfM,80e2d49a6784e57a5b6ee31b019cb67dd6532155c7ad23384dac94f3fa3fc0ab,Peter Gabriel - Sledgehammer (1986) (Official Video),GBCPB1200864
76,Rudolph the Red-Nosed Reindeer,Gene Autry,1949,https://www.youtube.com/watch?v=44bL90HP0Ys,1b6a8c89921020c26c92b99f46f7ec379fe194ed5e5bfbcae6d4a1b40204c3b0,Gene Autry - Rudolph the Red-Nosed Reindeer (Audio),USSM10309761
77,By Your Side (feat. Tom Grennan),Calvin Harris,2021,https://www.youtube.com/watch?v=4hu5iCqQVcM,4dd78c6ebea26aaac8ed74988280973e049ad06ad4dac82b1aeba497fda49f6c,Calvin Harris - By Your Side (Official Video) ft. Tom Grennan,GBARL2100439
78,Girls & Boys,Blur,1994,https://www.youtube.com/watch?v=WDswiT87oo8,b698333c4a6bcfa11c3704eb552368c2dbdaa052146ee60bd869d2117ec6e54a,Blur - Girls And Boys (Official Music Video),GBAYE9400144
79,Super Freak,Rick James,1981,https://www.youtube.com/watch?v=QYHxGBH6o4M,808e4dd12428fe34155efd3097e2cc4ba285eb8c62d4d9845356f3fd72f479ed,Rick James - Super Freak (Official Music Video),USMO18100048
80,It's Raining Men,The Weather Girls,1982,https://www.youtube.com/watch?v=l5aZJBLAu1E,ab20e2e8f7ab9aa3fc26cffd3739c28ccee84e921e1c67b7d8e1377b58be4a1c,The Weather Girls - It's Raining Men (Video),USSM18200382
81,I’m On Fire,5000 Volts,1975,https://www.youtube.com/watch?v=8_T9CI4y4UU,207e9292b2d7a22c78ba796e61385391ab626a69e25d5444328d50398c7ec3c6,5000 Volts - I'm On Fire,NLB127500218
82,Put Your Hands Up For Detroit,Fedde Le Grand,2006,https://www.youtube.com/watch?v=jkRDcu-QXyk,248f6cd1485d72d9e792f9407529f26e9caf20fafc49139caf8f57f3338dada3,Fedde Le Grand - Put Your Hands Up 4 Detroit,GBHAD0600321
83,"Summertime, Summertime",The Jamies,1958,https://www.youtube.com/watch?v=TK_z73tVbgU,ce7665cbfd70cfc36261cc22f985cdc1849c40c830aa44a46685bf4bf38ed2bd,The Jamies - Summertime_ Summertime (Audio),USSM19700760
84,I Wanna Dance with Somebody (Who Loves Me),Whitney Houston,1987,https://www.youtube.com/watch?v=eH3giaIzONA,5e84556ee3b72e0e40de982af691b150bba49f6589b40e803f8f4265658d1247,Whitney Houston - I Wanna Dance With Somebody (Official 4K Video),USAR18700121
85,Dance Monkey,Tones And I,2019,https://www.youtube.com/watch?v=0WUNZvcRXzY,86bbc89daa2ad40d89aa4f9a9513d02482f25696a924ff96eba3f959244881eb,Tones and I - 'Dance Monkey' (Live at The Global Awards 2020) | Capital,QZES71982312
86,I Kissed A Girl,Katy Perry,2008,https://www.youtube.com/watch?v=tAp9BKosZXs,431ec90b6e620f7aa474ea5d8c2ebd2412b54f6389ff964221d1a74a7de47d4c,Katy Perry - I Kissed A Girl (Official Music Video),USCA20801738
87,Barbie Girl,Aqua,1997,https://www.youtube.com/watch?v=ZyhrYis509A,1a62670bc099a1b161d7e2550833104ea4aa803b2c0a058076bbe82372565281,Aqua - Barbie Girl (Official Music Video),DKBKA9700403
88,High On Life (feat. Bonn),Martin Garrix,2018,https://www.youtube.com/watch?v=Lpjcm1F8tY8,386ba5d5ff68b92bb7171755c5a0424ce19c34d751b08bb87a7cddbb7a4745c2,Martin Garrix feat. Bonn - High On Life (Official Video),NLM5S1800265
89,Who Do You Think You Are,Spice Girls,1996,https://www.youtube.com/watch?v=-YriinrRGug,823f5e050aa45805aacd13103a8ac825767858abba995192dbd13b5dfc2d8e51,Spice Girls - Who Do You Think You Are (Official Music Video),GBAAA9710324
90,Tossin' And Turnin',Bobby Lewis,1961,https://www.youtube.com/watch?v=RzRlEsfz6Ic,a9aa4d8874c001f54c85074ea2862348c47f4d6cbf84f9a4b3289a67ea0fb6ec,Bobby Lewis - Tossin' And Turnin'   (1961),USPB81010318
91,Wake Me Up Before You Go-Go,Wham!,1984,https://www.youtube.com/watch?v=pIgZ7gMze7A,91d45978acccbc942f8ea08c1bbc0bb35b644c992690eba6cdc75b340d98edde,Wham! - Wake Me Up Before You Go-Go (Official Video),GBBBN0009712
92,Here Comes the Hotstepper,iNi Kamoze,1994,https://www.youtube.com/watch?v=354zVBILYPM,8c80683a67fe4340f555c153b9ede2fc42c7442ef08814158b532d147fc42a8a,Here Comes the Hotstepper,USSM19802296
93,Bad,Michael Jackson,1987,https://www.youtube.com/watch?v=dsUXAEzaC3Q,c6778b49ef1c39e90a985611eb211a0721298bce79095176617b4b9f11e32cc2,Michael Jackson - Bad (Shortened Version),USSM18700002
94,You Ain't Seen Nothing Yet,Bachman-Turner Overdrive,1974,https://www.youtube.com/watch?v=Oxx5EziC8_w,f28fb3e0ea9592570641387237af3ef1c0017f04d9005775894e26dae1dae1f8,Bachman Turner Overdrive   You Ain't Seen Nothing Yet 1974 Video Sound HQ,USPR39401742
95,The Sign,Ace of Base,1993,https://www.youtube.com/watch?v=iqu132vTl5Y,b5e8000025d78882578e7bbda1d15def166b2733f45cb1be3b8bdab144d0b85c,Ace of Base - The Sign (Official Music Video),SEVJH0803404
96,"Harder, Better, Faster, Stronger",Daft Punk,2001,https://www.youtube.com/watch?v=gAjR4_CbPpQ,2de7b31fbd960e4d919e9ab991231502aad4fd8e182aa866e25438b0147ccf7d,Daft Punk - Harder_ Better_ Faster_ Stronger (Official Video),GBDUW0000059
97,Wannabe,Spice Girls,1996,https://www.youtube.com/watch?v=gJLIiF15wjQ,b87ecb80f4b003a1956765fc48b1e51711abcf0747c913e72b3e7432fa2435e9,Spice Girls - Wannabe (Official Music Video),GBAAA9600008
98,Hallihallo,Andreas Gabalier,2018,https://www.youtube.com/watch?v=iShm2LBorbs,2b33daa76bb4b6930671edd3080092c2c5435eeede7fd6e127678a69257311b5,Andreas Gabalier - Hallihallo,DEUM71801228
99,Kiss (When The Sun Don’t Shine),Vengaboys,1999,https://www.youtube.com/watch?v=jql7ghuw7eQ,82d3099480f1fdb2d7daf04d6e94fa9e0430dc9d6f82c5258274d32c8072137f,Vengaboys - Kiss (When The Sun Don't Shine),NLC529911140
100,Mexico,Les Humphries Singers,1972,https://www.youtube.com/watch?v=5JnQTqELeLk,33b440f63cb4359140f1a44b3a6dddb6e62f8d7cd217fd39534a6d1684834b2b,The Les Humphries Singers - Mexico (Alternate Version 2) [BULLET] TopPop,DEA619351670
101,Sun Is Up,INNA,2010,https://www.youtube.com/watch?v=YjSUSPzJiAU,6529c6334d6bfbc6f3463841b9dd57cfe9eac4cde9dc550d00432450dcfa1b99,Inna - Sun is up (Official Music Video),USUS11100418
102,Sweet Freedom,Michael McDonald,1986,https://www.youtube.com/watch?v=yvXFGUWBMHY,728b812c32163833a12132463dbf55aa0831fca6b2aae46bcadde1317db4291c,Sweet Freedom,USUM72107422
103,Love Generation,Bob Sinclar,2005,https://www.youtube.com/watch?v=v0NSeysrDYw,41951cd9550584a10bb29f9fe18583baa9799dde32ef1386f06ff39eacbc0a2a,Bob Sinclar - Love Generation (Official Video),FRQ380500330
104,Saturday Night,Whigfield,1994,https://www.youtube.com/watch?v=8DNQRtmIMxk,ce4ebd6ddf57080d7e07da46f102b3e6318262b3fb752b427b68dd3ae013dc05,Whigfield - Saturday Night (Official Video),DEA319600883
105,The Locomotion,Little Eva,1962,https://www.youtube.com/watch?v=24Neyv2crh4,24cf5c052069f86a7705eedc2f2c066cf36fa19078306862a9c3750cc7d8831f,Little Eva - The Locomotion,GBAYE6200144
106,"Let's Go Dancin' (Ooh La, La, La)",Kool & The Gang,1982,https://www.youtube.com/watch?v=JWuoGZAz94c,d5d67df7ad0e083a70e0b9673d124bb9bce3e9ea0ff51d0317b35933eab5ac50,Kool & The Gang - Let's Go Dancing (Ooh_ La_ La_ La),USMR18287019
107,Daddy DJ,Daddy DJ,1999,https://www.youtube.com/watch?v=flL_2awF-QI,b00190298517e1ae8d8d6ac1be24fae78ea48dd963554011491a510489ec09eb,Daddy DJ - Daddy DJ (Official Video) [HD 720p],QM6N21558928
108,My Sharona,The Knack,1979,https://www.youtube.com/watch?v=bbr60I0u2Ng,bc28e470fc4189dd3e7bfb308206580a46ba96dd286f4f8a1e86400bd707c5bb,The Knack - My Sharona (Official Music Video),USCA28900153
109,Oye Mi Canto,Gloria Estefan,1989,https://www.youtube.com/watch?v=sgzguCY79bA,2e07a82c897ab03a66860e6373e9c847b3cfed36908865c799fb1efc778b95f3,Gloria Estefan - Oye Mi Canto (Official Video),USSM18900359
110,Wipe Out,The Surfaris,1963,https://www.youtube.com/watch?v=dBURLdhmmZ8,f2e5e31b2fad9c1b2d513f41aac5456cccfb149ec544433c3b6d37e1cda6ef4f,Wipe Out,USTC40862543
111,Honky Tonk Women,The Rolling Stones,1969,https://www.youtube.com/watch?v=hqqkGxZ1_8I,319e3c4130cf3dd165d39efeed0afcd7fba4087e3276be4a94db93fcde774428,The Rolling Stones - Honky Tonk Women (Official Lyric Video),USA171920240
112,I like the way you kiss me,Artemas,2024,https://www.youtube.com/watch?v=evJ6gX1lp2o,c761fa35794d67bb5fe892e425efdd477a925e324f34d70eac75d57b5d2ecee4,Artemas - i like the way you kiss me (official music video),QZJ842400387
113,One Kiss,Calvin Harris & Dua Lipa,2018,https://www.youtube.com/watch?v=DkeiKbqa02g,6dfea9c8419462eb0e453249a378f2e1e25a93298ca87b1bd73a2fa710b47545,Calvin Harris_ Dua Lipa - One Kiss (Official Video),GBARL1800368
114,Da Doo Ron Ron,The Crystals,1963,https://www.youtube.com/watch?v=L0dikX80Ed8,5c6ec4737277bdea7ab58eb5afad8d94ccdd9f4ec48331c31a8c8638b6d866ab,The Crystals - Da Doo Ron Ron (HQ),USQX91100116
115,As It Was,Harry Styles,2022,https://www.youtube.com/watch?v=H5v3kku4y6Q,67532fcb1426e5a20bc97422a78283abfe11fd1ca3199763b046a92d3d4b8329,Harry Styles - As It Was (Official Video),USSM12200612
116,California Girls,The Beach Boys,1965,https://www.youtube.com/watch?v=DR2lvcdKSdU,dee9e1dec68f0b6188d64297ba1e1b2600206e8eb7a46bdb9437e831ac14b1f4,California Girls (Stereo),USCA21202105
117,Low (feat. T-Pain),Flo Rida,2007,https://www.youtube.com/watch?v=U2waT9TxPU0,7d07799a54d05070fcaf928027b095be66666a98e5224a69d8a790baa825c21b,Flo Rida - Low (feat. T-Pain) [from Step Up 2 The Streets O.S.T. / Mail On Sunda,USAT20705841
118,On The Floor,Jennifer Lopez,2011,https://www.youtube.com/watch?v=t4H_Zoh7G5A,6140063b6872200a003bc270b4025831c31b03526761f95d7c000180623a122e,Jennifer Lopez - On The Floor ft. Pitbull,USUM71104034
119,School's Out,Alice Cooper,1972,https://www.youtube.com/watch?v=RWgTD_0jxeE,bf38a3d3c7f99626889813e53129396efee3132b3982dbc80a5620564a414a6c,School's Out (2002 Remaster),USWB19900782
120,Sweet Caroline,Neil Diamond,1969,https://www.youtube.com/watch?v=4F_RCWVoL4s,691b159034acb0d981b7df767b849065a7110030fc85650c388095d5b76a1ae1,Neil Diamond - Sweet Caroline (Audio),USMC16991138
121,Mi Gente - Original Mix,J Balvin,2017,https://www.youtube.com/watch?v=wnJ6LuUFpMo,47fd51f86b543b00c3e1ae71d224cad40dc7b17bfed4c8936f658ed48ec50154,J Balvin_ Willy William - Mi Gente (Official Video),FR22F1701790
122,Levels - Radio Edit,Avicii,2011,https://www.youtube.com/watch?v=NNC3iNivkEw,61e47f1129fd74baabd6f7e7f532ef9b3eaff838e9fdabe77a5553746235bed3,Levels (Radio Edit),SEUM71100962
123,Stuck In The Middle With You,Stealers Wheel,1973,https://www.youtube.com/watch?v=3Er2qxsbfZw,b459ce42bbe9467a11a545f7821874367bbfeb875513da51172963fe8f889bf5,Stealers Wheel - Stuck In The Middle With You (1972),GBAAM7200002
124,Bang Bang,Jessie J,2014,https://www.youtube.com/watch?v=0HDdjwpPM3Y,b530371819f38ff4240716a6fa3d886b0b2ca0ed2a8fd692d108c80d10615f1e,Jessie J - Bang Bang ft. Ariana Grande_ Nicki Minaj,USUM71409737
125,Friday On My Mind,The Easybeats,1966,https://www.youtube.com/watch?v=rOtnpb2EtQ8,1d74bf3f34ebe06f97375ca3a993ac6e3f07ff7bf05efe829499eeaca6b99ac2,The Easybeats - Friday On  My Mind (Official Audio),AUAP06600062
126,French Kiss,Lil' Louis,1989,https://www.youtube.com/watch?v=sIah2FJn5eY,6a1f35b02dcd1d7257589026f79731a789903aec8339b9225f7b51639a5c482b,Lil Louis - French Kiss (Official video 1989),USSM18900036
127,Like a Prayer,MadHouse,2002,https://www.youtube.com/watch?v=NtJkaBupXK0,a40b84b09d61a5c332641d0d4d1e3d2d6624bb428a41c28feb31fc9ba2065dd5,Mad' House - Like a Prayer (Main Mix Edit) 2002 Music Video,FRO060200100
128,Be My Baby,The Ronettes,1963,https://www.youtube.com/watch?v=jSPpbOGnFgk,e7cf10fa26a9498bfff71f71cfa24f4a4cc23ffec13442ea5dc23e371ac557f9,The Ronettes - Be My Baby (Official Audio),USQX91100088
129,Round Round,Sugababes,2002,https://www.youtube.com/watch?v=FHh86ySgKrA,3f97b28b185697eca4a6a0ac7e28491b7f17e625f81af99b9adbeb2d4f56f336,Sugababes - Round Round (Official Video),GBAAN0201114
130,Let's Talk About Sex,Salt-N-Pepa,1990,https://www.youtube.com/watch?v=ydrtF45-y-g,f70a98f8785ce6ccfce05c3ea006fa111d20348c62f2edf6e7ba63ef49fccaf2,Salt-N-Pepa - Let's Talk About Sex (Official Music Video),USIR20180412
131,Ti Sento,Matia Bazar,1985,https://www.youtube.com/watch?v=ZoBrzWSOa24,52660539f5573bdeecc478fabc3c2dab48b045940c57f2c117b5baa5f75cf9a4,Matia Bazar - Ti Sento [MULTI] Karaoke - 1985 HD & HQ @LouVDJOfficialItaly,ITPOO8500002
132,Stronger,Kanye West,2007,https://www.youtube.com/watch?v=PsO6ZnUZI0g,41deb56c601fb70af1442aecb17f568010ce795de4adf8a303f4ce532ac81765,Kanye West - Stronger,USUM70741299
133,Candyman,Christina Aguilera,2006,https://www.youtube.com/watch?v=-ScjucUV8v0,4e7bef1805626d0e90f574f6f59899f19f2445e0847c7ed9edbd5a8b287bc8cf,Christina Aguilera - Candyman (Official Video),USRC10600413
134,How Do You Do!,Roxette,1992,https://www.youtube.com/watch?v=nx2iLOvP0rM,281bfac50c2ce037e95a49f8b99b9cb2d78ef6d2790506f1a15b6e9d7f3dd1c1,Roxette - How Do You Do!,SEAMA9252010
135,Pray,DJ BoBo,1996,https://www.youtube.com/watch?v=aJbsdoDHUrI,9cb1a83c2e82bcf6b4d2ef0b4d115cdc24faf27ae11a8fe6da8ea46a3e4c759b,DJ BoBo - PRAY (Official Music Video),DEMI69600002
136,I Want It That Way,Backstreet Boys,1999,https://www.youtube.com/watch?v=4fndeDfaWCg,661713c05596574d4aaec9632465399c676bf311c77acb6b2e673c747f2f161d,Backstreet Boys - I Want It That Way (Official HD Video),USJI19910614
137,Rhythm Of The Night,DeBarge,1985,https://www.youtube.com/watch?v=cAQSZhazYk8,79515855217c77ffdb0cc38287053c04788c56fb2efa546083c67d5de2af9d31,DeBarge - Rhythm Of The Night (Official Music Video),USMO18500526
138,The Emptiness Machine,Linkin Park,2024,https://www.youtube.com/watch?v=SRXH9AbT280,3c8f6eea90bf4548347a1a2c3588976a01f4faaaf0e6218b7ee1cc9d3b27b645,The Emptiness Machine (Official Music Video) - Linkin Park,USWB12403464
139,Oh Carolina,Shaggy,1993,https://www.youtube.com/watch?v=BtLqmWt2h2g,69cc0e7f3ba624113f8f0889d921446b1b8082833f54772e0e0c74fe784bd98e,Shaggy - Oh Carolina 1993 (Official HQ),GBAAA9200185
140,The Final Countdown,Europe,1986,https://www.youtube.com/watch?v=9jK-NcRmVcw,59ad98f45d1fd88c00c5968742a87cf64ff35b83fda960dee8a5a63fcfd75f16,Europe - The Final Countdown (Official Video),USSM18600196
141,A Dios Le Pido,Juanes,2002,https://www.youtube.com/watch?v=kMIaYXxLnUA,5256a6ff4da15680bc5d9d9f5fe79f1e6b1cdf4a6cfe544e5c36968a10790c00,Juanes - A Dios Le Pido,USUL10200158
142,Mr. Brightside,The Killers,2003,https://www.youtube.com/watch?v=gGdGFtwCNBE,df95aadc4fbb0e50e1304b592f56d58d2c36622a5ce004724706cf8919d539ac,The Killers - Mr. Brightside (Official Music Video),USIR20400274
143,Bootylicious,Destiny's Child,2001,https://www.youtube.com/watch?v=IyYnnUcgeMc,7cd597f99177c71b1371a1763466fc3c4ff89c107c70086b5fb1e776c0f7cad7,Destiny's Child - Bootylicious,USSM10102677
144,"Schnaps, das war sein letztes Wort",Willy Millowitsch,1960,https://www.youtube.com/watch?v=XaL872tHYgY,2322a9f735311d5f6f2ca1e00e0ab63ee1745963de942fa6517b515c3bf44cf7,Willy Millowitsch - Schnaps_ das war sein letztes Wort,DEA347800973
145,Sound Of The Underground,Girls Aloud,2002,https://www.youtube.com/watch?v=V9Wv4SCBiTE,fd406d19530c8542f389371cdbf339e3289d12d4c08a744d1ee939d4ac2d4680,Girls Aloud - Sound Of The Underground (Official Music Video),GBAKW0201569
146,I Could Never Love Another (After Loving You),The Temptations,1968,https://www.youtube.com/watch?v=2dRsSJM0rO0,6fd0ed8675903d219c1017eace67bf35638424e630b4658843cdf283e3e7f052,I Could Never Love Another (After Loving You),USMO16800257
147,It's My Party,Lesley Gore,1963,https://www.youtube.com/watch?v=9bYUCvk0_zc,03f88f6eb80a6eafcb0a2beeff7c94baf32de0c389f6d7c42fff9e176f23e53b,Lesley Gore - It's My Party (Official Audio),USPR36205231
148,(It Goes Like) Nanana,Peggy Gou,2023,https://www.youtube.com/watch?v=sCz5y84dwuA,15d27578abbfe3b97ca79e471796deac72383bfc7cc42cb0bfe1d93119caec4f,Peggy Gou - (It Goes Like) Nanana - Official Video,GBBKS2300080
149,TEXAS HOLD 'EM,Beyoncé,2024,https://www.youtube.com/watch?v=238Z4YaAr1g,fd3a5c9a630de97a37dfa17d0f00548fcd46389ec4aac28320e73fececf4b459,Beyonc[LATIN SMALL LETTER E WITH ACUTE] - TEXAS HOLD 'EM (Official Visualizer),USSM12401302
150,Faded,Alan Walker,2015,https://www.youtube.com/watch?v=60ItHLz5WEA,20425f27202e0e52b487dad90fdf1ce1af4a63c0e946765125de13162c0d9453,Alan Walker - Faded,NOG841549010
151,Banana - feat. Shaggy,Conkarah,2019,https://www.youtube.com/watch?v=Ydtzs319T3s,6209347b702d93aad9eeb9f781fc968569b9186b7a6e9d09f57270198e746a69,Conkarah -  Banana (feat. Shaggy)  (Official Music Video),QMRSZ1901446
152,Seven Nation Army,The White Stripes,2003,https://www.youtube.com/watch?v=0J2QdDbelmY,d3694643ec152040677f55efe88fb31a430adf4f043ca988f8bdefb498a0ce0e,The White Stripes - Seven Nation Army (Official Music Video),USVT10300001
153,Accidentally In Love,Counting Crows,2004,https://www.youtube.com/watch?v=wqFeFo3v5L8,e29bb05ace008e39a6208001521e6c8d1674cd457aca3246188bb22e97a227e9,Counting Crows Accidentally In Love,USIR10400291
154,Ma quale idea,Pino D'Angiò,1980,https://www.youtube.com/watch?v=0Ylg-XD15jw,090d29852bcb207b0d9ba73a8f9c67920d74b95fc6090d463e4f9dd0e67cf7a5,Pino D'Angio - Ma quale idea (1981) English subtitles,ITA647900295
155,Call Me,Blondie,1980,https://www.youtube.com/watch?v=StKVS0eI85I,9c026abf56434e00a8e27ce88b54f7f56262d5a48d9a3b8ee51bda1a792f7af8,Blondie - Call me,USCH38900008
156,Dancing Feet,Kygo (feat. DNCE),2022,https://www.youtube.com/watch?v=RlaBTqv8tQs,1239b87f13a4088777d949d0bbe8131aabed4aca9d7c3f24d65a956cf22f641b,Kygo - Dancing Feet (Official Video) ft. DNCE,USRC12200139
157,Spinning Around,Kylie Minogue,2000,https://www.youtube.com/watch?v=t1DWBKk5xHQ,2978f4b19e78982c609428e67165aac3e19f6485127ac6241b079d8802623976,Kylie Minogue - Spinning Around (Official Video),GBAYE0000351
158,Don't Talk Just Kiss,Right Said Fred,1991,https://www.youtube.com/watch?v=qvfInTG-E0I,3fa3d852aa22d67f36c10e8629221e5e7bb88833ccf41438b263aa8322d992e0,RIGHT SAID FRED - DON'T TALK JUST KISS ( OFFICIAL MUSIC VIDEO ),GBCKK0966702
159,The Boys Are Back In Town,Thin Lizzy,1976,https://www.youtube.com/watch?v=5_xqb416S7o,041e111edb5a3b723803e1ac2c226a9efde0e2247abe8a70e3651bebff419081,Thin Lizzy - The Boys Are Back In Town (Official Music Video),GBF087600063
160,Sweet Home Alabama,Lynyrd Skynyrd,1974,https://www.youtube.com/watch?v=-p8GXZcdrIk,1f32ef46f022e84805900662d99778f2c832f73e1991d3c094b5b9520b2c24a9,Lynyrd Skynyrd - Sweet Home Alabama (Lyric Video),USMC17446153
161,Lovely Day,Bill Withers,1977,https://www.youtube.com/watch?v=bEeaS6fuUoA,879274591847bfa31ca7cc914a8f59a58685c4a67a67508306520e04732024f5,Bill Withers - Lovely Day (Official Audio),USSM10207844
162,This Ole House,Shakin' Stevens,1981,https://www.youtube.com/watch?v=dRvcrWGUmR4,d9f8ebb6a5c849d0bd9ad10fbdffaeec9ce545078f63a37b74f1957f544b1a16,Shakin' Stevens - This Ole House (Official HD Video),GBARL0801563
163,I'm Gonna Be (500 Miles),The Proclaimers,1987,https://www.youtube.com/watch?v=tbNlMtqrYS0,49ea4e01cbcd523708cf6ad12fd8dd754990e8b61e0e5daa140f9ba2f2a85d4b,The Proclaimers - I'm Gonna Be (500 Miles) (Official Music Video),GBAYK8800055
164,Set Me Free,Jaki Graham,1986,https://www.youtube.com/watch?v=NKk9lzIiu40,81aed8645f9aa6a632d08f31d6a3057ef9ca3a94a9f3305be5a1241804298303,Jaki Graham - Set Me Free (Official Video),GBAYE8600094
165,Dirty Cash (Money Talks),The Adventures Of Stevie V,1989,https://www.youtube.com/watch?v=9o0rAvZtM7w,0142cba8a9ede893df19998b44b2a1f6bc2e3e653a6ffc40ad677d75c9e4471e,Adventures Of Stevie V - Dirty Cash (Money Talks) (Official Video),GBDGN0900048
166,Get Up I Feel Like Being Like A Sex Machine,James Brown,1970,https://www.youtube.com/watch?v=ZNaXb3uuekk,473c199a4ae0653c2627b980719d74e934dcc133f22b4d5974173e65c552adad,james brown sexy machine,USF067025050
167,Mr. Saxobeat - Radio Edit,Alexandra Stan,2011,https://www.youtube.com/watch?v=nwsewSMWIas,497f6a44fa1a821670d593e2f20f70f76623794558bcb9b02e8b2985e108d565,Alexandra Stan - Mr. Saxobeat (Official Video),ROCRP1002864
168,Informer,Snow,1992,https://www.youtube.com/watch?v=TSffz_bl6zo,f343f18882713c1d6ad1d79d11551e1763604c7662d048477e266fe64a27a4f5,Snow - Informer (Official Music Video) [4K Remaster],USEW19300006
169,Pretty Fly (For A White Guy),The Offspring,1998,https://www.youtube.com/watch?v=QtTR-_Klcq8,42de511efbc7dcd116838a21e031720f0f89c74610ba5785eb224374771f4469,The Offspring - Pretty Fly (For A White Guy) (Official Music Video),USSM19804199
170,Don't Worry,Madcon (with Ray Dalton),2015,https://www.youtube.com/watch?v=HO7uge9UUrA,4d81bf284ca3e12136edbc1448f66658e0dc47eae0f2259a29a81a1d047d0cda,Don't Worry (with Ray Dalton) - Radio Edit,NO5281501010
171,Sexy And I Know It,LMFAO,2011,https://www.youtube.com/watch?v=wyx6JDQCslE,a828c7d959644994a5dd2a4ad304cdfe27e4e72df280dd1d83953fef1f2d0743,LMFAO - Sexy and I Know It,USUM71108090
172,Everybody's Free (To Feel Good),Rozalla,1991,https://www.youtube.com/watch?v=OUIfB9I1BIw,aa2f87017cfc466c293fcf8a78c2e27fcb1995f65e39fb1de8001617baf92bb6,Rozalla feat. David Anthony - Everybody's Free (Official Video),GBBLG0400723
173,Go West,Village People,1979,https://www.youtube.com/watch?v=XW2LoRqikWI,e35c39412a0d4d047428b778f8e6f2ccd5ca1731136bb8434df14ac79dc0b7b4,Village People - Go West -,FR6V80878841
174,Ich fühl' mich Disco,Christian Steiffen,2013,https://www.youtube.com/watch?v=FZfj5iPy5wU,220e444b2beb4b69e5ec891dc3320e350fcb258f54cfa45d6bf564db7b656ced,Ich f[LATIN SMALL LETTER U WITH DIAERESIS]hl' mich Disco,DEA621301036
175,We Will Rock You,Queen,1977,https://www.youtube.com/watch?v=-tJYN-eG1zk,7cf2948169efc07347d424359320519d6d46dee4f32365490e99ea18e87c620c,Queen - We Will Rock You (Official Video),GBUM71029618
176,Disco Inferno,The Trammps,1976,https://www.youtube.com/watch?v=A_sY2rjxq6M,308528fe61a470af75c6fd5bb2c2b67f6e122075dda7798542db953b7b67ea28,The Trammps - Disco Inferno,USAT27600009
177,Holding On,Leony,2023,https://www.youtube.com/watch?v=-Nr3BB5Ft6I,8cd4c1f719d92ddafb5673416dee0f9c321cee2901b48669c4eb95a74411f332,Leony - Holding On (Official Music Video),DEN062300006
178,Crying At the Discoteque,Alcatraz,2000,https://www.youtube.com/watch?v=a1fFwOXBxik,656ba4aef6262c60177f4cfd6e399ca5e9ce2bb66eb0bb9e72aa945f9a24a8d9,Crying At the Discoteque,DEZ921200553
179,Fascination,Alphabeat,2006,https://www.youtube.com/watch?v=-8UxX5STKL4,d8d004f62a0ff8f64183db2332bf0cd568a0e3ad9a086fce6873bf3a98c556de,Alphabeat - Fascination (Official Music Video),DKBR70704104
180,Don't Be So Shy,"Imany,Filatov & Karas",2016,https://www.youtube.com/watch?v=TR2jfU2T-AM,41d22feacc330effbc74e2223cd5caed479b3b41ba62668f521f0c6b8d0bbbe7,Imany ft. Filatov & Karas - Don't Be So Shy (Official Audio),RUA591500339 
181,Cheerleader,OMI (feat. Felix Jaehn),2014,https://www.youtube.com/watch?v=1w8gDiJbRGw,76e5d3d1e22d5a7c0fd2adff7719762056a1ba2b97fcc0d40fdc64bf5baeb9b1,Cheerleader (Felix Jaehn Remix) - Radio Edit,USUS11202574
182,Keep On Movin',Five,1999,https://www.youtube.com/watch?v=FbWJVult-9M,04e4ee8061112ca12175dfe602d75ff87680bbbbe82beb1896d9407ded642fcb,Five - Keep on Movin' (Official Video),GBARL9900105
183,Disco Pogo,Die Atzen,2010,https://www.youtube.com/watch?v=FWsQQgbKkjc,42dbe2ba9e2358d0646f89b39ae4249aee217e5b1324b0e95560aa8fd8ea3157,DIE ATZEN (FRAUENARZT & MANNY MARC) - DAS GEHT AB (Official Video),DEN060900695
184,Can't stop the feeling!,Justin Timberlake,2016,https://www.youtube.com/watch?v=ru0K8uYEZWw,dea075cf4a8f85b1caee5e615029705d992ef5a6bac9a2ca99afa33949c37c46,Justin Timberlake - CAN'T STOP THE FEELING! (from DreamWorks Animation's  TROLLS,USRC11600876
185,The Rhythm of the Night,Corona,1993,https://www.youtube.com/watch?v=OnT58cIJSpw,ffc5ec1642032c35c857aece7be8f5d1e2c4679afe0f9affeaf75943986b988d,Corona - The Rhythm of the Night (Official Music Video),ITA199800041
186,I Like To Move It,Reel 2 Real,1993,https://www.youtube.com/watch?v=nphK5Ke3-Xc,f8e1800bddd554c86c38f629123bd6691061d734c276089b6e96d57819812bcb,Reel 2 Real - Go On Move (Official HD Video),QMRSZ1800990
187,Destination Calabria,Alex Gaudino (Feat. Crystal Waters),2007,https://www.youtube.com/watch?v=Dm5Uvwlpb0g,85d8836d3a1f91264c029d0639ba96faf5dd71f333be2dc71a8c61c4a9836142,Alex Gaudino - Destination Calabria,ITL010600343
188,Hey Ya!,Outkast,2003,https://www.youtube.com/watch?v=PWgvGjAhvIw,75d91731adef94ca7f03bb3db6c71bc1f954396cb39786900b920fa5aa32e3ce,Outkast - Hey Ya! (Official HD Video),USAR10300924
189,You're So Vain,Carly Simon,1972,https://www.youtube.com/watch?v=j13oJajXx0M,263e7fae8d797679bae138cedf8c855f1308c8674640ea62ad235614d04ea755,Carly Simon - You're So Vain,USEE19900883
190,Everyday People,Sly & The Family Stone,1968,https://www.youtube.com/watch?v=YUUhDoCx8zc,77e35a8af1ce9aa48a925c5b856ebed7261b34ea549debd2c45a0981fee68761,Sly & The Family Stone - Everyday People (Official Video),USSM19913826
191,How Much Is The Fish?,Scooter,1998,https://www.youtube.com/watch?v=cbB3iGRHtqA,1f722f37f73927730f31d3e0b62165ec2bcae5d4c8681c591f528b6b342429a9,Scooter - How Much Is The Fish? (Official Video),DEN061302559
192,María,Ricky Martin,1995,https://www.youtube.com/watch?v=vCEvCXuglqo,19193edce866aa99633b4079c7d42fa7cb3c1edcbcdfbb84127d4ad64df901f3,Ricky Martin - Mar[LATIN SMALL LETTER I WITH ACUTE]a (Official Video),MXF149500003
193,Stressed Out,Twenty One Pilots,2015,https://www.youtube.com/watch?v=Pw-0pbY9JeU,e623dc376ab66e6c095f3d9201b9b830468ba9a0320657c3cee0fe60a5564e61,twenty one pilots - Ride (Official Video),USAT21500597
194,Solo (feat. Demi Lovato),Clean Bandit,2018,https://www.youtube.com/watch?v=rUepUBvD14I,9191e6019b2b1d11fd7931ebc9c1dba3cd8d7a05c9274850374090bc2447556e,Solo (feat. Demi Lovato) - Clean Bandit (1 Hour Ending),GBAHS1800328
195,SOS,Rihanna,2006,https://www.youtube.com/watch?v=IXmF4GbA86E,4093c85cfbe4684dcfb49a3451efe7785f5e90a456883f50d20f51a11026ee6e,Rihanna - SOS (Official Music Video),USUM70507379
196,Shake It Off,Taylor Swift,2014,https://www.youtube.com/watch?v=nfWlot6h_JM,41197e8dfe7ea14326d48375a00d6607cfe7fbd0aff2675fca62e248fd8a74d2,Taylor Swift - Shake It Off,USCJY1431349
197,Kylie,Akcent,2005,https://www.youtube.com/watch?v=wOem06X3uVo,3a180c97b87855c045a3eb5e5e4608d0c209edd0beea32448c3383fe0d832788,Akcent - Kylie (Official Video),ROROT0500101
198,Shape of You,Ed Sheeran,2017,https://www.youtube.com/watch?v=JGwWNGJdvx8,63da764821136fc2248e8513b198802fb62625388c87fbf8358245bca3e0ea93,Ed Sheeran - Shape of You (Official Music Video),GBAHS1600463
199,Sussudio,Phil Collins,1985,https://www.youtube.com/watch?v=r0qBaBb1Y-U,be6956ef27cec89f54d20ff0063e059a4ece4739c060f82af3d762876061c5b5,Phil Collins - Sussudio (Official Music Video) [HD Upgrade],USRH11600243
200,"Poupée de cire, poupée de son",France Gall,1965,https://www.youtube.com/watch?v=aQew8z8HYq8,2392380dd43805264a80d1d5e5d5784aed38d178199cd4029a68a21d6930714f,HD | France Gall - Poup[LATIN SMALL LETTER E WITH ACUTE]e de cire_ poup[LATIN SM,FRZ026500100
201,Iris,The Goo Goo Dolls,1998,https://www.youtube.com/watch?v=zDOILKOOUCo,1062d0cb9ff8c7045bc0b0b4a52dcac49ca9d152135a2ce9c0065273cae8a123,Goo Goo Dolls - Iris (Official Lyric Video),USWB19800160
202,Dirty Diana,Michael Jackson,1987,https://www.youtube.com/watch?v=aUD0juRwb3I,ca48e00f872515c1d320c00b6f94fea4c1a37bda345e9abdaa025aeedf662356,Dirty Diana,USSM19909072
203,bad guy,Billie Eilish,2019,https://www.youtube.com/watch?v=DyDfgMOUjCI,d2bfdd051a6ac99c558541d25c60a668fd3eae9359f3750780da9d2f4be3f473,Billie Eilish - bad guy,USUM71900764
204,La Cumbia,Sailor,1991,https://www.youtube.com/watch?v=dpIY9pfFF0Y,88120f50779eeb6ec726729d3a75bda89d74888271ab086f66191a8d70bd5554,La Cumbia,DKABA1001531
205,Tomorrow People,Ziggy Marley & The Melody Makers,1988,https://www.youtube.com/watch?v=AM8M-HHSbp0,5bbd5bb879a20fe6c0605f6408aa5af30f93af5432f0c28583849c7c097b1b4e,Ziggy Marley And The Melody Makers - Tomorrow People,USVI28800002
206,High Hopes,Panic! At The Disco,2018,https://www.youtube.com/watch?v=IPXIgEAGe4U,79da9356a5cabf8821b17ae744d8819268bc46f12896808226f3ec74bdff6a55,Panic! At The Disco - High Hopes (Official Video),USAT21801174
207,Think,Aretha Franklin,1967,https://www.youtube.com/watch?v=P9yIoSpWWNE,d1a840f14b95c24bc7bf3e4452ab0d50bf10114bc28d697cf68653e8d2c7ee7d,Aretha Franklin - Think (Official Audio),USAT20801206
208,Sun Is Shining,Funkstar De Luxe,1999,https://www.youtube.com/watch?v=P8irVN8LmaM,391cc834d2884689475fe5e879e27172178b1aacc7221ac64ab9e017aee18c3e,Funkstar Deluxe - Sun Is Shining,DKUCA1410062
209,Mambo No. 5 (a Little Bit of...),Lou Bega,1999,https://www.youtube.com/watch?v=EK_LN3XEcnw,0e56906350ed2ddc64e81a77acd5dc5ace667d18e290f305e2f6f3e676d0f92b,Lou Bega - Mambo No. 5 (A Little Bit of...),DEH259900010
210,Heatwave,Martha Reeves & The Vandellas,1963,https://www.youtube.com/watch?v=d_9JyrPGLC4,5ed060d182cc7d73b72fbec75469cc9aa9f7625ead8ea050256be9e7e24a03e0,Martha and The Vandellas -  Heatwave,USUM71301905
211,Men In Black,Will Smith,1997,https://www.youtube.com/watch?v=fiBLgEx6svA,d5a7d3b0c5b4c13f5b5030727a1ed9abfb53cd917c7b98d34ea1791a2e5bcd90,Will Smith - Men In Black (Video Version),USSM19700762
212,Jein,Fettes Brot,1996,https://www.youtube.com/watch?v=rPy7rWT5-Xg,be6ca3ad72da0aa9552405c4023799e47d10c7db4722f9c95ebf813462ed292a,[MUSICAL NOTE] Fettes Brot - Jein (1996) (4K [EYES]Visualization),DEAH91600042
213,"Whenever, Wherever",Shakira,2001,https://www.youtube.com/watch?v=weRHyjj34ZE,3abdb97e7f2141d3999547ba9735c356512727e24cbf12cd5361c6f55b1bbc1c,Shakira - Whenever_ Wherever (Official HD Video),NLB630100324
214,Dynamite,Taio Cruz,2009,https://www.youtube.com/watch?v=VUjdiDeJ0xg,62749771611b3c8550441e2b65617df227dafcb7d229c3654c192c5563e5f9d9,Taio Cruz - Dynamite (Official Video),GBUM71003721
215,Let's Get It Started,Black Eyed Peas,2004,https://www.youtube.com/watch?v=IKqV7DB8Iwg,33f5ab7eea62c264c45e52c77e3c0d769e1d2463fe57ad95f60654d99c47ad24,The Black Eyed Peas - Let's Get It Started,USIR10400364
216,Love Shack,The B-52's,1989,https://www.youtube.com/watch?v=9SOryJvTAGs,691963f9970b395bdd224e49c1a294e8933ffa0d6b2b53cda2fa1f7dccc18ed2,The B-52's - Love Shack (Official Music Video),USRE10801410
217,U Can't Touch This,MC Hammer,1990,https://www.youtube.com/watch?v=_NNYI8VbFyY,292175e433992eb1ff5cbd34b9787aec39718ea043bee5076e817e8d1f7847f4,MC Hammer - U Can't Touch This (HQ),USCA29000294
218,It's Like That,Run–D.M.C.,1998,https://www.youtube.com/watch?v=TLGWQfK-6DY,bcd4e023ee9149fddbda1b0826f3967748e555502f95ce46f73caa87be7ee83e,RUN DMC_ Jason Nevins - It's Like That (Official HD Video),USAR19700609
219,...Baby One More Time,Britney Spears,1998,https://www.youtube.com/watch?v=C-u5WLJ9Yk4,da5d2ee4ef59945658ec5510ed6d64a9ff7210df2b2fd22e11f3c03c444f3d08,Britney Spears - ...Baby One More Time (Official Video),USJI19810404
220,Fire,The Pointer Sisters,1978,https://www.youtube.com/watch?v=yZEiiI7FAcY,35591d1ea1620bf2fbe56347d4824cb47ffa722446cc3e380431958d11b3b327,Fire,USRC10201815
221,Ma che bello questo amore,Eros Ramazzotti,1987,https://www.youtube.com/watch?v=7UNIQyFkQuQ,258c8c7eafd929b0e581f9e337e5ea78172fdd24ed27a5967ca8193b3ac7ae86,Eros Ramazzotti - Ma che bello questo amore (1987 7 ),ITB008770681
222,Run the World (Girls),Beyoncé,2011,https://www.youtube.com/watch?v=VBmMU_iwe6U,baa0a6ef7cbaa527ba7f294179525e7b2f7bf351a5b1c80c443ff1219d4b4da3,Beyonc[LATIN SMALL LETTER E WITH ACUTE] - Run the World (Girls) (Official Video),USSM11102447
223,All Along the Watchtower,Jimi Hendrix,1968,https://www.youtube.com/watch?v=TLV4_xaYynY,6d4e7b2774bb7923bbc696135dfe88d47db8a41995f1dbc7ec809705f37f124c,The Jimi Hendrix Experience - All Along The Watchtower (Official Audio),USQX90900749
224,I Can't Help Myself (I Love You I Want You),The Kelly Family,1996,https://www.youtube.com/watch?v=e1xkb9y34YA,0b6f32f3bb9997ac32ac3a59a894846c35c154b8bd2278b987bf4dabb2aae08a,The Kelly Family -I Can't Help Myself (Official Video),DEC649600222
225,Toxic,Britney Spears,2003,https://www.youtube.com/watch?v=LOZuxwVk7TU,24041447d18f403a55a6c3a9be5b29de30b349359add72c0d60c77df4efaebca,Britney Spears - Toxic (Official HD Video),USJI10301005
226,Express Yourself,Madonna,1989,https://www.youtube.com/watch?v=GsVcUzP_O_8,4104bb32522d70b2c5b85f4b37539c19a8f3746cba72b80dccffb68932b22929,Madonna - Express Yourself (Official Video),USWB10903609
227,I Want You Back,The Jackson 5,1969,https://www.youtube.com/watch?v=iiGY7zX7VqQ,4145486d4d56ef283d638927cc6f145edce20509236a405ce743813d3575efb5,Jackson 5 - I Want You Back (Lyric Video),USMO19400306
228,American Pie,Don McLean,1971,https://www.youtube.com/watch?v=PRpiBpDy7MQ,673d498b2a6173b71479bf68c091870a6dd86d8ec20f33ed6a12283eb9cf1f87,Don McLean - American Pie (Lyric Video),USEM38600088
229,Waiting For Love,Avicii,2015,https://www.youtube.com/watch?v=ZMNekAx3LHI,38508efce119520298f70eadcee8989762a759a119c4a8f2caae0159e4996670,Avicii - Waiting For Love (Official Video)(Black & Whait),CHB701400134
230,Sweet Soul Music,Arthur Conley,1967,https://www.youtube.com/watch?v=TvH-U4NaU4U,978281c6ec38d8d4a3c80764e629090f4ddae27c2e0c7f74797b6cef47c7e7c8,Arthur Conley - Sweet Soul Music (1967),USAT20001064
231,Hypnotize,The Notorious B.I.G.,1997,https://www.youtube.com/watch?v=glEiPXAYE-U,b2835228964c5947ef552813dc2f5d5ec56e8bbdd1efce9d1559934c147c4d9c,The Notorious B.I.G. - Hypnotize (Official Music Video) [4K],USAT21402725
232,Raise Your Glass,P!nk,2010,https://www.youtube.com/watch?v=XjVNlG5cZyQ,2ec81a26a1bd18ce74260febc06b3af3dcf489b5cc0fc6524332bcd90d4c3e07,P!nk - Raise Your Glass (Official Video),USLF21000090
233,Caribbean Queen (No More Love On the Run),Billy Ocean,1984,https://www.youtube.com/watch?v=uxX2gA18grk,fcbb9c70b48dde5c69e852de161773925a4bea88ff7d6027afd3831478c1a0ed,Billy Ocean - Caribbean Queen (No More Love on the Run) (Official HD Video),GBAHK9700109
234,Dragostea din tei,O-Zone,2003,https://www.youtube.com/watch?v=08avCcjjWR0,0a360c24bd4ba009bb9d9f69cd503721a0898ee440d55d487c93dabeffce2eab,O-Zone - Dragostea Din Tei (Official Video) [4K Remastered],ROMSA0600487
235,Gold,Spandau Ballet,1983,https://www.youtube.com/watch?v=ntG50eXbBtc,4040100b286910773a528fac5fe243848cbac9c9e5a70a8e376a24abc7ddafbd,Spandau Ballet - Gold (HD Remastered),GBAYK8300018
236,I'm an Albatraoz,AronChupa,2014,https://www.youtube.com/watch?v=Bznxx12Ptl0,ebfba9e895158604094f1a1c6fda41bc3cafb97462de1fcbc63c017aa9bfa67b,AronChupa_ Little Sis Nora - I'm an Albatraoz | OFFICIAL VIDEO,SEYOK1406001
237,Come Back and Stay,Paul Young,1983,https://www.youtube.com/watch?v=aeeJhEpeUfc,83236fa5a15cd56351d4ebbfd2b6aada59766ea4786755209357ede65a491f65,Paul Young - Come Back and Stay (Official Video),GBBBN8300003
238,Shake Your Booty,KC & The Sunshine Band,1976,https://www.youtube.com/watch?v=PDIbrw4qgW0,168364ea3f02dd3dac47c2a2311f66f23634c37fce114e4118bde540ccd42cb0,[Shake; Shake; Shake] Shake Your Booty,USMC30710030
239,The Spirit of the Hawk,Rednex,2000,https://www.youtube.com/watch?v=Yau8nHOXhug,bd6814879769e122a759b6cb64a81afc659e7d9efb66505bd3925e17fd21763a,Rednex - Spirit Of The Hawk (Official Music Video) [HD] - RednexMusic com,GBMJG1712578
240,Oh Happy Day,The Edwin Hawkins Singers,1968,https://www.youtube.com/watch?v=KJohGa66FJM,7817b817b069ccbd97e011bf072b50765ac7df4fd82778fb8538d9dc9536920d,The Edwin Hawkins Singers - Oh Happy Day (Official Audio),USBR10100065
241,The Bomb! (These Sounds Fall Into My Mind),The Bucketheads,1995,https://www.youtube.com/watch?v=no1vf854aUc,9b82f26ae48b10ce8e368436b6e8dfe0cab65084694782d5a20289ea12e39d46,The Bucketheads - The Bomb [These Sounds Fall Into My Mind] (Official Video),GBAYE9802260
242,Bad Romance,Lady Gaga,2009,https://www.youtube.com/watch?v=qrO4YZeyl0I,c0a243106228af943b7b91d8f0e348770ee79e9270f6f62398f0fe9f07aff9e0,Lady Gaga - Bad Romance (Official Music Video),USUM70903859
243,Bad Boy,Miami Sound Machine,1985,https://www.youtube.com/watch?v=G-TfKHKbNys,13f6ce27ea5e9339ef303f8918241cbac3dd7fa9e7868e58edfc6b3633b07372,Miami Sound Machine - Bad Boy,USSM10026150
244,Pump It,Black Eyed Peas,2005,https://www.youtube.com/watch?v=ZaI2IlHwmgQ,ebf20da2409c62612d6b65b1411a18711c0d04399e85405b1f71bac99f1923d6,The Black Eyed Peas - Pump It (Official Music Video),USIR10500407
245,Walkin' Back to Happiness,Helen Shapiro,1961,https://www.youtube.com/watch?v=NuQlpFnlIBE,9ce62581d31084f03df931ef9461f8966a165d9779594a8eb5d17d0a4b54b3bd,Walking Back To Happiness ~ Helen Shapiro,GBAYE9701917
246,Single Ladies (Put a Ring on It),Beyoncé,2008,https://www.youtube.com/watch?v=4m1EFMoRFvY,f8612ca9ef5cac753587c3d497c199aeeae7f59db98563eb6a5b2a24e9de3393,Beyonc[LATIN SMALL LETTER E WITH ACUTE] - Single Ladies (Put a Ring on It) (Vide,USSM10803760
247,Flowers,Miley Cyrus,2023,https://www.youtube.com/watch?v=G7KNmW9a75Y,c48f82856fc9ad7eead848d0d81d32d1af805677177bff060e769bbf12275476,Miley Cyrus - Flowers (Official Video),USSM12209777
248,Brown Eyed Girl,Van Morrison,1967,https://www.youtube.com/watch?v=UfmkgQRmmeE,c5aaabac540d16506d9674284e2cba1a67d11a0f9f5d6c0864610be7daf6c1e8,Van Morrison - Brown Eyed Girl (Official Audio),USSM16700357
249,Rock Your Body,Justin Timberlake,2002,https://www.youtube.com/watch?v=TSVHoHyErBQ,d7f82c7f346ecfc2967f28857d474e11efe8d4681bcbd8fb4c0381ece53cd033,Justin Timberlake - Rock Your Body (Official Video),USJI10200367
250,Ding Dong,EAV (Erste Allgemeine Verunsicherung),1990,https://www.youtube.com/watch?v=zyilSPsYdW8,dd5a5f6f12094306815621f8fb28a80e477bb5bc94cdd6d92b8f656abb3f59ea,EAV Ding Dong,DEA810500975
251,Love Comes Again,Tiësto,2004,https://www.youtube.com/watch?v=Jbh3GlrRcQ4,60379d46ce0486abb19036a84a9940d7914118a0748c60ba2a3f43761fbd9b29,Ti[LATIN SMALL LETTER E WITH DIAERESIS]sto ft. BT - Love Comes Again (Official V,NLE710480322
252,Loco in Acapulco,Four Tops,1988,https://www.youtube.com/watch?v=yMmBOhM0y2g,be098d83cd112ca2ae36d9d8e1ea415a0ee21d7a8b1eab024088f1b20936f4f9,The Four Tops - Loco in Acapulco (Audio),USAR18800003
253,APT.,ROSÉ,2024,https://www.youtube.com/watch?v=ekr2nIex040,e95ec4e176024105d00fb821241244d8761fe17ad9b7f8f0f675d21b93dd2802,ROSE[COMBINING ACUTE ACCENT] & Bruno Mars - APT. (Official Music Video),USAT22409172
254,Ouzo,Vincent Gross,2023,https://www.youtube.com/watch?v=0sC9nl8IsQU,2148ba4dc970f15198e440da319118367ab15e8d97dab17d8b8d6a17a523eff4,Vincent Gross - Ouzo - Germany [REGIONAL INDICATOR SYMBOL LETTER D][REGIONAL IND,CH7812354719
255,Co-Co,Sweet,1971,https://www.youtube.com/watch?v=RIPOYpavASA,243829a0e8e302c62e89ad7f993b1b14eebdb7ba13d6fda386c1da61e2fc8fd4,The Sweet - Co-Co - 1971,GBARL7100002
256,Doctor Jones,Aqua,1997,https://www.youtube.com/watch?v=-1jPUB7gRyg,63506a68f132ab6444767e967484fd7850d515b5c11f4620b261a903a6af4dfc,Aqua - Doctor Jones,DKBKA9700405
257,Hero,AFROJACK,2021,https://www.youtube.com/watch?v=cZSoOQ-7Cuc,1ca718713f1beb6691e70a6004ea7c8e74d05af5223de0d281afb33d27ccb5b6,Afrojack & David Guetta - Hero (Official Music Video),CYA222100011
258,Take on Me,a-ha,1984,https://www.youtube.com/watch?v=djV11Xbc914,603e92df34d63bb3f7bddb4530c94b7fc1202af97ca1380c8430efb46a9f5116,a-ha - Take On Me (Official Video) [Remastered in 4K],USWB19901214
259,Replay,Iyaz,2009,https://www.youtube.com/watch?v=IQmcufsWor4,9145a609a879316ca759fa06459716425ce26e53a40dca51623dc575e6b9998a,Iyaz - Replay (Official Video) I Throwback Thursday,USRE10901161
260,Goin' Home,The Osmonds,1973,https://www.youtube.com/watch?v=lYQgqV9hvXw,b8a8e5ffac7374c69cab00a1c602c1f590ed0251c684be86b044154733511766,the osmonds - Goin' Home,USPR37307332
261,Do You Love Me,The Contours,1962,https://www.youtube.com/watch?v=jagBlOJYux4,831c6c3067b910a64cf3b60e9e80162efe35b75c9ca53c3db3b8e2b0125fbd47,Red Star Performs  Do You Love Me?  by The Contours,GBLGL1236814
262,Don't Speak,No Doubt,1996,https://www.youtube.com/watch?v=TR3Vdo5etCQ,7e82335e4ef615e680a9949ceeef4775982185a5e91c8d9466e92c2e1ea02a0b,No Doubt - Don't Speak (Official 4K Music Video),USIR19500279
263,So Yesterday,Hilary Duff,2003,https://www.youtube.com/watch?v=lt6PVVr4B04,e9a8b5d0ee85672ebcbdb8d359f37b9926cc7e99831a97b34986f8a9766a244d,Hilary Duff - So Yesterday,USWD10321207
264,Candy Shop,50 Cent,2005,https://www.youtube.com/watch?v=SRcnnId15BA,ef646a00969ec014c52bfc530e54f13fa37b6cadf44ca74e2cbfb72f02c6c5f1,50 Cent - Candy Shop (Official Music Video) ft. Olivia,USIR10500072
265,Walk Like an Egyptian,The Bangles,1986,https://www.youtube.com/watch?v=Cv6tuzHUuuk,9dc7a75bae7d97d55c497c74291d1558c8afd86fa6d509618caece228cb92ac0,The Bangles - Walk Like an Egyptian (Official Video),USSM18500592
266,Because the Night,Cascada,2008,https://www.youtube.com/watch?v=8RUOxPIaDBQ,aaefde99086c0737678a254052783831506a43c3fab85bce3d47d4c9646b48dd,Cascada - Because The Night (Official Video),DEHK90780401
267,Beep,The Pussycat Dolls,2005,https://www.youtube.com/watch?v=1r9ghI7YcL0,a5bb607747b62774005dba8f1c686cadc2e01b38f96038fa0c87a627339a182b,The Pussycat Dolls - Beep (Official Music Video) ft. will.i.am,USUM70501898
268,I Ain't Worried,OneRepublic,2022,https://www.youtube.com/watch?v=mNEUkkoUoIA,d24fc1da26041631a44282eff724233b88e10f3fbf0592278f618b20a27d0312,OneRepublic - I Ain[RIGHT SINGLE QUOTATION MARK]t Worried (From [LEFT DOUBLE QUO,USUM72206227
269,Aquarius/Let The Sunshine In,The 5th Dimension,1969,https://www.youtube.com/watch?v=VlrQ-bOzpkQ,8c4aca1c2fa75912ab3f1edcd366036f740afee2664068a360f27937a4172343,The 5th Dimension - Aquarius / Let the Sunshine In (The Flesh Failures) (Audio),USAR10001747
270,Sacramento,Middle Of The Road,1971,https://www.youtube.com/watch?v=Jj5QnkvnKOM,119459a5fa946dbc05b270bd929d8d398ca1dd2f31341517f9a8befc40f33bab,Middle Of The Road - Sacramento (A Wonderful Town) (Single A-side 1971),ITB007100338
271,Yeah 3x,Chris Brown,2010,https://www.youtube.com/watch?v=3mC2ixOAivA,d095d745b4c6c70af3ce63f192a681f0bac23caabc80aa68d81901fc94c69d77,Chris Brown - Yeah 3x,USJI11000230
272,The Heat Is On,Glenn Frey,1984,https://www.youtube.com/watch?v=uZD8HKVKneI,aa731d4dba4b6f12346212e1397ebd0d8d368e5f1971c66513fd80866a0c938f,Glenn Frey - The Heat Is On (From  Beverly Hills Cop  Soundtrack),USMC18416576
273,Play That Funky Music,Wild Cherry,1976,https://www.youtube.com/watch?v=JTvlujbJ5vg,ccf4bd31ca00cdc9a5b8baac777c00d04baf06fb6ff0df9f0795ff3c17a4a3a5,Wild Cherry - Play That Funky Music (Audio),USSM17600016
274,Summer Breeze,The Isley Brothers,1972,https://www.youtube.com/watch?v=SGCaDB2hwRs,439f795c11633d0c30e75cb242816fcdadfed944e45d93d07a57856772adfcc4,The Isley Brothers - Summer Breeze_ Pts. 1 & 2 (Official Audio),USSM19802690
275,Freeze-Frame,The J. Geils Band,1981,https://www.youtube.com/watch?v=wHo43B6nu60,3320b727b23033edebce53a8f7ecc18ad815a80b0264666cc2013a576ae08b30,The J. Geils Band - Freeze Frame (Official Music Video),USEM38800164
276,Heroes - 2017 Remaster,David Bowie,1977,https://www.youtube.com/watch?v=lXgkuM2NhYI,8ad9ec4c977a40bcd1273af69837c9c9ca186fd9fcba6bd5a03240345682afd2,David Bowie - Heroes (Official Video),USJT11700005
277,The Way I Are,Timbaland,2007,https://www.youtube.com/watch?v=U5rLz5AZBIA,af55ccf86e7dd57cefb1b1f62afee0257eee23f64fe17cddfb14476529d5cb71,Timbaland - The Way I Are (Official Music Video) ft. Keri Hilson_ D.O.E._ Sebast,USUM70722806
278,Schöner fremder Mann,Connie Francis,1961,https://www.youtube.com/watch?v=8poMI_fCp6s,9435a3b882fcd66ab4420a2d45ed2a9e7cdfc1b603fc1b343985f1e27a27a735,Connie Francis - Sch[LATIN SMALL LETTER O WITH DIAERESIS]ner fremder Mann - 1961,USF096125110
279,I Want You to Want Me,Cheap Trick,1977,https://www.youtube.com/watch?v=xWDGv0L1HfI,7239f1f8b9b86c44f324b8d0fffc7a69d0cc6b8d487c72baf79e3ab861226238,I Want You to Want Me,USSM19802599
280,Best of My Love,The Emotions,1977,https://www.youtube.com/watch?v=7VDuTGJ_ZQI,b9d2aac65674bec2fc084732b5c37b9e94af4b75394c83b1acd810f3e97cc369,Eagles - The Best of My Love (Live 1977) (Official Video) [4K],USSM17700716
281,I Love Rock N Roll,The Arrows,1975,https://www.youtube.com/watch?v=8AT_Pbtyid0,338df5f8826eb22f01a433276b47ed9cbe6a27d1085f2487e6afd44e5d22f9df,Arrows_ I Love Rock N Roll_ Alan Merrill,uscgh0666710
282,Espresso,Sabrina Carpenter,2024,https://www.youtube.com/watch?v=eVli-tstM5E,33a44dc59c5faa7b075ebe714302c648249e164afe107fcba40c53124a3943b1,Sabrina Carpenter - Espresso (Official Video),USUM72403305
283,Midnight Sky,Miley Cyrus,2020,https://www.youtube.com/watch?v=aS1no1myeTM,54bde8cc1d453baca66830dc85071134260b713d5f037b074e1b45935f8b8d63,Miley Cyrus - Midnight Sky (Official Video),USRC12002653
284,Why Did You Do It?,Stretch,1975,https://www.youtube.com/watch?v=S2RtZ1Glzo4,444b2cd2891df5a8a0f2851e0e39da26680b300304979d70af6d7eff1e386a84,Why Did You Do It?,DED467500002
285,El Perdón,Nicky Jam & Enrique Iglesias,2015,https://www.youtube.com/watch?v=hXI8RQYC36Q,010c6e42a92b9d813686633160598d1cc3f2f8b2580eea3a4de2755f9167e57f,21. El Perd[LATIN SMALL LETTER O WITH ACUTE]n - Nicky Jam y Enrique Iglesias  (O,USSD11500005
286,Celebration,Kool & The Gang,1980,https://www.youtube.com/watch?v=3GwjfUFyY6M,365321221854c653056621b16001b1c123b168ff2e003791e971a1d7d69f0d1b,Kool & The Gang - Celebration,USPR38007190
287,More,Usher,2010,https://www.youtube.com/watch?v=r2sBIrhAQPY,5fb8bf5f09ee20a87b47f1967eccd9380fc9b1fd53728a95935a56c7ba14f2d4,Usher - More [Official Song] [HQ],USLF21000098
288,I Kiss Your Lips,Tokyo Ghetto Pussy,1995,https://www.youtube.com/watch?v=FmLCwkN2UtI,05d577ff9fbba5e92d920561deff4bf859a5ddeefc279ccb0457f7445f11f724,I Kiss Your Lips (Radio Edit),DEMW61000007
289,I'm Coming Out,Diana Ross,1980,https://www.youtube.com/watch?v=F-mjl63e0ms,ff7a44a47cf1f546045e228da53315a80877c4a4fb6128ab71404e7db8e91276,Diana Ross - I'm Coming Out,USMO18000073
290,9 bis 9,SIRA,2023,https://www.youtube.com/watch?v=EuRkDAcrH-w,3d2cbb08307e57f7e01c2d0009674e8984b37dc3bf017776fcf29015fbc1a5c4,SIRA_ badchieff_ Bausa - 9 bis 9 (prod. SIRA & southstar) (Official Video),DEKF22300419
291,Good 4 U,Olivia Rodrigo,2021,https://www.youtube.com/watch?v=gNi_6U5Pm_o,abe7471dcdfb0017898e0063f74521f2f34da12c47d887c315c57027dc3a668e,Olivia Rodrigo - good 4 u (Official Video),USUG12101245
292,Solo Para Ti,Alvaro Soler,2022,https://www.youtube.com/watch?v=5D_A4IBWSv4,6b14f9be61bb061479cfe0c42663dce19c780e726571a77c15897c7c2b5497c7,Alvaro Soler_ Topic - Solo Para Ti (Official Music Video),DEUM72201943
293,Gangnam Style,PSY,2012,https://www.youtube.com/watch?v=9bZkp7q19f0,da921df785b96494ca9d2ffbb658049907a8ab3b789864bfa8ea7391ab8fd8a2,PSY - GANGNAM STYLE([HANGUL SYLLABLE GANG][HANGUL SYLLABLE NAM][HANGUL SYLLABLE ,USUM71210283
294,Sun Is Shining,Axwell/Ingrosso,2015,https://www.youtube.com/watch?v=nbXgHAzUWB0,6b9c7916e049bdaaae5c39b9eb4c6e2c1767c8d9ab410ab87cdaf4fa16666b79,Axwell [GREEK CAPITAL LETTER LAMDA] Ingrosso - Sun Is Shining (Official Music Vi,USUG11500070
295,A Little Less Conversation,Elvis Presley,1968,https://www.youtube.com/watch?v=KThbNtVCFs4,bd3d944f2390f5da94d701e92a5643e87f80ebf9c0e37f3b0da950d76843bb72,Elvis Presley - A Little Less Conversation (Official Audio),USRC10200288
296,Oh Jonny,Jan Delay,2009,https://www.youtube.com/watch?v=3JG6yipKXVA,259ad92dacf4fcff9f1e0681d876493d7fa3ededaa861f00141ab651d5bf7059,Jan Delay - Klar (Official Video),DEUM70903106
297,Beach Baby,First Class,1974,https://www.youtube.com/watch?v=pvfIiJYMDF8,d4ac383666f48c4d6cdb9535aab3a388a3f1337b9c5309fd26996678101da2ed,First Class - Beach Baby (Part 1),GBCBU0910510
298,Rock Your Baby,George McCrae,1974,https://www.youtube.com/watch?v=tik-p-Fn9Ws,f1260216bfd0fc09e4aabefa6122a4532330fa9a28a0714a49b004015a503d36,George McCrae - Rock Your Baby (Amsterdam) [BULLET] TopPop,GBAYE7400155
299,Pump It Up!,Danzel,2004,https://www.youtube.com/watch?v=t-ILvwZrR5c,45ecb08fb0d53d75c57da6b5216b1b2cda0fd6387e412f7ecde99444974f90c8,Danzel- Pump It Up! (Radio Edit),BEN580300254
300,Twisting By The Pool,Dire Straits,1983,https://www.youtube.com/watch?v=PoiHWU4TcKQ,bf0b7d76d0e0cc97ec3b4e6611e5034d4bd1a84c6180c5fc2d8fed1b7a824ce3,Dire Straits - 1983 - Twisting By The Pool,GBF087900668
301,Wellerman - Sea Shanty,Nathan Evans,2021,https://www.youtube.com/watch?v=ErHFQ3r9K2Y,dbbf98d37dc9d5fc492cc0a47b1daca11014655d4bda1d185d9434b0e7ecf3b7,Sea Shanty - Wellerman (Official Music Video),GBUM72100297
302,American Woman,The Guess Who,1970,https://www.youtube.com/watch?v=3r_qd2yxIsM,0b1307070cb1b011b003d1aedaa45e324b24c8da8d90dfeabebb9c7e00558389,American Woman,USRC10001083
303,"Oh, Pretty Woman",Roy Orbison,1964,https://www.youtube.com/watch?v=ozrvHWkG5B8,db341719ce5496ec84ec294e54ecc36061467937badde405e9ff57e661683bd1,Roy Orbison - Oh_ Pretty Woman (1964),USSM16401425
304,Lay Your Love on Me,Racey,1978,https://www.youtube.com/watch?v=P4rmaIzIDSc,354e9edf84f54bead3e78c33bd30d9b57e5be7222c246b8c09c7975aed2ae862,Racey  -  Lay Your Love On Me (1978),GBAYE7800138
305,Rote Rosen,Freddy Breck,1973,https://www.youtube.com/watch?v=1xHjSWssks4,7e309161dfc6ac8043ce4a98fadba82aed8878f2d44d1cd5e189da98ca3165c1,Freddy Breck - Rote Rosen,DEA017300010
306,Daddy Cool,Boney M.,1976,https://www.youtube.com/watch?v=rYoALQp7BfY,a63610db855498cc19171f78fd020bd99bb3ed2400318a90331ca0f49b81f11d,Boney M. - Daddy Cool (Die aktuelle Schaubude 30.10.1976),DEC737600002
307,Get It On,T. Rex,1971,https://www.youtube.com/watch?v=-noFy_x7Yhg,0655403272281065918a960acb8124f21a26106154ddd04148a5f7fa2c1691bf,T. Rex - Bang A Gong (Get It On) (Official Vinyl Video),GBCHM7100038
308,Uptown Funk (feat. Bruno Mars),Mark Ronson,2014,https://www.youtube.com/watch?v=OPf0YbXqDm0,5c0280daae8820a2c73e043fe9912fd0d655dda4e25d54c1f0a67042742f2acd,Mark Ronson - Uptown Funk (Official Video) ft. Bruno Mars,GBARL1401524
1,Grown-Up Christmas List,Amy Grant,1992,https://www.youtube.com/watch?v=RmF2rsDHOZc,b535b4c1dc52d7a0561f6a25d92de75bff5e24c845c2ec30e8ecd146a6353a89,Amy Grant - Grown Up Christmas List (Official Music Video),USSP30765471
2,Where Are You Christmas,Faith Hill,2000,https://www.youtube.com/watch?v=P1qXL1cEgi4,e09e061ba6f180cf323677dca1d8422253fbc60f2f15650af5f7fadb4becf036,Where Are You Christmas (From  Dr. Seuss' How The Grinch Stole Christmas  Soundt,USIR10001309
3,White Christmas,Bing Crosby,1941,https://www.youtube.com/watch?v=LwT3LS1e9aY,d243f405ac2733fa003d3b22a12394d823fe16b3524fe5f6eccd0dcd6f193367,Bing Crosby - White Christmas (Official 1942 Music Video),USMC14203009
4,"Baby, It's Cold Outside",Margaret Whiting,1949,https://www.youtube.com/watch?v=EL77dGKen9M,2cca662d6a39f719e8b8eb981a0781368b2bd0c6f6d1c72aca02f6b739a41060,Johnny Mercer and Margaret Whiting - Baby_ It's Cold Outside [1949],USCA28900227
5,Fröhliche Weihnacht überall,Helene Fischer,2016,https://www.youtube.com/watch?v=FogVyl1Imnc,b2fdc96c0b835c359fc430c3f11cca22814a80f545bc6131447fd46e5262637a,Fröhliche Weihnacht überall,DEUM71503360
6,Someday At Christmas,Stevie Wonder,1966,https://www.youtube.com/watch?v=zvPb0DVveHU,3f7fe012628cf8a6ce632e7a0f96bc44455e1415516f0428921cba609d9be871,Someday At Christmas,USMO16782672
7,Winter Wunderland,Yvonne Catterfeld,2015,https://www.youtube.com/watch?v=heswtVIG7jQ,a140be4d09ecfb1d5b2fb4d3e5b5cbf83626df0f5a9ae32d391eb9614fde472e,Winter Wunderland,DEUM71503444
8,Schneemann,Peter Alexander,1978,https://www.youtube.com/watch?v=yKPQJciE6Tk,afedaeeee5e441df5968c1b7f1ed5e337543690e6229dfcd9da457e3a834a4b2,Schneemann,DEA817800157
9,Es ist Weihnachtstag,Reinhard Mey,1985,https://www.youtube.com/watch?v=vkIlILXmDI0,b23d745ffe8d11ef1a925876b5497cf5a7e9f19624d4e9dc6265a7758037f114,Reinhard Mey - Es ist Weihnachtstag,DEC648600019
10,Early Christmas Morning,Cyndi Lauper,1996,https://www.youtube.com/watch?v=6oUjW0AZXBg,d52eec997c7b0fac810ce440642a8abc87784197101752ee326302ca65ae5b3e,Early Christmas Morning,USSM19605347
11,Brief an den Weihnachtsmann,Peter Maffay,1978,https://www.youtube.com/watch?v=6OCFU6hocmw,25873e7508537fe888cc46d3da179b0b7f4b6d497a0ad52c1cd1c560327588d0,Brief an den Weihnachtsmann,DEA810700772
12,"Merry Christmas, Happy Holidays",*NSYNC,1998,https://www.youtube.com/watch?v=wKj92352UAE,55e402a2e4d52ca3d7c9fe4a5caa360690103e8a2613928230c3af6ed3f30190,*NSYNC - Merry Christmas_ Happy Holidays (Official HD Video),DEA819800761
13,O du fröhliche,Vicky Leandros,1977,https://www.youtube.com/watch?v=P5wgMedHTGk,b6edfe1e345b38d7982a51bf411af5cff4d2aca8f79b5947939369e6f380058d,Vicky Leandros - Oh; du Fröhliche,DEUM71203186
14,Merry Christmas,Ed Sheeran,2021,https://www.youtube.com/watch?v=Q_yuO8UNGmY,18a685d269cf8332a60cc270ef22fb76cf94eaa99f8e74aae57e6b747b248748,Ed Sheeran & Elton John - Merry Christmas [Official Video],GBAHS2101360
15,Und Frieden für die Welt,Marquess,2015,https://www.youtube.com/watch?v=3PuIsQ_fptk,04dc29bcb00ed3553490efba3a6543c21344c22bf7cbec66eade6cafeb462ed3,Und Frieden für die Welt,DEUM71503442
16,You Make It Feel Like Christmas (feat. Blake Shelton),Gwen Stefani,2017,https://www.youtube.com/watch?v=3ZT9_H4-hbM,092de3556744820f123ecb9e2da9323a25b39e643f699e13155c64a41ba30b12,Gwen Stefani - You Make It Feel Like Christmas ft. Blake Shelton,USUM71708114
17,Aba Heidschi Bumbeidschi,Marianne Rosenberg,1977,https://www.youtube.com/watch?v=iEJhFn0ehi0,04c9c8fc2883afcd345a550f2a02f1e13d255e18d32b0ab7132af3ecef5d22ea,Aba Heidschi Bumbeidschi,DEF077704550
18,The Message Is Love,Arthur Baker And The Backbeat Disciples,1989,https://www.youtube.com/watch?v=PNHBO1EHA3A,4a85a96845f22004cb211ea0afff82b11e5f595a5be69a9ca889b2c6ca232944,Arthur Baker & The Backbeat Disciples - The Message Is Love (LYRICS),USAM18900011
19,Wonderful Dream (Holidays Are Coming),Melanie Thornton,2001,https://www.youtube.com/watch?v=YiBoWNo6xDs,8b3f9d461f7a4adad4eb8aef63abbfaadd22cc533967d457a56848289f7e02a4,Melanie Thornton - Wonderful Dream (Holidays Are Coming),DEE860100979
20,In der Weihnachtsbäckerei,Rolf Zuckowski,1987,https://www.youtube.com/watch?v=FUMSbUlQ98s,edce560b492d65fb29582f3b33a5232fcad1721087a8531ccfd08f7965a38cb2,Rolf Zuckowski - In der Weihnachtsbäckerei 1,DEF068706200
21,That's Christmas to Me,Pentatonix,2014,https://www.youtube.com/watch?v=pFjdfjrtf1Q,9c6ae61989aa71e3c91bdec0028b2141f4a4b1aaf38733bcc8b66a2004b37386,Pentatonix - That's Christmas to Me (Official Video),USRC11402150
22,Happy Xmas (War Is Over) - Remastered 2010,John Lennon,1971,https://www.youtube.com/watch?v=2Hydkbk9Y6Y,80c727fa05beb109f8ec90b0b7be6e9c3f70e4724ad1a7e69b48448901065d45,Happy Xmas (War is Over) - John Lennon (1971) 45 Single Vinyl Rip (Merry Christm,GBAYE1000862
23,A Winter's Tale - 2011 Remaster,Queen,1995,https://www.youtube.com/watch?v=CjWQZBmJf6M,c78c1682e764104dd8f208ac55ff23bf5a0d5cdeb3d7c0719a2b4c6c9e3f3883,Queen - A Winter's Tale (Official Video),GBUM71104208
24,Cozy Little Christmas,Katy Perry,2018,https://www.youtube.com/watch?v=sg8Gk1iXEIs,aeaecff9c0c392e6c628903d54be40ceca4fad5cc040a16f8d9d950f1f9d0693,Katy Perry - Cozy Little Christmas,USUM71819190
25,Feliz Navidad,José Feliciano,1970,https://www.youtube.com/watch?v=N8NcQzMQN_U,49a9dab1985eb4c0c3dfabfc861986e2d108e9bd61c8e3a7ab6562e2baeb518c,José Feliciano - Feliz Navidad (Official Audio),USRC19305793
26,Let It Snow! Let It Snow! Let It Snow!,Vaughn Monroe,1945,https://www.youtube.com/watch?v=1GPE1Q3zqWU,6b91f20bf6492ee27df3d69daae2b14c6e698949893552605f23acd1f4c87576,1946 Vaughn Monroe - Let It Snow! Let It Snow! Let It Snow!,SEWDL0471312
27,"Santa, Can’t You Hear Me",Kelly Clarkson & Ariana Grande,2021,https://www.youtube.com/watch?v=G7461Gf60ug,53d4963cff70695ca49f801fd4ac36bff17f6aee964ba42cc116782505da20d7,Kelly Clarkson & Ariana Grande - Santa_ Can't You Hear Me (Official Audio),USAT22104760
28,Ich komm nach Haus (Wenn das Jahr zu Ende geht),Johannes Oerding,2019,https://www.youtube.com/watch?v=hpcah4o5AMo,be4f0c4255bf5a2e5a862acb4fb81726f24ceb14c31b13fdf42bf20e7eb4e2a5,Ich komm nach Haus (Wenn das Jahr zu Ende geht) (aus  Sing meinen Song - die Wei,DETO31900260
29,A Christmas Song,Shawn Phillips,1999,https://www.youtube.com/watch?v=sjoyxUwgAOY,3c3c2a5dac19ac37a16b71c0a8e374f3c78da63aa84b37af08c220f14d996874,A Christmas Song - Shawn Phillips,USAM10300325
30,Fairytale of New York (feat. Kirsty MacColl),The Pogues,1987,https://www.youtube.com/watch?v=j9jbdgZidu8,fb8cfc49ba7ef02b8b16fd8518071d1498b56d1ee865439f55e3fa6eefd667b0,The Pogues -  Fairytale Of New York (Official Video),GBAHT8703085
31,come out and play,Billie Eilish,2018,https://www.youtube.com/watch?v=xXFdnHiGwos,f64172da6fae96b9daed4e4e2e5190d8f892d38cc6814097f493c35576f674df,Billie Eilish - come out and play (Official Audio),USUM71818958
32,All I Want for Christmas Is You,Mariah Carey,1994,https://www.youtube.com/watch?v=yXQViqx6GMY,d6fd1ec7c166feb1e53bdb909573397073b50a9a4234ed541b7d8fd8862d879a,Mariah Carey - All I Want For Christmas Is You (Official Video),USSM19400325
33,Like It's Christmas,Jonas Brothers,2019,https://www.youtube.com/watch?v=tIyE3IrC7r0,9f75525ae20151f39cb603903a2ead780de563e2d98c9072ffec631603d7f084,Jonas Brothers - Like It's Christmas (Official Lyric Video),USUG11903894
34,The Little Drummer Boy,Harry Simeone Chorale,1958,https://www.youtube.com/watch?v=Kb4iIXzC554,88b1cca75a47f1250ecf27e1299f17677aadb3806761f5efc72d6bb748a298f8,The Little Drummer Boy (1965 Version) - Harry Simeone Chorale | Advent Lyric Vid,USMC16547440
35,The More You Give (The More You'll Have),Michael Bublé,2015,https://www.youtube.com/watch?v=NeUAw91QNac,b91bc15a1a3eb6a6b7d0c7d268350c7900a84e89cd4893e427b680a81a670ee9,Michael Bublè The More You Give (The More You'll Have) Lyrics,USRE11500564
36,Last Christmas,Wham!,1984,https://www.youtube.com/watch?v=E8gmARGvPlI,b992b258eda3b3933abbb3fb7ed874d273cfc869e299c3bde4565466109b4cd3,Wham! - Last Christmas (Official Video),GBBBM8400019
37,Underneath the Tree,Kelly Clarkson,2013,https://www.youtube.com/watch?v=EM2Fnp_qnE8,bef07812351a8d5a951fb5812e01b5db7a405f5962a6d406536ac0c3ccd1506c,Kelly Clarkson - Underneath the Tree (Official Video),GBCTA1300103
38,Wenn's Weihnachten ist,Costa Cordalis,1977,https://www.youtube.com/watch?v=mZfmR0NoHOo,3e4a18bba9e433d59d399ff2266958bc9f4a999f206592abe1f2aac1037cd6fe,Wenn's Weihnachten ist,DEE867700049
39,Driving Home for Christmas,Chris Rea,1987,https://www.youtube.com/watch?v=uSjq7x67kzM,08a6219033b18ba19aae88aa25542681e9b8c35e5ce81f4c4b51848f692fbd5b,Chris Rea - Driving Home For Christmas (Official Lyric Video),GBAHS1900389
40,Dear Santa,OneRepublic,2023,https://www.youtube.com/watch?v=lQs9L6QyyMk,722d50c83f643378481f33a850dd47c5f022dac2c60ba534c5bbf95c9319d8fc,OneRepublic - Dear Santa (Official Music Video),USUM72313745
41,Macarena Christmas,Los Del Rio,1996,https://www.youtube.com/watch?v=CMffYsGkzU4,373d0127aa850c9ffa95119244075900f5c867f728489bf3e9332f4530f67c52,Los Del Rio - Macarena Christmas (Joy Mix) (Video),ES5109600441
42,Christmas Time,Bryan Adams,1985,https://www.youtube.com/watch?v=amk7AiEI43I,a92ff1fc7c3e3a3af428f310a4b0e11ffa0daee63e3cf2e2ef0693881a40da6c,Bryan Adams - Christmas Time (Classic Version),USUMG9900538
43,Silberglocken läuten,Rex Gildo,1965,https://www.youtube.com/watch?v=T3fekSeWXeQ,ec1007e1ebdaf3c112989af5a7c72ed142015acbefa09afb3a296d9acfabb2e4,Silberglocken läuten,DEUM71801477
44,2000 Miles,Pretenders,1983,https://www.youtube.com/watch?v=AEyGZlBdkaA,9e54b5c775635f1c97747c459f69e67fe9652e17e25e268434fc9081bb81f959,Pretenders - 2000 Miles (Official Music Video) [HD Remaster],GBAHT0105532
45,All Alone on Christmas,Darlene Love,1992,https://www.youtube.com/watch?v=QbNFVSRET2c,ce3532495546780e2a87cdf2f07d93dd889b15e609fc8210dfe4d2a2ba73f983,Darlene Love - All Alone on Christmas (Official Audio),USAR19200209
46,Stop the Cavalry,Jona Lewie,1980,https://www.youtube.com/watch?v=lyQ0sD92V8s,ddf2ba1ac3cea253103d37afe2b6b0d70520d88567c73b4669908969e6fcede3,Jona Lewie - Stop the Cavalry - Audio.,GBUM71801446
47,I Saw Mommy Kissing Santa Claus,Jimmy Boyd,1952,https://www.youtube.com/watch?v=5ecVhkQzHXo,2fdd1a56589fa62a4ca1de135b8c121bb23102387ccf4056d214ced3dfc35480,I Saw Mommy Kissing Santa Claus - Jimmy Boyd - 1952,USSM15200457
48,The Prayer,Céline Dion,1998,https://www.youtube.com/watch?v=qt_OkgSOrkU,b26b53ddc434da19ea55e4b3cc2c61c9da894e98a67b52097adbad8382350afa,Andrea Bocelli_ Céline Dion - The Prayer (Live a,CAC229800215
49,Rockin' Around the Christmas Tree,Brenda Lee,1958,https://www.youtube.com/watch?v=NsLFXmMxNxY,4da562dc9f21d424eefd19a9a664fd3a2b254fcf63eda60f4c0c37b31ffad3f8,Rockin' Around the Christmas Tree (Remastered),USA561434914
50,Have Yourself A Merry Little Christmas,Judy Garland,1944,https://www.youtube.com/watch?v=_H-q5xLcX7k,d407116fe6a0991b84113eb34487bf5f69aa6383d98767295f4526a6caef15d7,[CHRISTMAS TREE]'Have Yourself A Merry Little Christmas' by Judy Garland 1944,USMC14447439
51,Please Come Home For Christmas,Charles Brown,1960,https://www.youtube.com/watch?v=AmWu1ZHH2zI,79980b4bc615899e0d9e03463edad713a11b6f51bef4df331551399c920a9e71,Charles Brown - Please Come Home For Christmas View 1080 HD,USACU0500307
52,Jingle Bells,Frank Sinatra,1948,https://www.youtube.com/watch?v=swMikcy3e-k,8f97f7afff0ba63f9e9c53199f3042e04cec5b89c2a889f52bfc656f3dd0f45e,Jingle Bells (From 'A Jolly Christmas from Frank Sinatra'; 1957),USCA29900545
53,Christmas In Hollis,Run–D.M.C.,1987,https://www.youtube.com/watch?v=OR07r0ZMFb8,9b0b08cb8f8645997ba88339ac8744fff11048eadd5262ee2134d99c58d385b3,RUN DMC - Christmas In Hollis (Official HD Video),USAR10001682
54,Weihnachtsmann vom Dach,Die Roten Rosen,1998,https://www.youtube.com/watch?v=FmtPWqZQPxw,ff10ab0e8236352fe8d8e3addfb44d6aea158d3e618bd47896ee27a0d0f579d1,Die Roten Rosen - Weihnachtsmann vom Dach,DEF240712406
55,A Holly Jolly Christmas,Burl Ives,1964,https://www.youtube.com/watch?v=e_AMTbO50vU,ebdf929753bf0f1e5e841c8b2dde9cd489b4acf6dab94b35af3c3230d2b29758,Burl Ives - A Holly Jolly Christmas (Official Video),USMC16414508
56,I Wish It Could Be Christmas Everyday,Wizzard,1973,https://www.youtube.com/watch?v=IJPc7esgvsA,6756765408c67c347665018dabefecd3eaeda275c72fdf29baf7d6122c16bba1,Wizzard - I Wish It Could Be Christmas Everyday (Official Music Video) [HD],GBAYE7300088
57,Das muss wohl der Winter sein (Giraffenaffensong),Glasperlenspiel,2015,https://www.youtube.com/watch?v=HHMaSh-CrZg,1fd8b7ba4531075e7c121464000f38fbd74bd3226267759ea0825abddf53cf26,Glasperlenspiel_ Giraffenaffen - Das muss wohl der Winter sein (Official Video),DEUM71503429
58,Weihnachten zu zweit,Linda Hesse,2021,https://www.youtube.com/watch?v=-shksO5SgKA,3536923c4406d6b49bf7eeabeb318c4296e88e6a2e4b8568d1e222b8f8b2c382,Linda Hesse - Weihnachten zu zweit 2021,DEZC62137900
59,Honky Tonk Christmas,Alan Jackson,1993,https://www.youtube.com/watch?v=hAB39VnoeG0,05396d2bfbbedf94c6500c0dc2cd49b694d48c97bd1acdf449614ec7ad1ef457,Alan Jackson - Honky Tonk Christmas (Official Lyric Video),USAN29300025
60,Ich Steh An Deiner Krippe Hier,Nana Mouskouri,1989,https://www.youtube.com/watch?v=Jf2_VeK9AXA,8ef9e7539c07d48748dd06533954e1b5e3501a1834eb4b033b5782879e429cc7,Ich Steh An Deiner Krippe Hier,FRUM77600053
61,One Wish (For Christmas),Whitney Houston,2003,https://www.youtube.com/watch?v=nlHI7wVw4Kc,5b99ef017df4574b8b3cb0644c03d0a76c53d358643af6f8d999e02f927aad8c,Whitney Houston - One Wish (For Christmas) (Official Video),USAR10301187
62,This Christmas,Donny Hathaway,1970,https://www.youtube.com/watch?v=PhKVSZsRxQM,52110551d7b39cac3347dec35cb80de52b6b4d7fac808bdd4ce3a7f4ac59065a,Donny Hathaway - This Christmas (Official Music Video),USAT20180585
63,Turaluraluralu - Ich mach Bubu was machst du,Trio,1983,https://www.youtube.com/watch?v=RKhf6cEAuZU,1ba9bf94cf2145dc33d386dad06996b69882c031048a592b71807f1d2368735d,Turaluraluralu - Ich mach Bubu was machst du,DEF078303640
64,"Ach, bittrer Winter",Noah-Levi,2023,https://www.youtube.com/watch?v=cLNosdpD9UQ,325ee0713c0ffedf71d5468b45d02f3261d533d0d0af80b89941bb1c279b754f,Ach; bittrer Winter,DEUM71503431
65,God Only Knows,The Beach Boys,1966,https://www.youtube.com/watch?v=NADx3-qRxek,a070408f464b5c96e9481a7377423836b63e0dc646a54f776e4c1e62b09c10e8,The Beach Boys - God Only Knows (Official Music Video),USCA21201937
66,It May Be Winter Outside (But in My Heart It's Spring),Felice Taylor,1966,https://www.youtube.com/watch?v=XJGmJib9Lm0,b043732fae7a2e05dd99de00cfda66c7f3c078b221c608d095782933caa3fea4,It May Be Winter Outside (But in My Heart It's Spring),USBT21601592
67,This One's for the Children,New Kids On The Block,1989,https://www.youtube.com/watch?v=xtSbedMeF6s,2cae9473700e9932269720ece89d847a635e8a20621de2ae38f97dee8e273412,New Kids On The Block - This One's for the Children (Official Video),USSM18900402
68,Wünsche und Gedanken,Roy Black,1997,https://www.youtube.com/watch?v=caKMOuPhouc,b1a7bce09895eeb366b1617ae8720cb52580e1cbe78fca9826dfe9337730d0a3,Wünsche und Gedanken,DEF066806710
69,Gedanken zur Weihnacht,Tommy Steiner,1984,https://www.youtube.com/watch?v=9sEPB2a22aY,3557fbeb049cdc64c7835bfd5fe92178bf9fd823b2a4ea832a4c1a342639769d,Gedanken zur Weihnacht,DEF068402330
70,Wonderland,Heidi Klum,2006,hhttps://www.youtube.com/watch?v=ouMILavuhSw,62059341ab6ffe0e6a08d1d9b744c961ed1b26374780040db4b155a34189cdcb,Wonderland,DEA622101151
71,Still still still,Unheilig,2009,https://www.youtube.com/watch?v=FGtFkyGW2B0,951344e8e1853af10c4309c3d4110429ef85c18293722172da04ac12923762ae,Still still still,DECE70900077
72,It's the Most Wonderful Time of the Year,Andy Williams,1963,https://www.youtube.com/watch?v=cbZTfrhcamA,52c476dd9a8da7f61b984aab87e3d0069a5f45da5174b9bc08f9c7362ce5bd09,Andy Williams - It's the Most Wonderful Time of the Year (Official Music Video),USSM16300086
73,Herr Winter stammt vom Kaukasus,In Extremo,2020,https://www.youtube.com/watch?v=aU_kUQOL23I,a8d0065c25b8a6dc61c9e15f05f5de08bc1d2a9661e2ac80eb1cb0284695bbc1,In Extremo - Herr Winter Stammt Vom Kaukasus,DEQR41300091
74,Stay Another Day,East 17,1994,https://www.youtube.com/watch?v=-wNhdjoF-6M,3b342ea40510fa66ad9e3a4037f23bf394f98cce54aa3f4b6dc978feb1e6f9a7,East 17 - Stay Another Day (Official Video),GBANP9400042
75,Wo bitte gibt's denn hier noch 'nen Weihnachtsbaum,Howard Carpendale,2001,https://www.youtube.com/watch?v=8V8snnbVq3c,7d86c76f51dd7c14ec331c322a28d18a2aa572e8e8d3566d60cbfcaecfb77cbb,Wo bitte gibt's denn hier noch 'nen Weihnachtsbaum,DEN120104122
76,All I Need Is Love (feat. Disney's the Muppets),CeeLo Green,2012,https://www.youtube.com/watch?v=yM-ZA_w6zVM,79969d76182d63806f530ee209ef53ee9922ac7500c6ea895ee2a69813819600,CeeLo Green - All I Need Is Love (feat. Disney's the Muppets),USAT21205339
77,"It's Gonna Be a Cold, Cold Christmas",Dana,1975,https://www.youtube.com/watch?v=9vMR3bt3ibg,cfcf2d9d93f001bfad8a569451dcdccea74ac85d362e8bf6f4fc5e26c7bc14c0,Dana - It's gonna be a cold cold christmas,GBBBM7500008
78,Why Couldn't It Be Christmas Everyday?,Bianca Ryan,2006,https://www.youtube.com/watch?v=xuxUiR9a5Tc,70f28c90fdc148e923bbb5bbb7c46eb89ea789c1c31ace42aeff6c877494cdf6,Bianca Ryan - Why Couldn't It Be Christmas Everyday? (Video),USSM10606327
79,I'll Be Home,Meghan Trainor,2014,https://www.youtube.com/watch?v=2P8RU_dHyi4,31354664feaefe93c0d7f8c96dd1896ce19418b96ece62d53ca3557405e4d2ef,Meghan Trainor - I'll Be Home (Audio),USSM11408623
80,One More Happy Christmas,The Kelly Family,1995,https://www.youtube.com/watch?v=EzC9jqkV71o,846bf6d8be902c0406606f5457473764bcea31b77f351f84e0f156c66c5e01ac,01 One More Happy Christmas,DEC649400078
81,Der kleine Trommler,Wincent Weiss,2015,https://www.youtube.com/watch?v=ks_z1YcWt8I,d3fb76b126c57834d5b339ba8cad3f0bbb5c2c6f5310d60496882e0c92083d73,Wincent Weiss   Der kleine Trommler,DEUM71503433
82,Santa Claus Is Coming To Town,The Jackson 5,1970,https://www.youtube.com/watch?v=HhiUOCo8LYQ,011e532c815387c6c45d9a449b8fd9f937be8c129e8d3c7dbf809f89f5b9ca3f,Jackson 5 - Santa Claus Is Coming To Town (Official Video),USMO17082641
83,Christmas Time (Don't Let the Bells End),The Darkness,2003,https://www.youtube.com/watch?v=lrVg1toMzuo,888760641cf466a5db48a8869f4a29a1c6ee7447f060019b647f288bdf4efd8f,The Darkness - Christmas Time (Don't Let the Bells End) (Official Music Video) [,GBAHS0300863
84,Ich Glou'an Den Weihnachtsmann,Wencke Myhre,1996,https://www.youtube.com/watch?v=RhuH3yQMCLE,5c35c416fe1b666f59c7fd7edcaaf69ae5db5fe45083bc3e32216dd30660ec27,Ich glaub' an den Weihnachtsmann - Wencke Myhre & Gunter Gabriel,FR2X41570072
85,Winter Wonderland,Tony Bennett,1968,https://www.youtube.com/watch?v=lD1fa8KJHdY,fab514d319eceae20d347445491f587b1616841cf328a67f61270402a10dd902,Tony Bennett - Winter Wonderland (Official Audio),USSM19400327
86,Do They Know It's Christmas?,Band Aid,1984,https://www.youtube.com/watch?v=RH-xd5bPKTA,6821484e9d53461f170c756a80851fe879fb8eed494d63ec2ea8e3c37417d561,Band Aid - Do They Know It's Christmas? (Official Video) [4K],GBF088400001
87,Thank God It's Christmas,Queen,1984,https://www.youtube.com/watch?v=qw2TD91Nytg,f19af1644263478f930a8c438682f4b4a53d10de3f05e1ba5928ed4e90b6573d,Queen - Thank God It's Christmas (Official Lyric Video),GBCEG8400019
88,Frosty the Snowman,Gene Autry & The Cass County Boys,1950,https://www.youtube.com/watch?v=5Pl2k-K4ehs,48d613661a6cc78f648a87e9964cad3427584b9cb75924d20e9b72a19d340de8,Frosty the Snowman (78rpm Version),USSM10309766
89,Weihnachten bin ich daheim,Patrick Lindner,2003,https://www.youtube.com/watch?v=Z2n8IOhn2W4,aa72f5dfb4c3eeb69deb24228e0abb7a9c0b9998ecfc06bb52ef2eba0254dcc0,Weihnachten bin ich daheim,DEA810000907
90,Santa Looked A Lot Like Daddy (Daddy Looked A Lot Like Him),Buck Owens,1965,https://www.youtube.com/watch?v=30TMOR5hv1w,14dfd1fb007e048047805532c19113c4d07b3a7804c742524ea299ff06f10344,Santa Looked A Lot Like Daddy (Daddy Looked A Lot Like Him),USCRB1511488
91,Christmas In Jamaica (feat. Shaggy),Toni Braxton,2001,https://www.youtube.com/watch?v=6CzEfB3zxFM,994c0f39055fcf9f570091de53b07000da084cec997066b59594f7580409cba1,Christmas In Jamaica,USAR10100650
92,Christmas Without You,Ava Max,2020,https://www.youtube.com/watch?v=5W6Is98o510,1dd9bc95c630320584ed2bd729333a055dababa21a94871938b4e5c7788e865f,Ava Max - Christmas Without You (Official Video),USAT22006602
93,The Christmas Song (Merry Christmas To You),Nat King Cole Trio,1946,https://www.youtube.com/watch?v=OOCbTXQzkKY,63491b76cad2dd6118bb48f0112cb860146fba99be07dc2635dbec7a85b4dd38,THE CHRISTMAS SONG (Merry Christmas To You) ~ THE KING COLE TRIO,USCA24600062
94,Santa Tell Me,Ariana Grande,2013,https://www.youtube.com/watch?v=nlR0MkrRklg,ca83e4f067d2ce366da4b3648afbd0ba748df4b4623102d7f755ca930fd37fe7,Ariana Grande - Santa Tell Me (Official Video),USUM71417401
95,Erwin der dicke Schneemann (Rudolph The Rednosed Reindeer),Truck Stop,2015,https://www.youtube.com/watch?v=DFSaifvuLZ8,c95766450ad6ff37d262c9990f33c9d8523334ff90c4631682bceeba0ff5c8d4,Truckstop - Erwin; der dicke Schneemann 2017,DETT81500169
96,Christmas Tree Farm,Taylor Swift,2019,https://www.youtube.com/watch?v=mN3rDTAdM2o,cd9a7726f4832289a7da09efbfc1cc37df15e9c51d1d50acd7fbbe7e5190ee92,Taylor Swift - Christmas Tree Farm,USUG11904285
97,Mistletoe,Justin Bieber,2011,https://www.youtube.com/watch?v=LUjn3RpkcKY,abda1722061d471cc2ee869ed9de8965e890ea67816341c12b90adc380585225,Justin Bieber - Mistletoe (Official Music Video),USUM71116290
98,8 Days of Christmas,Destiny's Child,2000,https://www.youtube.com/watch?v=Ha59LAoJ51c,14069f0ad26e494d32423130be510571b967ae6e059bfdfd076687043fa5be9b,Destiny's Child - 8 Days of Christmas,USSM10016220
99,My Christmas Card to You,The Partridge Family,1971,https://www.youtube.com/watch?v=lJMDac5jL8w,e47dbd41d8d4195e6e00853d6f2ea443508e69ab4670e442d42cdceef691f856,The Partridge Family - My Christmas Card to You,USAR17100101
100,One I've Been Missing,Little Mix,2019,https://www.youtube.com/watch?v=HN6GHQroP1I,c5784a9fc7d3a81911eb7842bebb655d70c13e862b5a39ef29a11f8e78a186c9,Little Mix - One I've Been Missing (Official Video),GBHMU1900120
101,Merry Xmas Everybody,Slade,1973,https://www.youtube.com/watch?v=WM7M7zSMJcw,3dab80a9ef8f2403e7f089fa54082302bb05839c37d7d8454542d4f787db59d9,Slade - Merry Xmas Everybody (Official Top Of The Pops Video),GBAKW7301006
102,All I Want for Christmas Is a Real Good Tan,Kenny Chesney,2003,https://www.youtube.com/watch?v=JPiFEBtH440,1d21ae7c60ee68dec0f07e1a8cd373da6c1cf0ee2aa9a26c7e5cf37f3807c4ac,All I Want for Christmas Is a Real Good Tan by  Kenny Chesney - New Country; Hol,USBN10300028
103,Weihnachtszeit,Bürger Lars Dietrich,2020,https://www.youtube.com/watch?v=U9TEcO5O91o,61799a0983a1737e33f0cbc197df8ef0d36dc9aa086d8c70be3199c8e76daafe,Breyn - Weihnachtszeit (Official Musicvideo),DEUM71906774
104,Shake Up Christmas,Train,2009,https://www.youtube.com/watch?v=J-8VCL4uSUc,f8d78634502db668cf86d95da24b76d1ddce2646c6c5a85d2520e04f66e8906c,Train - Shake Up Christmas (Official Video),USSM11003859
105,Christmas Through Your Eyes,Gloria Estefan,1993,https://www.youtube.com/watch?v=jD2ox8PkfG8,11cd7c235a57e28452c94aaa7cce96cf41257c76f171f143a1e4d38314626abd,Gloria Estefan - This Christmas,USSM19303181
106,Hard Candy Christmas,Dolly Parton,1982,https://www.youtube.com/watch?v=GOzi-gD7-ts,ff7b09cadbb9b9e7e072dbbb3260a0d0833a33cf74dce6d0520821a8a08d5f49,Dolly Parton - Hard Candy Christmas (Official Audio),USRN18200001
107,I Met an Angel (on Christmas Day),Céline Dion,1998,https://www.youtube.com/watch?v=S72guOSX2uA,3a8512f700841fa5630795f74ed3c95dd774c307ffa6d155822895850a9eccf9,Céline Dion - I Met an Angel (on Christmas Day) ,CAC229900095
108,Christmas Lights,Coldplay,2010,https://www.youtube.com/watch?v=z1rYmzQ8C9Q,192600e23e7a031c3f6d9516c4fcad362fb258ed002f3ed49b3ae3c5bad00376,Coldplay - Christmas Lights (Official Video),GBAYE1001401
109,I Wish Everyday Could Be Like Christmas,J.Bon Jovi,1992,https://www.youtube.com/watch?v=gqkImH2h4EU,e1ba61b2ffa2f1121436a4afd289842371584931cbf988e06f2f993031e3d837,Bon Jovi - I Wish Everyday Could Be Like Christmas (Official Video),QMVRR1100735
110,Here Comes Santa Claus (Right Down Santa Claus Lane),Gene Autry,1947,https://www.youtube.com/watch?v=AqiiEN8qdCg,0890b3e238e939296df439564a169d05637bf9bda42e459351b3ca3d355f2300,Here Comes Santa Claus (Right Down Santa Claus Lane) [SPARKLING HEART] GENE AUTR,USSM10309760
111,Petersburger Schlittenfahrt,James Last,1966,https://www.youtube.com/watch?v=Ioxuu9JLkaI,d98e1cfba4678910209b1b22b4963ef207d60821da6b62650cb874e806d0a768,James Last - Petersburger Schlittenfahrt,DEF066625140
112,Sleigh Ride,The Ronettes,1963,https://www.youtube.com/watch?v=DkXIJe8CaIc,6bb190350e92f541e7b245d32c646ea81ad24305fee29f23de6a6d2942bd9469,The Ronettes - Sleigh Ride (Official Music Video),USSM10905166
113,Letzte Weihnacht,Vanessa Mai,2017,https://www.youtube.com/watch?v=nMXH0Rl-0pE,b0cea5e6b835e0c0a95f87d1cae63fe61358bb12876964516ca4cfce6b177a37,Vanessa Mai - Letzte Weihnacht (Audio),DEA811701050
114,Step Into Christmas,Elton John,1973,https://www.youtube.com/watch?v=IbRtGMm96F8,ba0168df9c02e241e9e9921f5558fdc9243c90928b20acd0d86aa9083e138cba,Elton John - Step Into Christmas,GBUM71702496
115,Süßer die Glocken nie klingen,Alexa Feser,2015,https://www.youtube.com/watch?v=HLicBKsDg3M,7e132083d1cc617e3bbf2cecce49cabc83d5844f909bef3d216df6b801026019,Süßer die Glocken,DEUM71503441
116,Christmas (Baby Please Come Home),Darlene Love,1963,https://www.youtube.com/watch?v=vf4ZXBzbAio,d9a3f9fe1be5804b445c7229f8ef9bfdaceca48ad455dbfa3772d9c7fe58428c,Darlene Love - Christmas (Baby Please Come Home) (Official Music Video),USSM10905172
117,Ich hab den Weihnachtsmann gesehen,Stefanie Hertel,2008,https://www.youtube.com/watch?v=kqvO88_ClXo,830aabdc97fc22dcfa52598993f8134d9c15078f2121dacc48f6198f4eac0ae4,Ich hab den Weihnachtsmann gesehen,DEF459001315
118,Mistletoe and Wine,Cliff Richard,1988,https://www.youtube.com/watch?v=rZCEBibnRM8,af1b2c766628440cf994cdee69dae5f81cb17affbcbb8926eda866622e88c1ed,Cliff Richard - Mistletoe and Wine (Official Music Video) [HD],GBAYE8800240
119,We Need a Little Christmas,Johnny Mathis,1986,https://www.youtube.com/watch?v=ofCR5Pny2S4,938d7283719c22f774936ef358d7720dbfc726b7779b5f16bf449d9e34de0450,Johnny Mathis - We Need a Little Christmas (Official Audio),USSM19914592
120,Einsam unter weißen Zweigen,Heino,1986,https://www.youtube.com/watch?v=b8r1qQxnp8M,96750430a10af2df230e50c98c23715d2be01d0e4d2653bee4ed59bd5426ab26,Einsam unter weißen Zweigen,DEA340900837
121,Christmas Nite,RuPaul,1997,hhttps://www.youtube.com/watch?v=TsW-TOf75Uw,c57443156a39b420890b1e86ff04867b951e289dafbbd77912ba0bb12dbf4954,RuPaul - Christmas Nite,USTB12300186
122,A Winter's Tale,David Essex,1982,https://www.youtube.com/watch?v=J3c18V3ChIs,e92708bf07ee6d5cb5a0c3c34e726dbdb3a1d19da69d9af8b506b7f0949d793e,David Essex - A Winter's Tale (Video),GBF088200870
123,Lonely This Christmas,Mud,1974,https://www.youtube.com/watch?v=NJ6kJ7GWtv0,671928ebc70837e12aa5e626340a11764b9605a09c593cbd79da804045e4860e,Mud - Lonely This Christmas (Official Video),GBAYE7400041
124,Christmas Is Just Around The Corner,Barry Manilow,2008,https://www.youtube.com/watch?v=SeboLv8CwfE,696e7dd0f903e5dafa6c4c3eaad7ed6f8ca4934e5a7882559260fe23624df57f,Christmas Is Just Around The Corner (From  Cranberry Christmas ),USAR10800544
125,Santa Claus Lane,Hilary Duff,2002,https://www.youtube.com/watch?v=p1M6CjKzpi4,c590b1468ab899211819a2d203006b6b830e283b09d3fc7270780f58fae315fe,Santa Claus Lane,USWD10220494
126,"Mary, Did You Know?",Michael English,1991,https://www.youtube.com/watch?v=djEIZOiIzUY,55c719b9711c4528e3b10c4990d1a6af00507c01e6ca385590a12a1fa83ec990,Mary; Did You Know?,USCRB0000568
127,It's Beginning to Look a Lot Like Christmas,Perry Como & The Fontane Sisters,1951,https://www.youtube.com/watch?v=SnunPV-XTbA,f697ef5117743cb026ba069d230472496b6bf4c4c5cc00a8a9cf12a35e16e9db,Perry Como; The Fontane Sisters - It's Beginning to Look a Lot Like Christmas (O,USRC15106173
128,Blue Christmas,Elvis Presley,1957,https://www.youtube.com/watch?v=3KK6sMo8NBY,cab67c27309d32ce702ee377eb2702b79153fabcf4362c7c4e75a044b08a80bb,Elvis Presley_ Martina McBride - Blue Christmas (Official HD Video),USRC15701155
129,Every Day's Like Christmas,Kylie Minogue,2015,https://www.youtube.com/watch?v=f37t3m7W-NA,98ca6633bf839bbb9ccb0de9fd681fce2d1360d791844a71bcdeea26c134d6b3,Kylie Minogue - Every Day's Like Christmas (Official Video),GBAYE1500945
130,A Spaceman Came Travelling,Chris de Burgh,1975,https://www.youtube.com/watch?v=rcIbrKU-LEU,b961c9ca061aa73e62cfe90a915fc8d976ddc2090b699bd96dcce047a9589a7c,Chris De Burgh - A Spaceman Came Travelling (1976),GBAAM7500003
131,My Only Wish (This Year),Britney Spears,2000,https://www.youtube.com/watch?v=_MzumcY3lpk,247b202ea02755d6b1e5dcc735bc2f96bad63ec5676e43660e1edd403c6a9ef4,Britney Spears - My Only Wish (This Year) (Official Audio),USJI10000522
132,Santa Baby,Eartha Kitt & Henri René and His Orchestra,1953,https://www.youtube.com/watch?v=Mk_GmhD053E,2d3d8066b49ea5a9d4a870244bdc927fe15fcd14c8f49da3fde175a97389d3f6,Eartha Kitt - Santa Baby (Official Audio),USBB10101085
133,Snowman,Sia,2017,https://www.youtube.com/watch?v=J_QGZspO4gg,c760ac5b8b2ac0f28f25f7366412002b6a331b9d52f423a5ad56e7e82dfc4d70,Sia - Snowman,USAT21704212
134,... Denn es ist Weihnachtszeit,Margot Eskens,1956,https://www.youtube.com/watch?v=yRzyRlE62Zs,273dac37397fc20703862caa0ec243753d0f435737bf0531775a30aec685d24c,... Denn es ist Weihnachtszeit,QMBZ91499936
135,Run Rudolph Run,Chuck Berry,1958,https://www.youtube.com/watch?v=AaOHIA0AUKE,dd47c1694bfc70421879bfa95f0b4758767ca52b94a195d5f4f4ada4530ed45b,Chuck Berry - Run Rudolph Run,USMC15819663
136,"Jingle Bells, Schlittenfahrt im Schnee",Mark Forster,2023,https://www.youtube.com/watch?v=kqfE9Qb-rrk,07310f4ec4d49c1ceed8f31cb3db9ad2b54e10c17ebd960cda45280f6ae6e22a,Jingle Bells; Schlittenfahrt im Schnee,DEUM71503430
137,Weihnacht zuhause,Nicole,1984,https://www.youtube.com/watch?v=Y4c3KbiE-Co,a37c4042c964786e056613a174cec26de00888021099d57aca27346aa67f2f8d,Weihnacht zuhause,DEC718400010
138,Mary's Boy Child / Oh My Lord,Boney M.,1978,https://www.youtube.com/watch?v=tt41XWNua2Q,10ac0f574203f299a4a6f9ac73117f3871c09ade7a7416b6eceda6fb5eb020b8,Boney M. - Christmas-Mega-Mix (Hitparade 17.12.92),DED167800014
139,"Ach Papi, geh' doch heuer nicht auf die Weihnachtsfeier",Udo Jürgens,2003,https://www.youtube.com/watch?v=VzYUsl1apiA,b48b10da7ab0d15c3d3cff0025d8496caa0a17dc089f94019a29edd520844870,Ach Papi_ geh doch heuer nicht auf die Weihnachtsfeier (Es werde Licht: Meine Wi,DEA810300566
140,Weihnachtswunderhaus,Ross Antony,2016,https://www.youtube.com/watch?v=SOj7c0vQzGw,f3e0942658b511f0d520cf953a672fa0f8b831b8454da9b008a4abd5edfda7cc,Ross Antony - Weihnachtswunderhaus (Trailer),DEQS91600985
141,A Nonsense Christmas,Sabrina Carpenter,2022,https://www.youtube.com/watch?v=YcSP1ZUf1eQ,95ae2d6989208651fa87633b95a914706095c5e3683f136debd75ba07f046c97,Sabrina Carpenter - Nonsense (Official Video),USUM72222808
142,What Christmas Means To Me,Stevie Wonder,1967,https://www.youtube.com/watch?v=t1SqrqVMIEE,129c1a545de5bf52dcacb2b4c923879b33ae77b9acf7b964a9acc81ceb88c215,Stevie Wonder  - What Christmas Means To Me (Tamla T54214F) 1967,USMO16782670
143,"Rudolf, das kleine Rentier",Namika,2015,https://www.youtube.com/watch?v=WpHGBN7WCjI,16d7f04ce4dd3d485cd51b11fca1f6e55c77e25324e451c0631ce080599ddc62,Die Dorfrocker[DEER] Rudolf_ das kleine Rentier (2017) [BLACK RIGHTWARDS ARROW] ,DEUM71503438
144,O Tannenbaum,Heintje,1968,https://www.youtube.com/watch?v=z3AxB7C14oY,9d6b33839481b74df04840906bc3be3362b6634f7942abf6b31e7dc4ed8ad577,O Tannenbaum,NLA241701088
145,Sankt Niklas war ein Seemann,Freddy Quinn,1972,https://www.youtube.com/watch?v=kXFForipn94,1152ecda1dff09e745ce8da68a64ee795e6c6a9f368110c6b957e7faad4e5530,Sankt Niklas war ein Seemann,DEF067208430
146,Weihnachtssong,Sido,2003,https://www.youtube.com/watch?v=kFAR3Obvs_8,4ac627f45ceccfae4c86394707e1349cd06966fab063657fb9ab1744474f195b,SIDO - WeihnachtsSong,DEQ020501502
147,Wonderful Christmastime,Paul McCartney,1979,https://www.youtube.com/watch?v=94Ye-3C1FC8,44a3a3078580d8269a1f7ca21e80c57cdbad17195b167e4d270f54bb67e2cdf3,Paul McCartney - Wonderful Christmastime,GBCCS1400242
148,I'll Be Home For Christmas,Bing Crosby,1943,https://www.youtube.com/watch?v=UlCy_ZDK_k0,766c07a61357a763494ae52523b72dc68a972d21e5738318469b352c8f47f8cb,Bing Crosby - I'll Be Home For Christmas (Official Music Video),USMC14303203
149,All You Need Is Love,The Beatles,1967,https://www.youtube.com/watch?v=476Fd-5zFR8,6f532943c118aa6ca53cfa5811214c9473271626e6b08fb1d736695b596b2bd6,The Beatles - All You Need Is Love,GBAYE9901228
150,Jingle Bell Rock,Bobby Helms,1957,https://www.youtube.com/watch?v=ZnDmmiiFSUU,0e1961a25b17d3a82bf41d6751c6fe0822c1f37c36abc0e47f0fefa1216f202f,Bobby Helms - Jingle Bell Rock (Official Video),USMC15746480
151,Merry Christmas Everyone,Shakin' Stevens,1985,https://www.youtube.com/watch?v=N-PyWfVkjZc,b3f23c5231fbe070defd9ef605b9407bf51e0c8a7edddad47e611b976b48c1f4,Shakin' Stevens - Merry Christmas Everyone (Official 4K Video),GBARL0801716
152,Christmas Wrapping,The Waitresses,1981,https://www.youtube.com/watch?v=1uu0fy0Hrm8,cbcea02e436cf8ee1e925dc1a009658a5771ee600495b5a40f1f88da45e89b92,The Waitresses - Christmas Wrapping (1981),USUR10000983
153,Mistletoe,Colbie Caillat,2007,https://www.youtube.com/watch?v=N5jEha6nGbI,dd43f5e38e945da2b94ebc8d142e1f4c629922e2329480554d32c0879817379f,Mistletoe,USUM71211643
154,One More Sleep,Leona Lewis,2013,https://www.youtube.com/watch?v=j-_1-uJ6Ml4,969110e684b101923b32c2f9754b717333f701e9591aa5437dff0983742a84dc,Leona Lewis - One More Sleep (Official Video),GBHMU1300298
1,Uptown Funk,Mark Ronson ft. Bruno Mars,2014,https://www.youtube.com/watch?v=OPf0YbXqDm0,d730c9d9a758bfa374adb9e4bf6ac10c2b7802dd381681ee27e89672335caafe,Mark Ronson - Uptown Funk (Official Video) ft. Bruno Mars,
2,September,"Earth, Wind & Fire",1978,https://www.youtube.com/watch?v=Gs069dndIYk,7c6b80711fe5e3197d869d87e7d6eaf375dafdac5e1481b616e2ce2a1aa88b0c,"Earth, Wind \u0026 Fire - September (Official HD Video)",
3,I Gotta Feeling,The Black Eyed Peas,2009,https://www.youtube.com/watch?v=uSD4vsh1zDA,61dde3eee0ba2d6ec26010aa5567864a83fe74e9bd8b9d9adac952712ff110f1,The Black Eyed Peas - I Gotta Feeling (Official Music Video),
4,Best Day Of My Life,American Authors,2013,https://www.youtube.com/watch?v=Y66j_BUCBMY,bd4d7b438b63e96edbc9494e6ed5f6d774b812592ccdb21626879c75b810797e,American Authors - Best Day Of My Life,
5,Walking On A Dream,Empire Of The Sun,2008,https://www.youtube.com/watch?v=eimgRedLkkU,bb0b9bf745e6fe3a4ad3ba93d5578aec95e47ff10ff300e17672f797d3c70f5b,Empire Of The Sun - Walking On A Dream (Official Music Video),
6,Send Me On My Way,Rusted Root,1992,https://www.youtube.com/watch?v=IGMabBGydC0,a2da2a714e5e9b0a7582051e80f8509cefae878c68739f54881b6ee1f1be079a,Rusted Root - Send Me On My Way (Official Music Video),
7,Ain't No Mountain High Enough,Marvin Gaye & Tammi Terrell,1967,https://www.youtube.com/watch?v=ABfQuZqq8wg,f6e412915c23400fb3015ace4bfdfe802af487fb33107d5ccb13eb54a6fbc7a5,Ain't No Mountain High Enough,
8,You Make My Dreams (Come True),Daryl Hall & John Oates,1980,https://www.youtube.com/watch?v=EErSKhC0CZs,8b3304924d24a813a4374c9a97bfe7b35c82f14a4051982f849280dcd506d2d2,Daryl Hall \u0026 John Oates - You Make My Dreams (Official HD Video),
9,Three Little Birds,Bob Marley & The Wailers,1977,https://www.youtube.com/watch?v=HNBCVM4KbUM,9270a88a3382455d5e0fbcd9ae350c9093c9abe56b872e446cb2034233ad4b8c,Bob Marley \u0026 The Wailers - Three Little Birds (Official Music Video),
10,Dog Days Are Over,Florence + The Machine,2008,https://www.youtube.com/watch?v=iWOyfLBYtuU,64bf6372d35bf2f6ee6d95a48e6c7261f26bf8bd365401ff89eda88d3c5d88c7,Florence + The Machine - Dog Days Are Over (2010 Version) (Official Music Video),
11,Mr. Blue Sky,Electric Light Orchestra,1977,https://www.youtube.com/watch?v=aQUlA8Hcv4s,1383d5f8d836d1f11642d2f2246daa29fe6653c36d2aaf54ba2a97cbd0a831cd,Electric Light Orchestra - Mr. Blue Sky (Official Video),
12,(Sittin' On) The Dock Of The Bay,Otis Redding,1968,https://www.youtube.com/watch?v=rTVjnBo96Ug,175c5adaf94b4e76f099fc84045ff4b50abd22ae720b1675a225750cc48248a9,Otis Redding - (Sittin' On) The Dock Of The Bay (Official Music Video),
13,Pocketful of Sunshine,Natasha Bedingfield,2008,https://www.youtube.com/watch?v=gte3BoXKwP0,d9b4970acc358329d9e51d442a0e4b308c40b87306693c49d928f29fdbde0fb0,Natasha Bedingfield - Pocketful of Sunshine (Official Video),
14,Unwritten,Natasha Bedingfield,2004,https://www.youtube.com/watch?v=b7k0a5hYnSI,cba19fb04e40344fa5eda980623f14f943974359b1de9fdff6c5bdc1a8baa002,Natasha Bedingfield - Unwritten (Official Video) (as featured in Anyone But You),
15,Riptide,Vance Joy,2013,https://www.youtube.com/watch?v=uJ_1HMAGb4k,f71bf0a8ef94ef1fa0e55792d654a99a123c0e3990a8e3bd291c01aba069eb01,Vance Joy - 'Riptide' Official Video,
16,Home,Edward Sharpe & The Magnetic Zeros,2009,https://www.youtube.com/watch?v=DHEOF_rcND8,09ccd6169a367fb4cb8b26085c9ac8a676ebdde3e944b492c857a7d46b204aff,Edward Sharpe \u0026 The Magnetic Zeros - Home (Official Video),
17,Banana Pancakes,Jack Johnson,2005,https://www.youtube.com/watch?v=tH5Q9-M6t8c,a32dadb26df40bbfdfa3047433cd81ed3268c1114c44195b381c25fe193aadb5,Jack Johnson - Banana Pancakes (Kokua Festival 2010),
18,Brighter Than The Sun,Colbie Caillat,2011,https://www.youtube.com/watch?v=KU5o6M7S5nQ,f280e9aaa31a9b688de0b3be3f4340cef09735ba11ca9d10f483f39bb0856e1a,Colbie Caillat - Brighter Than The Sun (Official Video),
19,I Can See Clearly Now,Jimmy Cliff,1993,https://www.youtube.com/watch?v=MrHxhQPOO2c,45a9507d348f15b0615a3fdf0dbbe4b456c172ba91cd5fae5761c40a024d588f,Jimmy Cliff - I Can See Clearly Now,
20,Wouldn't It Be Nice,The Beach Boys,1966,https://www.youtube.com/watch?v=5lP8BZcyoEQ,4d57ebed2b78d4389cdfda5681417c50ed45552be85b1d0303db3119cdc50f78,The Beach Boys - Wouldn't It Be Nice,
21,Cherish,Kool & The Gang,1985,https://www.youtube.com/watch?v=s09LuDYX12g,6e6cd7429fa1c964d8e4a66655ea1a82dccf256d68c81155f55f0a328d5e45f4,Kool & The Gang - Cherish,
22,Dancing Queen,ABBA,1976,https://www.youtube.com/watch?v=xFrGuyw1V8s,bdf382e5e635cd8c7288c165327a9e52fe9294fe863057e580eff39dcf47854d,ABBA - Dancing Queen (Official Music Video),
23,Build Me Up Buttercup,The Foundations,1968,https://www.youtube.com/watch?v=QbuSu1b-ejs,95991a4308937558eed85041a5adfd9bf7df15c60d7e96d7503f819dc384c3b8,The Foundations - Build Me Up Buttercup (Original 1968 Version) [Official Audio],
24,Good Times,Chic,1979,https://www.youtube.com/watch?v=PP_JBPGkd-Y,1ee9a315f5b9ecbd6cea0b0b592d08a71128e9d3215e06693120d96620546255,"Chic - Good Times (Original 12\"" Mix) (Official Vinyl Video)",
25,Golden,Harry Styles,2019,https://www.youtube.com/watch?v=P3cffdsEXXw,0eb474f59c2fab7441c3dfe531c3c9146f0d96baaab69e089fdc3ecfcb6c184f,Harry Styles - Golden (Official Video),
26,Sunroof,Nicky Youre & dazy,2022,https://www.youtube.com/watch?v=G5xSLbYMr-I,a7f15232df308e986f2b2e33b151b81e0772d47324fece55136984553be00dc6,"Nicky Youre, dazy - Sunroof (Official Music Video)",
27,Safe and Sound,Capital Cities,2013,https://www.youtube.com/watch?v=YmtjPK1aFeo,93300e9fd64d390e04537280a2dfd3e6e1a796e3a14578f54caaeb9def0ec1b8,Capital Cities - Safe and Sound (Unofficial Music Video),
28,We Are Young,fun. ft. Janelle Monáe,2011,https://www.youtube.com/watch?v=Sv6dMFF_yts,38f1f3fc1d2dd4fb8b86ba57bff3987dcfad48a7cc0960cb3e4ff1914b32f36a,Fun.: We Are Young ft. Janelle Monáe [OFFICIAL VIDEO],
29,Good Life,OneRepublic,2010,https://www.youtube.com/watch?v=jZhQOvvV45w,eab4b4bfc32a50999bfd152482defb94ff5c895ba4b7d2f22aeccd104e3ca481,OneRepublic - Good Life (Official Music Video),
30,On The Floor,Jennifer Lopez ft. Pitbull,2011,https://www.youtube.com/watch?v=8VhvIY5nTyM,a96f7588dfeee84e5cdfe31135c689cd62b61c337ee143078942727976fa4126,"Jennifer Lopez - On The Floor ft, Pitbull (Official Video)",
31,Treasure,Bruno Mars,2012,https://www.youtube.com/watch?v=nPvuNsRccVw,7c9fc043695adc823315e875896bd8ba761aff98acb003aac5ecfb3526ead548,Bruno Mars - Treasure (Official Music Video),
32,24K Magic,Bruno Mars,2016,https://www.youtube.com/watch?v=UqyT8IEBkvY,e07858a1f9155485b9b6be08288ed401004186b212c0c6900a042464e5c531f7,Bruno Mars - 24K Magic (Official Music Video),
33,Marry You,Bruno Mars,2010,https://www.youtube.com/watch?v=dElRVQFqj-k,5e5826c69ea7d4d62ddc05049c366bb9f81c0c26c08509c243c23da5b5368244,Bruno Mars - Marry You (Official Lyric Video),
34,Love Never Felt So Good,Michael Jackson & Justin Timberlake,2014,https://www.youtube.com/watch?v=oG08ukJPtR8,1ac980814cd18f4de3a484d56b81806941b72017a38c9ad19444369eeb20d932,"Michael Jackson, Justin Timberlake - Love Never Felt So Good (Official Video)",
35,Rock With You,Michael Jackson,1979,https://www.youtube.com/watch?v=5X-Mrc2l1d0,c05609fd644115af081dc7500d13aa1b712d03422e0c53d2fd2ac101bdf5e6d8,Michael Jackson - Rock With You (Official Video - Upscaled),
36,ABC,Jackson 5,1970,https://www.youtube.com/watch?v=oWLFsMDawLY,af344e7f03f35b73b0a0d63ce0c8409bb39b11fa112a9f660b37b0ac5e061cf7,Jackson 5 ABC official music video,
37,"Signed, Sealed, Delivered (I'm Yours)",Stevie Wonder,1970,https://www.youtube.com/watch?v=kWzHX7Js_ys,406f791b007f37f5f53ea9b164eb93428caea342f60c96d3baa96668ba23b53d,"Blue, Stevie Wonder, Angie Stone - Signed, Sealed, Delivered I'm Yours",
38,Sir Duke,Stevie Wonder,1976,https://www.youtube.com/watch?v=hmKshpLXnxE,90ba2ef4d0ffc63152195ec5b002cc075c50909a55ea28b0678e0a30e96beee6,Stevie Wonder - Sir Duke,
39,Superstition,Stevie Wonder,1972,https://www.youtube.com/watch?v=7_tmeHCO1IM,808f629d0e5fa8790ce1761ca985bda7f3cc0f6b985a3be419cc401c7807976c,Stevie Wonder - Superstition — (Official Video),
40,Dancing in the Street,Martha and the Vandellas,1964,https://www.youtube.com/watch?v=M4p9qXIWN2Q,fcb50b03f3fa443694dd738aa9810b8520e15b7e952027aa68d316b90210e0b2,Martha Reeves \u0026 The Vandellas - Dancing In The Street (Official Music Video),
41,I Want You Back,Jackson 5,1969,https://www.youtube.com/watch?v=y2bVIBwpCTA,ea1e57494472b77bdbe6110c13137d2bd71eb8107973de3b96d991ffe65add6d,"The Jackson 5 \""I Want You Back\"" on The Ed Sullivan Show",
42,Dreams,Fleetwood Mac,1977,https://www.youtube.com/watch?v=Y3ywicffOj4,d74bb977c2f4e9434b09f4b5b4fe750719caf8cfdcdc64f0e1fd07de12f99f43,Fleetwood Mac - Dreams (Official Music Video) [4K],
43,Steal My Sunshine,Len,1999,https://www.youtube.com/watch?v=E1fzJ_AYajA,adafa7b1d2ec29031005e5a6db330af6999d051cff5d725476ea6806105eaee9,Len - Steal My Sunshine,
44,Groove Is in the Heart,Deee-Lite,1990,https://www.youtube.com/watch?v=etviGf1uWlg,4683fb1606c190180ce765c9d4310b1051aef3fcd8e86fdeab5408653bafc620,Deee-Lite - Groove Is In The Heart (Official Video),
45,Finally,CeCe Peniston,1991,https://www.youtube.com/watch?v=xk8mm1Qmt-Y,f97e2f0c76b408db48599ef217857ba139ab1e55d48860cece429c716749b913,CeCe Peniston - Finally (Official Music Video),
46,Freed From Desire,Gala,1996,https://www.youtube.com/watch?v=p3l7fgvrEKM,b19f99f1614ef3d12980b4884522bf4485a63efbb4e4cd7565bb54e5859d42f7,GALA - Freed from desire [Official Video],
47,Sing It Back,Moloko,1999,https://www.youtube.com/watch?v=w1eN8vyVFIM,0f045d118ab8b6afc76d0f0c96973e9cfb8548e17ddc70621b34589298085ffa,Moloko - Sing It Back (Official HD Video),
48,Macarena,Los del Río,1993,https://www.youtube.com/watch?v=8BMnz4i2dM8,a2de90a771e66c74a6766b2aef08ee1df59f02ff3d97d889c0ffc9e3f86641fe,Gente de Zona - Mas Macarena (Official Video) ft. Los Del Rio,
49,Bailando,Enrique Iglesias ft. Descemer Bueno & Gente de Zona,2014,https://www.youtube.com/watch?v=NUsoVlDFqZg,52f156def05bbedf85477ae19648e44d899c19398791bf21e9f482bf837d44e8,"Enrique Iglesias - Bailando ft. Descemer Bueno, Gente De Zona",
50,Hips Don't Lie,Shakira ft. Wyclef Jean,2006,https://www.youtube.com/watch?v=DUT5rEU6pqM,60f55612276cb95e88d8e70bfb10a1f0cedbd321f7af62f5e1787eb147ba5496,Shakira - Hips Don't Lie (featuring Wyclef Jean) (Official 4K Video) ft. Wyclef Jean,
51,Teenage Dream,Katy Perry,2010,https://www.youtube.com/watch?v=98WtmW-lfeE,47b90497ee26069a3124ad758cf2c53f8ee8feedab1ee79181362c471037046f,Katy Perry - Teenage Dream (Official Music Video),
52,California Gurls,Katy Perry ft. Snoop Dogg,2010,https://www.youtube.com/watch?v=F57P9C4SAW4,4c88e382e0b5b34646d739155069d6f60c1c7147bccb562dd6869244369f009a,Katy Perry - California Gurls (Official Music Video) ft. Snoop Dogg,
53,Señorita,Shawn Mendes & Camila Cabello,2019,https://www.youtube.com/watch?v=Pkh8UtuejGw,abb273e9b56a1165aa19e3ef19abba72334f00a24a69cf43e06522e6969f1e4e,"Shawn Mendes, Camila Cabello - Señorita",
54,Rather Be,Clean Bandit ft. Jess Glynne,2014,https://www.youtube.com/watch?v=m-M1AtrxztU,48a8ab121ec1a5897b6f8536676bb7d829d4b99c8a5c6a182eb30cf8362da682,Clean Bandit - Rather Be ft. Jess Glynne [Official Video],
55,Symphony,Clean Bandit ft. Zara Larsson,2017,https://www.youtube.com/watch?v=aatr_2MstrI,baaa86e05c49ef5e6eb6a6da085a6e425e7c40ea1e103f385c790fba701e7c34,Clean Bandit - Symphony (feat. Zara Larsson) [Official Video],
56,Shut Up and Dance,Sophie and the Giants,2020,https://www.youtube.com/watch?v=oIQ8AJ5_Lwg,a3751c39b3913ec5f3c9c0a01fc31e368ef38820edf03a59baf68ed4eef0de64,Sophie and the Giants - Shut Up And Dance (Lyric Video),
57,Pompeii,Bastille,2013,https://www.youtube.com/watch?v=F90Cw4l-8NY,2b77435d0551d5a644a4098c3ab388f3e1c0874eb474a83e267bc1f977ed5ed7,Bastille - Pompeii (Official Music Video),
58,Adventure of a Lifetime,Coldplay,2015,https://www.youtube.com/watch?v=QtXby3twMmI,272891e565a18564ac6d085fd2d62a07f573a5659f43041e170bd07082251cc0,Coldplay - Adventure Of A Lifetime (Official Video),
59,A Sky Full of Stars,Coldplay,2014,https://www.youtube.com/watch?v=VPRjCeoBqrI,d168db86b2f6cfca1b40f00f8e20a0f9a60005f6b4f2bcb80d76f7912914fbef,Coldplay - A Sky Full Of Stars (Official Video),
60,Walking on Sunshine,Katrina and the Waves,1985,https://www.youtube.com/watch?v=CTigOGlS-V0,b2e9bc5d35a5f4983ff3a64161d463fc176fef72ff8ee53afbd837eec8429ed1,Walking on sunshine [Official video 2] - Katrina And The Waves (HD/HQ),
61,Man! I Feel Like a Woman!,Shania Twain,1997,https://www.youtube.com/watch?v=ZJL4UGSbeFg,a97663fff3c58faae49e7a8563bd1a8d7f6652d881787819ea68f67a32a57416,Shania Twain - Man! I Feel Like A Woman! (Official Music Video),
62,Crocodile Rock,Elton John,1972,https://www.youtube.com/watch?v=csAcMs5DM2E,a7a9c8ec70cb62881880c8f961a74e53ccde20c9e37dda81687f86b2ba9696e5,Elton John - Crocodile Rock (Unofficial Music Video),
63,Tiny Dancer,Elton John,1971,https://www.youtube.com/watch?v=I3NeOKbe5wA,3242932c4df9a16aba934b5e49e1b8f736168de9d36829eb67bbd3a28dbb7b95,Elton John - Tiny Dancer - Official Video - 1080p HD,
64,Dancing in the Moonlight,King Harvest,1972,https://www.youtube.com/watch?v=ATkhia2twNw,f169c0a921fb2358cac6087772b5525ed27b040ef124768bde48b5b321d09efd,King Harvest -  Dancing In The Moonlight (Official Lyric Video),
65,Walking in Memphis,Marc Cohn,1991,https://www.youtube.com/watch?v=PgRafRp-P-o,809320ece656e961f4e6f674ceadf271c9939af676dc9f48c78cd526a592db68,Marc Cohn - Walking in Memphis (Official Music Video),
66,"Summer of ""69",Bryan Adams,1984,https://www.youtube.com/watch?v=9f06QZCVUHg,ccdb59c5f6f7f592d6ce3c941a0287faab24c2be39de0f23363cca0213f42148,Bryan Adams - Summer Of 69 (Official Music Video),
67,St. Elmo's Fire (Man in Motion),John Parr,1985,https://www.youtube.com/watch?v=dx7vNdAb5e4,dc9a9cc94741fdce8545c19225f9b4cb1f9d31f83587830172292746fb74544a,John Parr - St. Elmo's Fire (Man In Motion) (Official Music Video),
68,Walking on Broken Glass,Annie Lennox,1992,https://www.youtube.com/watch?v=y25stK5ymlA,cc5db96ecf43640ffdf886e22cef72fc9409778930e2af399578498ddcd5873c,Annie Lennox - Walking on Broken Glass (Official Video),
69,Suddenly I See,KT Tunstall,2004,https://www.youtube.com/watch?v=avhDTUl24S0,dad8a45d8a8d408634198db3031b92ce49eb3e5426139fb0753c441fafdafe82,KT Tunstall. Suddenly I See Official Music Video. (4K),
70,Put Your Records On,Ritt Momney,2006,https://www.youtube.com/watch?v=WyVfkr6nsrk,358536ad9fb85875a428f3cfcc0fc9548e7f214a0b77229652bc799dd5e99361,Ritt Momney - Put Your Records On (Official Video),
71,Valerie,Mark Ronson ft. Amy Winehouse,2007,https://www.youtube.com/watch?v=bixuI_GV5I0,c356df9c8c946bf2bfd70ff21bb74c54edee03f2056b6b411d900993d244cc50,Mark Ronson ft. Amy Winehouse - Valerie (Official Video),
72,Lovefool,The Cardigans,1996,https://www.youtube.com/watch?v=NI6aOFI7hms,4c17407e33a5a7380bd2504724acd601a1e08911aaeec7f470673c66065590c7,The Cardigans - Lovefool (Official Music Video),
73,Dreamer,Supertramp,1974,https://www.youtube.com/watch?v=9SwQ9iavJeI,b53ac915aa7a4da5ab34c056757b7a2fbf890379610db954a538e9a521900f53,Supertramp - Dreamer [Official Music Video],
74,Breakfast in America,Supertramp,1979,https://www.youtube.com/watch?v=aQdoUUi3iJ8,5bb3b96ea022ed41b5b946f073b968fcf774dceb7bfb517494707929720cbc11,Supertramp - Breakfast In America (Official Video) [50th Anniversary],
75,September Song,JP Cooper,2016,https://www.youtube.com/watch?v=ETB4zJAYjhs,6f0ae9c18b5aa3300862bba5a822d840107dd1ccc491aef661388f47a3b4ab09,Jp Cooper September Song ( official video ),
76,Shotgun,George Ezra,2018,https://www.youtube.com/watch?v=aAiVsqfbn5g,9c9b98d6132191497e7a5d786f8424ec35cc0ff9ad8ce17c76282b09941c1604,George Ezra - Shotgun (Official Video),
77,Paradise,George Ezra,2018,https://www.youtube.com/watch?v=XOwihbur34E,8ea886f29fd3b8f4c74421ae489f22c2c37d509a1060b74b77e21ce99f7cf876,George Ezra - Paradise (Official Video),
78,Island Song,Ashley Eriksson,2011,https://www.youtube.com/watch?v=JmO_vGqH9FM,f06193937d9be5e67439f2478658d3ed5248955303031a74a3717c68f6c0c1af,Ashley Eriksson - Island Song (Official Audio),
79,Ho Hey,The Lumineers,2012,https://www.youtube.com/watch?v=zvCBSSwgtg4,ccb95ebd3e82df9db631352b04a1030de9efee9fbbf79e2be740206cd6dc7028,The Lumineers - Ho Hey (Official Video),
80,Ophelia,The Lumineers,2016,https://www.youtube.com/watch?v=pTOC_q0NLTk,c707b2fb15d0e2b182ba2fb0ba310e3492f3f8c27e5a10e90a054a09c896ce42,The Lumineers - Ophelia (Official Music Video),
81,Sleep on the Floor,The Lumineers,2016,https://www.youtube.com/watch?v=v4pi1LxuDHc,37647e776c4f2d07a521d33afca7444cecce297c929d15012df2b75bd4d81f9f,The Lumineers - Sleep On The Floor (Official Video),
82,Send My Love (To Your New Lover),Adele,2015,https://www.youtube.com/watch?v=fk4BbF7B29w,58d59edaf9869537e11d9e9fff97a5b7df0d828fa91972114891e898dfb5527a,Adele - Send My Love (To Your New Lover),
83,Lucky,Jason Mraz & Colbie Caillat,2008,https://www.youtube.com/watch?v=acvIVA9-FMQ,79f02f8d6c7655cc4e7e64eff92f524cb505678b046aa59b590c0da565310b85,Jason Mraz - Lucky (feat. Colbie Caillat) [Official Video] [HD Remaster],
84,Have It All,Jason Mraz,2018,https://www.youtube.com/watch?v=BFkTu8Y1KLs,506bb87f866e4b984f7c786cc1a8985d68565afeb5909e3e2f32bc2d74821254,Jason Mraz  - Have It All (Official Video),
85,I Like Me Better,Lauv,2017,https://www.youtube.com/watch?v=BcqxLCWn-CE,6d662aad5e397145a1db283274309c19c82df34ed89ee33145f4add9247b0e29,Lauv - I Like Me Better [Official Video],
86,Sugar,Maroon 5,2014,https://www.youtube.com/watch?v=09R8_2nJtjg,10dff35dbc86c4d9894c070e8036cf2206deab92eb8542638ba301b5eddf7907,Maroon 5 - Sugar (Official Music Video),
87,Moves Like Jagger,Maroon 5 ft. Christina Aguilera,2011,https://www.youtube.com/watch?v=iEPTlhBmwRg,df8989444760780c29fdb5fa6a286fb19c8eeb81ed9f26c44314ca096ee29c2f,Maroon 5 - Moves Like Jagger ft. Christina Aguilera (Official Music Video) ft. Christina Aguilera,
88,Sunday Best,Surfaces,2019,https://www.youtube.com/watch?v=_83KqwEEGw4,865d2303d2b065d5f66c1035634075d580953955e89bc33f0024cabe98a9a025,Surfaces - Sunday Best (Official Music Video),
89,Good Time,Owl City & Carly Rae Jepsen,2012,https://www.youtube.com/watch?v=H7HmzwI67ec,27e59a9eaec7f23d3de7efc279ffbf4a472aa9787e2c465419ab840cb066440e,Owl City \u0026 Carly Rae Jepsen - Good Time (Official Video),
90,Feel So Close,Calvin Harris,2011,https://www.youtube.com/watch?v=dGghkjpNCQ8,0d90ce14624636acef57027ec705376bdee805994321383e8a47547979361917,Calvin Harris - Feel So Close (Official Video),
91,This Is What You Came For,Calvin Harris ft. Rihanna,2016,https://www.youtube.com/watch?v=kOkQ4T5WO9E,bdac1fd65808793cc685ae6c113b8d6782788e790d0fabc52e0c60350ea3b2ea,"Calvin Harris, Rihanna - This Is What You Came For (Official Video)",
92,Rather Be with You,Sinead Harnett,2020,https://www.youtube.com/watch?v=8h_9fsGku3c,7aaf8184669bb2a3ca2c3d3d543c89f96e7a96f415f866f37946a583e4217b2a,Sinead Harnett - Rather Be With You,
93,Crazy Little Thing Called Love,Queen,1979,https://www.youtube.com/watch?v=zO6D_BAuYCI,0f1d3baf2ed2e69aa58d47588c212e9764e62d559d5246218923889d119e5706,Queen - Crazy Little Thing Called Love (Official Video),
94,You're The One That I Want,John Travolta & Olivia Newton-John,1978,https://www.youtube.com/watch?v=itRFjzQICJU,0778df884f27aee1998dca7ecf17bf893278f6bb724f5a36c7c20a593b4b8be7,John Travolta And Olivia Newton John - You're The One That I Want,
95,We Go Together,John Travolta & Olivia Newton-John,1978,https://www.youtube.com/watch?v=kx2P1bSFOTo,2aa8c873f863c2136df6511fa45b0081f74c23752409062e68476615397808fd,Grease - We Go Together,
96,Ain't Nobody,Chaka Khan,1983,https://www.youtube.com/watch?v=BNirQXe8HOA,bdd82f2b0d0efd54422237d08d76783efc1c2d5b6f1709d2128947b4bdb9129f,Rufus and Chaka Khan - Ain't Nobody [HD Remaster] (Official Video),
97,Ain't No Stoppin' Us Now,McFadden & Whitehead,1979,https://www.youtube.com/watch?v=i2FW1WJc0lg,8a5922842b5bc0a31afa414f4632f7a06071f7be15e8e5c5950c2ca5cc627c39,McFadden \u0026 Whitehead - Ain't No Stoppin' Us Now (Official Audio),
98,Get Down On It,Kool & The Gang,1981,https://www.youtube.com/watch?v=qchPLaiKocI,890aedab3a38793b9cae8f4c6eb8ab1bbda2c8fda00f05a4aac6940f7752b76a,Kool \u0026 The Gang - Get Down On It,
99,Ladies Night,Kool & The Gang,1979,https://www.youtube.com/watch?v=iAH9tY7ehhk,a41fe634204ddaf363aa0aa425a2cd0a7b8a39e6b47a8ac010552e5b57006b24,Kool \u0026 The Gang - Ladies Night 1979 (Remastered),
100,Boogie Wonderland,"Earth, Wind & Fire with The Emotions",1979,https://www.youtube.com/watch?v=-nfvu63IUOo,38ca3d2773bd123a5bd67b7afc65792951d23060f4cc58c838e37565bf2793b3,"Earth, Wind \u0026 Fire 2024 MIX Playlist - September, Boogie Wonderland, Let's Groove, After The Lov...",
101,Let's Groove,"Earth, Wind & Fire",1981,https://www.youtube.com/watch?v=Lrle0x_DHBM,08106943a9b86b39dee852cce232f5e214f6c165a46e71128ae209e422b195ff,"Earth, Wind \u0026 Fire - Let's Groove (Official HD Video)",
102,Can't Hurry Love,Phil Collins,1982,https://www.youtube.com/watch?v=C9IwBJYTwQ0,81c675724c413be4e5321f9e4e22cb3f96cbfa087507e8590605149938e574f5,Phil Collins - You Can't Hurry Love (Official Music Video),
103,Walking on the Moon,The Police,1979,https://www.youtube.com/watch?v=zPwMdZOlPo8,62b34dfe3b3171e78abd2e7155d16287914f49ad592d43c338723c2bf6b0c6b9,The Police - Walking On The Moon (Official Music Video),
104,Every Little Thing She Does Is Magic,The Police,1981,https://www.youtube.com/watch?v=aENX1Sf3fgQ,ad08bbaf35aa4775a9bcd883a48b22c2e9bc05016abfbd68a7794779ee88f277,The Police - Every Little Thing She Does Is Magic (Official Music Video),
105,Lust for Life,Iggy Pop,1977,https://www.youtube.com/watch?v=jQvUBf5l7Vw,56eb6e78c20f4d06becc1201231cfcbe23e6da50fc589b073760aa6e405203af,Iggy Pop - Lust For Life,
106,Come and Get Your Love,Redbone,1974,https://www.youtube.com/watch?v=BA4rSO-h9Io,0e3e8b4876e4d893657e6e9ccc2145bf7c64f2d8d87b9aa88d783618c00003c1,Redbone - Come and Get Your Love (Official Music Video),
107,"December, 1963 (Oh, What a Night)",The Four Seasons,1975,https://www.youtube.com/watch?v=mTUhnIY3oRM,9df8a4de3fda61e1f7e9fbe0524267aa83663886e125db0a22477bce0bbc2659,"Frankie Valli \u0026 The Four Seasons - December, 1963 (Oh, What a Night) (Official Music Video)",
108,I Feel Good,James Brown,1965,https://www.youtube.com/watch?v=dj9MTq_PTXo,1d789b281364db55ecacb0682a72da7a0d1a6c74755d091d3eca7293328e6216,James    Brown   --     I    Feel    Good   [[  Official   Live  Video  ]]  HD,
109,Good Vibrations,Marky Mark and the Funky Bunch,1991,https://www.youtube.com/watch?v=6mp6G8-qkgE,9d626432ed7a316d728ab16004d0d2d39ca97be123b1444ed13e927d45208723,Marky Mark and the Funky Bunch - Good Vibrations [Live] [Official version],
110,Love On Top,Beyoncé,2011,https://www.youtube.com/watch?v=Ob7vObnFUJc,7fde55700315ffa8b01b2974f9d5dad42fe503e0fd9e8f3b00a433a25e0d8b25,Beyoncé - Love On Top (Official Video),
111,Crazy in Love,Beyoncé ft. Jay-Z,2003,https://www.youtube.com/watch?v=VKBByEiXnMA,15707961f65be33c190adf62982e2050be82f3f6c7e3fcf56c707fa672acc08f,Beyoncé - Crazy In Love ft. JAY Z_ Video Official (4K 2160p UHD) ,
112,Higher Love,Kygo & Whitney Houston,2019,https://www.youtube.com/watch?v=JR49dyo-y0E,0b309d76f058fe3f16ba251ca466bddc92305fcd24b69873ace71a46c787c475,Kygo \u0026 Whitney Houston - Higher Love (Official Video),
113,Can't Hold Us,Macklemore & Ryan Lewis ft. Ray Dalton,2011,https://www.youtube.com/watch?v=2zNSgSzhBfM,6be95bcc8655e2230808b13af287d8a0971b818fcc1abd856f16634da61a2a72,MACKLEMORE \u0026 RYAN LEWIS - CAN'T HOLD US FEAT. RAY DALTON (OFFICIAL MUSIC VIDEO),
114,Savage,Megan Thee Stallion,2020,https://www.youtube.com/watch?v=Ftd89k-QXRA,bb43746755618b463bd92e3eb19be545c694a2150f5afe05134220f6ebbd3956,Megan Thee Stallion - Savage (Official Music Video),
115,What Makes You Beautiful,One Direction,2011,https://www.youtube.com/watch?v=QJO3ROT-A4E,1ba19483417088f3ff623223135ff8d268fc0069e1b172b2b46129ed0a461d4a,One Direction - What Makes You Beautiful (Official Video),
116,Best Song Ever,One Direction,2013,https://www.youtube.com/watch?v=VjB_puSYDAw,7a9bdce862ca492a86f2e1c5922a621b8a2cd4fd9c05087dd62b85af7335bf49,One Direction - Best Song Ever Official Music Video,
117,Watermelon Sugar,Harry Styles,2019,https://www.youtube.com/watch?v=E07s5ZYygMg,6f2b314535a5fc31f97259e6798a2ad0859759346637aca270111f5a87403282,Harry Styles - Watermelon Sugar (Official Video),
118,The Middle,"Zedd, Maren Morris & Grey",2018,https://www.youtube.com/watch?v=M3mJkSqZbX4,10bee1f83a2dc3360e4a1a6480f89ec2e2a34e5eb7e05b00eebef2529c80b5cc,"Zedd, Maren Morris, Grey - The Middle (Official Music Video)",
119,Shine,Take That,1992,https://www.youtube.com/watch?v=JwC1Ctrj6Xk,c746ecd61d8c24abf7170f3a21254fb271e83d5e7b78db3064f2b210a4fdedfc,Take That - Shine (Official Video),
120,Relight My Fire,Take That ft. Lulu,1993,https://www.youtube.com/watch?v=40Od45DjCA4,7d6d435a16671929c1ca1e190f8831469218da1ccc2c29faa85d4ef5541f7612,Take That - Relight My Fire (Official Video) ft. Lulu,
1,Wann wird's mal wieder richtig Sommer,Rudi Carrell,1975,https://www.youtube.com/watch?v=KzEOvyDcVas,d0f3c7b77482fd3fccc86921ce073fceba3694398e8848562096b598890c1374,Rudi Carrell - Wann wird's mal wieder richtig Sommer 1975,
2,You Can Call Me Al,Paul Simon,1986,https://www.youtube.com/watch?v=uq-gYOrU8bA,f18367a706ebd69b473142ed8183acfb4b31fb5e46a1df190e10e9ac26537021,Paul Simon - You Can Call Me Al (Official Video),
3,Start Me Up,The Rolling Stones,1981,https://www.youtube.com/watch?v=SGyOaCXr8Lw,9500a2d94fa3bb940e28485809007c57884dda26a5830dd428d8e28eea69636a,The Rolling Stones - Start Me Up - Official Promo,
4,The Twist,Chubby Checker,1960,https://www.youtube.com/watch?v=-CCgDvUM4TM,3e45f1259620f3c41277f13823d65da880a07a474afb1489b8417eb4c6016734,Chubby Checker - The Twist (Official Music Video),
5,Blurred Lines,Robin Thicke feat. T.I. & Pharrell Williams,2013,https://www.youtube.com/watch?v=yyDUC1LUXSU,4da6f532aa06536be873853777f10a693c62466f35f42bac7af54d87c54614a0,"Robin Thicke - Blurred Lines ft. T.I., Pharrell",
6,Hangover,"Taio Cruz, Flo Rida",2011,https://www.youtube.com/watch?v=dLhFDYQHDQY,c4aa2ccfd66926a5ae4c273a8caf635d9959af3a4dc0724337840fbf69c96cfe,Taio Cruz - Hangover (Official Video) ft. Flo Rida,
7,One More Time,Daft Punk,2000,https://www.youtube.com/watch?v=FGBhQbmPwH8,815f58b1e83dcd6d2a6e82e8974132bc4e619a9e458f5c433431ce48c84aa43b,Daft Punk - One More Time (Official Video),
8,China In Your Hand,T'Pau,1987,https://www.youtube.com/watch?v=T4sV3lqzKqQ,27395496d5c079bead9b096041dd42448b9459b8fa36f700dd4a4dcaf57ad5c2,T'Pau - China In Your Hand (Official Video),
9,The Best,Tina Turner,1989,https://www.youtube.com/watch?v=GC5E8ie2pdM,b22a21c0a9bc1446692526a9b19a5b82c527e0cdc1f5e93863684c262c6d7dae,Tina Turner - The Best (Official Music Video),
10,The Hustle,Van McCoy & The Soul City Symphony,1975,https://www.youtube.com/watch?v=SFzMs2SN--s,51d8ccdb3ada3465598c696f0ad5cb17a7e611ee8a786690efa15977be7222d7,Van McCoy - The Hustle (Official Music Video) [HD],
11,Piece of My Heart,Erma Franklin,1967,https://youtu.be/L0QAxIKf8G4?t=16,7d5674fc951c76a69d0c374d68621127336d115c2a7a39c201f8a842f4c31344,Erma Franklin - Piece of My Heart (Video),
12,Hungry Eyes,Eric Carmen,1987,https://www.youtube.com/watch?v=2ssCL292DQA,f94ed56d2f0c241f20e3fc6aaed7b0112e4ed2e6f8e9c8f01a867872daf23ab1,Eric Carmen - Hungry Eyes (Official HD Video),
13,Karma Chameleon,Culture Club,1983,https://www.youtube.com/watch?v=JmcA9LIIXWw,8f84b511feda5b6c84062ec120d8554e66138b6a9b42d6244dec28e8aab9da89,Culture Club - Karma Chameleon (Official Music Video),
14,99 Luftballons,Nena,1983,https://www.youtube.com/watch?v=Fpu5a0Bl8eY,8124f2ef28563872f90efdbb1bd8ff2a09998a6073c14f99edbe8f918a0911de,NENA | 99 Luftballons [1983] [Offizielles HD Musikvideo],
15,Beinhart,Torfrock,1990,https://www.youtube.com/watch?v=Pmi0XqTlEY8,a890835956f9057e744587f5c5e62354c0e95f5ea6167a34196c8d1b8a644ff6,Torfrock - Beinhart (Musicvideo),
16,In Da Club,50 Cent,2003,https://www.youtube.com/watch?v=5qm8PH4xAss,8745a11630a652936da36b87748c3ac006290c9090839bd17c0df70ee7dcb2a7,50 Cent - In Da Club (Official Music Video),
17,Don't Go,Yazoo,1982,https://www.youtube.com/watch?v=_sQGwDeambg,9dd0727a09d650f14027bda331d36d8e7139cb88448b69f4f246d0448c5e3bd9,Yazoo - Don't Go (Official HD Video),
18,I Wanna Dance with Somebody (Who Loves Me),Whitney Houston,1987,https://www.youtube.com/watch?v=LX366rnYTB4,ce32a00b64a11d071533f300717bfefdfe333899edcaddfebf1cee5bac62fa10,Whitney Houston - I Wanna Dance with Somebody (Who Loves Me) (Official Lyric Video),
19,7 Years,Lukas Graham,2015,https://www.youtube.com/watch?v=LHCob76kigA,24ecf1fc202432d33e74a711b7baa1a1a8f5c5a24003f15fbdff90b4f2771cae,Lukas Graham - 7 Years [Official Music Video],
20,Sugar-Baby,Peter Kraus,1958,https://www.youtube.com/watch?v=-9R3_53qe08,d28d48a3244d56fe5cabfaa14c9fbfdc0f86ffd39d75378e12c3fa42f7c20f83,Sugar Baby  -   Peter Kraus,
21,Lean On (feat. MØ),Major Lazer & DJ Snake,2015,https://www.youtube.com/watch?v=YqeW9_5kURI,95d85c5dead05d83310355d0e89036955a212ec6b9c870b6106bd690b8f777ef,Major Lazer & DJ Snake - Lean On (feat. MØ) (Official Music Video),
22,Einmal um die Welt,CRO,2012,https://www.youtube.com/watch?v=u2pySXCmwpc,4f787e5c4e0671b583ddd1a5c0769aca16a5fe65b6af95eb774cae2646b8b488,CRO - Einmal um die Welt (Official Version),
23,Ich will keine Schokolade,Trude Herr,1960,https://www.youtube.com/watch?v=2OqgIupSf5k,a8878767aab7c0852ae11e43c80cecba23c15974b90823fbd761589a609442d9,Ich will keine Schokolade,
24,80 Millionen,Max Giesinger,2016,https://www.youtube.com/watch?v=uC08L4xxjNM,b85f5b2404cc0009736c38933ce3c949695b60c00b639e0fe856f422e2d66bce,Max Giesinger - 80 Millionen (Offizielles Video),
25,Friday I'm In Love,The Cure,1992,https://www.youtube.com/watch?v=mGgMZpGYiy8,d1216122448635da07f586c4c68f8e956958bbb27386034279308272820d6ecc,The Cure - Friday I'm In Love,
26,What Is Love,Haddaway,1993,https://www.youtube.com/watch?v=HEXWRTEbj1I,b0a3cf4a534f94b2790325b821ea8a75b6d6be1513bd48a69006ceb5dc837824,Haddaway - What Is Love [Official],
27,Auf uns,Andreas Bourani,2014,https://www.youtube.com/watch?v=k9EYjn5f_nE,cb5092d91dd0a14d53f31303a7b36ac4f6a93a729c976b4099da493594ab07a5,Andreas Bourani - Auf uns (Official Video),
28,Don't Stop Believin',Journey,1981,https://www.youtube.com/watch?v=1k8craCGpgs,0a9c04e9c7edf4a902299ea8dab66b1800009b0f68bf6c82e1390ab60c8dd802,Journey - Don't Stop Believin' (Official Audio),
29,Orinoco Flow,Enya,1988,https://www.youtube.com/watch?v=LTrk4X9ACtw,49fae4bfea7dded4e75dfa09280423e3da4e6a18f11aeabc4da10d68ec8ed594,Enya - Orinoco Flow (Official 4K Music Video),
30,Über den Wolken,Reinhard Mey,1974,https://www.youtube.com/watch?v=fZMFF8QH3ew,4e6c41339c4758caad93b037269464d59da0e74a12ec763103acc2ec39bf678f,Reinhard Mey - Über den Wolken,
31,Rehab,Amy Winehouse,2006,https://www.youtube.com/watch?v=KUmZp8pR1uc,e9581d4baf74336dd2b04d0113821ea755473b5eeb9ede61a0478524eb489ba7,Amy Winehouse - Rehab,
32,Liebeskummer lohnt sich nicht,Siw Malmkvist,1964,https://www.youtube.com/watch?v=mUUJxMiznfc,d955c49f041096fa99d83f39be5b0f240eb0acf3af2d0e2aa9d4aee08eed6248,Siw Malmkvist - Liebeskummer Lohnt Sich Nicht (1964),
33,You Make Me Feel (Mighty Real),Sylvester,1978,https://www.youtube.com/watch?v=gD6cPE2BHic,342aeb52712976eff0c0c8216e4bb5ebc85c698f9c61dcfb245ca2dbe0f37a1d,Sylvester - You Make Me Feel (Mighty Real),
34,Sweet Home Alabama,Lynyrd Skynyrd,1974,https://www.youtube.com/watch?v=-35W_FWCT9Q,4f7cc4ce7dd83117a0c79cd92e006b9c40e283640962e3c1d10fb3c0c2d7347c,Lynyrd Skynyrd - Sweet Home Alabama (Audio),
35,He Ain't Heavy He's My Brother,The Hollies,1969,https://www.youtube.com/watch?v=eUWZqbumaZo,19873dc87f1eb88418087981d29238542530f54127482fc0b3675e8d059f3fe5,"The Hollies: He Ain’t Heavy, He’s My Brother (2019 Remaster Video)",
36,Eine neue Liebe ist wie ein neues Leben,Jürgen Marcus,1972,https://www.youtube.com/watch?v=TGMSNWOzhtM,003ac5551c39a64a6dd76f49843a1fdf0f1def58ddd549f42a62e50895d0b50f,Eine neue Liebe ist wie ein neues Leben (2009),
37,Manic Monday,The Bangles,1986,https://www.youtube.com/watch?v=SsmVgoXDq2w,b66a4a1d6b78d7b0cf71295259c454daa5985fc8c9a8a3e7caef64160a074f02,The Bangles - Manic Monday (Official Video),
38,Paradise By the Dashboard Light,Meat Loaf,1978,https://www.youtube.com/watch?v=C11MzbEcHlw,10aa8dcac3ab5738f16007e213a5330e1c5bd332508d598c9918212fa3113452,Meat Loaf - Paradise By The Dashboard Light,
39,Never Ending Story,Limahl,1984,https://www.youtube.com/watch?v=Gf1WT8VEZxk,57c12f7d5a89ef1c0b629bc651fb7cdbaa4f37abb7bfa4a444c166f176aec9f5,Limahl - Never Ending Story - 1984,
40,Don't Call Me Up,Mabel,2019,https://www.youtube.com/watch?v=9TQKyDD9Yig,ec2cec1298fae6ccfb7ea86dec53462d8a448c112563a3fea93f4b95f1fccffd,Mabel - Don't Call Me Up (Official Video),
41,Under the Bridge,Red Hot Chili Peppers,1992,https://www.youtube.com/watch?v=GLvohMXgcBo,0e49a9153d69eaf48a351487d70e5ef54902a5b31ffbed0df6bebb6c81cf4fc3,Red Hot Chili Peppers - Under The Bridge [Official Music Video],
42,König von Deutschland,Rio Reiser,1986,https://www.youtube.com/watch?v=BzGHhaMUqSQ,f658e3884bd31f09294493cff93803732da772fc1fad2655c08d257200d9e111,Rio Reiser - Koenig von Deutschland (Official Video),
43,Upside Down,Diana Ross,1980,https://www.youtube.com/watch?v=lZ9OP5dzkQg,3661cae4c0c8de97af4d4aafd6671f60b81f149128806375f90eb27fd0cd2ac2,Upside Down,
44,Don't Speak,No Doubt,1996,https://www.youtube.com/watch?v=TR3Vdo5etCQ,ab70a9c27fac521ea1698c28dab1693c4c66186ce54dcea4d7d522fe4323fa9f,No Doubt - Don't Speak (Official 4K Music Video),
45,(I Can't Get No) Satisfaction,The Rolling Stones,1965,https://www.youtube.com/watch?v=nrIPxlFzDi0,15fb46d476383b1a512073131c18e705b6ac717681c7ba46d0845aadd3531c99,The Rolling Stones - (I Can't Get No) Satisfaction (Official Lyric Video),
46,Dilemma (feat. Kelly Rowland) Nelly,Kelly Rowland,2002,https://www.youtube.com/watch?v=8WYHDfJDPDc,43166e3326f8717e68919a8326592949fc96433ef838f7aa139e91f52ec6c705,Nelly - Dilemma (Official Music Video) ft. Kelly Rowland,
47,Lola,The Kinks,1970,https://www.youtube.com/watch?v=LemG0cvc4oU,77706b32c3d363335c2d516bcb05bfead76e63b83587c2e89bd3204a17ee6e6f,The Kinks - Lola (Official Audio),
48,Captain Jack,Captain Jack,1995,https://www.youtube.com/watch?v=0Bb_w7nOBwg,88c923ee42eee36e99e21c0f962c8c4cb47e04f3d91388a8416944edb94e8b36,Captain Jack - Captain Jack (Official Video 1995),
49,True Colors,Cyndi Lauper,1986,https://www.youtube.com/watch?v=LPn0KFlbqX8,d8b45de030d6a7a282d19d3bccb3b7aeb69e018f7e177917513be9bed835df08,Cyndi Lauper - True Colors (Official HD Video),
50,Hey Ya!,Outkast,2003,https://www.youtube.com/watch?v=ubk1skSE9OA,4fca31ce56f410ba15bd9be30bd46d8484f75d66deee2da930661c6509f70280,Outkast - Hey Ya! (Official HD Video),
51,Guajira Guantanamera,Joseito Fernandez,1929,https://www.youtube.com/watch?v=SVMyUUTfk80,5bb070a10d1ad4fd8440177a55ee8fb041696a1d6ff4e399879bff319af3f99d,Guantanamera (Versión Original),
52,La Cintura,Alvaro Soler,2018,https://www.youtube.com/watch?v=Eg4LUvUjUWI,33443116ae0689d0c9cef0a7483b4573ee432c1de535cbcacc7649978642f505,Alvaro Soler - La Cintura,
53,Sick and Tired,Anastacia,2004,https://www.youtube.com/watch?v=HzfyCuPVpCY,171b39331315b12c17cd9ecb7f79dfb40ce7e2f227b54f5cfe386a47e3187dff,Anastacia - Sick and Tired (Video),
54,If You Leave Me Now,Chicago,1976,https://www.youtube.com/watch?v=-9_d-sFhmRM,1eabc29ea89ef03c558e4220ba9e799eed808640ca4bd8f01c0e87e47398aaad,Chicago - If You Leave Me Now (Official Audio),
55,"Siebzehn Jahr, blondes Haar",Udo Jürgens,1965,https://www.youtube.com/watch?v=1_ReKoTY8eY,784aa62e43a1db4252a3d7bc013e1de42eb4c889a120979100463f031179fb9f,"Siebzehn Jahr, blondes Haar",
56,Murder On The Dancefloor,Sophie Ellis-Bextor,2001,https://www.youtube.com/watch?v=hAx6mYeC6pY,cd2dee55fd046b5a59838131f4b927fc5aa2a8b168ba6ed3f865561f0017fd58,Sophie Ellis-Bextor - Murder On The Dancefloor (as featured in Saltburn),
57,Sing Hallelujah!,Dr. Alban,1993,https://www.youtube.com/watch?v=pKxJca7LLNM,2e626d1e7d0f7b50d2604e836e828945dd4f2f25f247a4f42555368f0b237941,Dr Alban - Sing Hallelujah (Official HD),
58,Set Fire to the Rain,Adele,2011,https://www.youtube.com/watch?v=a2giXO6eyuI,d7e7693b5fb8cddf240d492b6b87da8bbc1418413b466ac097fd0b94913e7059,Set Fire to the Rain,
59,Herz an Herz,Blümchen,1996,https://www.youtube.com/watch?v=eGUsqIPurNQ,a59d18b346b7e1e7ca64ae13bd3857448d0c74f03653fcee0a1da2f48f8754ff,Blümchen - Herz an Herz (Official Video),
60,Tage Wie diese,Die Toten Hosen,2012,https://www.youtube.com/watch?v=j09hpp3AxIE,a0b77c3b897be8bbb4e4506d1d384eb5b54c6b40e6a33abc2195a3637dd1c68b,"Die Toten Hosen // „Tage wie diese"" [Offizielles Musikvideo]",
61,Sweet Caroline,Neil Diamond,1969,https://www.youtube.com/watch?v=4F_RCWVoL4s,23a1e787e4963cad9614f3c7e4ea73051c124b4fc71a494553aa51ad1294b2ca,Neil Diamond - Sweet Caroline (Audio),
62,Do Wah Diddy Diddy,Manfred Mann,1964,https://www.youtube.com/watch?v=1UingsUi0mI,462e7b973ae8eabf2af29d5af045c47986fc281f1fb78b1362d2ecb81176c884,Do Wah Diddy Diddy,
63,Über sieben Brücken musst du gehn,Karat,1978,https://www.youtube.com/watch?v=28MMYPoG8ag,3df8d0053c7a1ad0b0cab4f8ef89ec17332acf379f11f4a9ba478b3612046564,Karat - Über sieben Brücken musst du geh'n (Die aktuelle Schaubude 17.05.1980),
64,Don't Leave Me This Way,Thelma Houston,1976,https://www.youtube.com/watch?v=rUdw7V-FC_Q,f168a443fe058bb2d39cff030657bb0cd5406dfc8da7e22848cde7c03cd81210,Don't Leave Me This Way,
65,Can't Hold Us (feat. Ray Dalton),Macklemore & Ryan Lewis,2011,https://www.youtube.com/watch?v=96L5sV7rqX0,ec1d9d319ec12cc4aa53f735d26fbbcbd16401d41a1df1313a884549146bf178,Can't Hold Us (feat. Ray Dalton),
66,Do You Know? (The Ping Pong Song),Enrique Iglesias,2007,https://www.youtube.com/watch?v=UqON44CLaQM,ba157323ec96dcb652ce10178032bb5d437f1dd39526e74f3655dfb4b75b7a6a,Enrique Iglesias - Do You Know? (The Ping Pong Song),
67,Warum?,Tic Tac Toe,1997,https://www.youtube.com/watch?v=S2lWV74yZ5o,e56224e55a5bd938346f440ca2cdf42729698467d29c238c7fb3a65ed064350f,TIC TAC TOE - Warum? (Für Melanie) (Musikvideo),
68,Gimme Hope Jo'Anna,Eddy Grant,1988,https://www.youtube.com/watch?v=3P-imA4618Y,c3af2223739dd4daff7c1233c990ceb88941b1c49f448158167e128329076211,Eddy Grant - Gimme Hope Jo'Anna (Official Video),
69,Wind of Change,Scorpions,1991,https://www.youtube.com/watch?v=n4RjJKxsamQ,c47abe474662ca2b5a7e056768f3aba3b61d1c5f0f438ceb73bb9526879cc51a,Scorpions - Wind Of Change (Official Music Video),
70,Le Freak,CHIC,1978,https://www.youtube.com/watch?v=aXgSHL7efKg,29dec95b3aa10ae8e79d0af88fa52af22f02c4f9f007dd856ea9f11c34f47a80,CHIC - Le Freak (Official Music Video),
71,Haus am See,Peter Fox,2008,https://www.youtube.com/watch?v=j-XKgB5guDQ,330f97d46cbfeaa7cc4e7a85ea62d301500376df89b5a99d5dfd8b92a73c75ad,Haus am See,
72,Poker Face,Lady Gaga,2008,https://www.youtube.com/watch?v=bESGLojNYSo,7ab456a6e035796c5935d3b39de0948e5db928560a29f22e28d36c5375548ec5,Lady Gaga - Poker Face (Official Music Video),
73,It's a Heartache,Bonnie Tyler,1977,https://www.youtube.com/watch?v=bEOl38y8Nj8,f330944d4d5cd6e4098f15977ace1fa2479807625fec0a4bd6d1bc9a74ebda42,Bonnie Tyler - It's A Heartache (Official HD Video),
74,Johnny B. Goode,Chuck Berry,1958,https://www.youtube.com/watch?v=Y-9Y4CCIWnM,35e02617333a6f2b7905dd38452467a45aa0496e8b893c5f4f12b15f5cba11b1,Johnny B. Goode,
75,White Wedding,Billy Idol,1982,https://www.youtube.com/watch?v=AAZQaYKZMTI,80f29e010f2f9985fdf862eb4453704d4034d90789bca6366ee1af4533ad8333,Billy Idol - White Wedding (Part 1),
76,"Rigoletto: ""La Donna E' Mobile""",Enrico Caruso,1908,https://www.youtube.com/watch?v=RZNkoRb2iLQ,02724062dc5e32725d955acab8c7538c102c1a99bc1cec8a242d1af680d790c4,Enrico Caruso - La Donna e Mobile (Remastered),
77,Without You (feat. Sandro Cavazza),"Avicii, Sandro Cavazza",2017,https://www.youtube.com/watch?v=As_4JTmHuW4,63db1b86c7e1cbbaa9a119ccab0902772316defbb0e6387fa512ea37bc8e3124,Without You,
78,Volare (Nel Blu di Pinto di Blu),Gipsy Kings,1989,https://www.youtube.com/watch?v=X8TOhb_4jU0,9ce3db1bfeb26833f296d4b2ecce7a8fc32227d71fbe21d0f20bdefb23a08a15,Gipsy Kings - Volare (Nel Blu di Pinto di Blu) (Official HD Video),
79,Ca plane pour moi,Plastic Bertrand,1977,https://www.youtube.com/watch?v=8soQkubMk1g,4baa33a01c8b3eead7250993c318c6262c4765ef01b3915e8397af4d7919cd71,Plastic Bertrand  - Ça plane pour moi (Official Audio),
80,Born to Be Alive,Patrick Hernandez,1978,https://www.youtube.com/watch?v=9UaJAnnipkY,4a7126a0e1032e034f45a0ce3291fc3d1aa964425d73a44f6b940f2bbccc70de,Patrick Hernandez - Born to Be Alive - Official Video (Clip Officiel),
81,Whole Lotta Love,Led Zeppelin,1969,https://www.youtube.com/watch?v=HibBnC6SVk8,30d553d7512c51985ff1cae6519cb9119734935691d7689a6281e0e4a1dae062,Led Zeppelin - Whole Lotta Love (Official Audio),
82,Ein Kompliment,Sportfreunde Stiller,2002,https://www.youtube.com/watch?v=C4uXGzFZjqw,2411e3a35f2946acfdc7a51f4ce31f5b5d6ebebaaebbda3360e657217271a4b7,Sportfreunde Stiller - Ein Kompliment,
83,In the Mood,Glenn Miller,1939,https://www.youtube.com/watch?v=_CI-0E_jses,e24beb9f344c9954df260fec870d23f3b1f6cb28487391f0218e13d4854b3f64,Glenn Miller - In The Mood [HQ],
84,Wahnsinn,Wolfgang Petry,1983,https://www.youtube.com/watch?v=ExgfgiW-BJI,552930f82dcd4b982899719a2875b0eecf3b8d5c7911a9bf41fca8f824688672,Wahnsinn (2021 Remastered),
85,Counting Stars,OneRepublic,2013,https://www.youtube.com/watch?v=hT_nvWreIhg,4f9e977754083f330a1272b1f6d399f5f484cc6cbe51491dd4dd6496fce3de11,OneRepublic - Counting Stars,
86,Dragostea din tei,O-Zone,2003,https://www.youtube.com/watch?v=YnopHCL1Jk8,777d355af42786f9708a42a03afde035af9c70a419194e6d7bc297f396aee20d,O-Zone - Dragostea Din Tei [Official Video],
87,Everybody Hurts,R.E.M.,1992,https://www.youtube.com/watch?v=5rOiW_xY-kc,3a846baf1d03456c0c891b123d72fa746afc86f4f019b91d86d428671c62ef11,R.E.M. - Everybody Hurts (Official HD Music Video),
88,Just Give Me a Reason (feat. Nate Ruess),"Pink, Nate Ruess",2013,https://www.youtube.com/watch?v=OpQFFLBMEPI,40299bbd43cbba7d1f76a9ba902f804af314fde714fbe5c08aad9481e72403cf,P!nk - Just Give Me A Reason ft. Nate Ruess,
89,Joyride,Roxette,1991,https://www.youtube.com/watch?v=xCorJG9mubk,c6079429a3075801a21f542944b1ba3db95e930ae6b4242b1227f5d477a4fef6,Roxette - Joyride (Official Video),
90,(We're Gonna) Rock Around The Clock,Bill Haley & His Comets,1954,https://www.youtube.com/watch?v=hzYBEJgKjv0,5d6ac85adcb6f79b7c47c1cbfc84b25f419e88dea3b14029251f81916a94aca1,[We're Gonna] Rock Around The Clock,
91,Bette Davis Eyes,Kim Carnes,1981,https://www.youtube.com/watch?v=EPOIS5taqA8,a63f4194bb7cc82342705f7cf4da11fa23c63528be13e0709bbcc195a6c66b51,Kim Carnes - Bette Davis Eyes,
92,Lambada,Kaoma,1989,https://www.youtube.com/watch?v=iyLdoQGBchQ,1e2a5209d82e86adec26543755857b74204ec1168380705266e44b23765b6ff2,Kaoma - Lambada (Official Video) 1989 HD,
93,Ain't Nobody,"Rufus, Chaka Khan",1983,https://www.youtube.com/watch?v=uBnISf3Rjx8,786c73a8f5a3c1d282dad32c4ff4061c4fec764e0ca125c11f09e0b22fedbb59,Ain't Nobody,
94,Have You Ever Seen The Rain,Creedence Clearwater Revival,1971,https://youtu.be/u1V8YRJnr4Q?t=16,2ecb57d908ab20ba4c9ab4e8c7741d46ecb57d46dad17fdfc39d9e3891c84d3f,Creedence Clearwater Revival - Have You Ever Seen The Rain (Official),
95,(I've Had) The Time of My Life,"Bill Medley, Jennifer Warnes",1987,https://www.youtube.com/watch?v=4BQLE_RrTSU,e64a7fa9c67ae33d4af3e5dd729884adb406a0d38fa58c84228edcf437ee2cd4,"Bill Medley, Jennifer Warnes - (I've Had) The Time Of My Life (Official HD Video)",
96,Piu bella cosa,Eros Ramazzotti,1996,https://www.youtube.com/watch?v=eTOKcxIujgE,6c86461c1453510a66d32800a0c0c42363f231454308fd08c9c98a8c6e6c55d8,Eros Ramazzotti - Più Bella Cosa (Official Video),
97,No Son Of Mine,Genesis,1991,https://www.youtube.com/watch?v=cddQn1mZRfI,0be62a3ed262129f0bdd2368b155e4de6c2490026e7bc6b97e150c21cef971f1,Genesis - No Son Of Mine (Official Music Video),
98,Happy,Pharrell Williams,2013,https://www.youtube.com/watch?v=ZbZSe6N_BXs,7878bf7cbe23768f8a8f4b541acdee6f6a9edf95f761e3839b03082897a9d4fc,Pharrell Williams - Happy (Video),
99,Wonderwall,Oasis,1995,https://www.youtube.com/watch?v=FVdjZYfDuLE,8048295e218cc2632bf115afcb070617b374e672180dd7f0ed63fd5ffdb1e172,Wonderwall (Remastered),
100,You Can't Hurry Love,The Supremes,1966,https://www.youtube.com/watch?v=nq_TX5ZR0rU,4fd29c710574084a562ab34b45e78331357225ac7d5fb684a19f4bcdd337f48a,You Can't Hurry Love (Mono),
101,Gold Digger,"Kanye West, Jamie Foxx",2005,https://www.youtube.com/watch?v=6vwNcNOTVzY,a68f070659726466d67f15213b0a9e51160183cca90a34e6284e90cbb02ad867,Kanye West - Gold Digger ft. Jamie Foxx,
102,Ich will Spass,Markus,1982,https://www.youtube.com/watch?v=UW7lB7p0Eow,5bcef36af3b1bded7170dcda13efdc8996256d632749ac21561ec3614fee86ef,Markus - Ich will Spass (ZDF Hitparade 05.07.1982) (VOD),
103,Lady - Hear Me Tonight,Modjo,2000,https://www.youtube.com/watch?v=vRB1MLGEHSc,b7de8bd17e941a1ba60836ef68c6615ab5d5257e4d1efcabca7e02957eaaf304,Modjo - Lady (Hear Me Tonight) (Radio Edit) (HQ),
104,She Drives Me Crazy,Fine Young Cannibals,1988,https://www.youtube.com/watch?v=UtvmTu4zAMg,0c7a6a595c2deee6409e0b92d0cf7c0d3a34ff2297bf4f29f2518ef1bc656239,Fine Young Cannibals - She Drives Me Crazy (Official Video),
105,Heimweh (Dort wo die Blumen blüh'n),Freddy Quinn,1956,https://www.youtube.com/watch?v=CNwsXRsvVWE,dbdf0faf86bc492b77687204ac44b29a9869fa31dd58c76e34dc40ffb84eac41,Heimweh (Dort wo die Blumen blüh'n),
106,Moskau,Dschinghis Khan,1979,https://www.youtube.com/watch?v=lyuFLU2Zqz0,9b308b77acd3ad55c2f6d26d89f2372ff0efd97b84eaaffecc0c3c3e15565618,Dschinghis Khan - Moskau (Starparade 14.06.1979),
107,Cotton Eye Joe,Rednex,1994,https://www.youtube.com/watch?v=mOYZaiDZ7BM,d637f3c9f68734dbef99dd0800b99de1edbd0bf0f66241f49f200b66a41e4678,Rednex - Cotton Eye Joe (Official Music Video) [HD] - RednexMusic com,
108,I Can Help,Billy Swan,1974,https://www.youtube.com/watch?v=bgPsM-YWBrE,f38f931369cc6616d25424b1ff3585ac72193ec0c867c80c7abea4979ce7b15f,Billy Swan - I Can Help (Audio),
109,Dancing In the Dark,Bruce Springsteen,1984,https://www.youtube.com/watch?v=129kuDCQtHs,4ac853f3ce1ead2aacbb4c19965824912b1256d848fad56d41a9c8c11102561c,Bruce Springsteen - Dancing In the Dark (Official Video),
110,Day-O (The Banana Boat Song),Harry Belafonte,1956,https://www.youtube.com/watch?v=YO7M0Hx_1D8,3aa3ea8f92208d8d33510adb6870a70dba08abc279b3d1c655a08a76f6254ee2,Day O (Banana Boat Song),
111,Ich will 'nen Cowboy als Mann,Gitte Haenning,1963,https://www.youtube.com/watch?v=zOcyefACvws,1d428b4239931dba3f72c2752e4e7126e547348fe37b54c2916aaf1376e9b769,Ich will 'Nen Cowboy Als Mann,
112,Break My Heart,Dua Lipa,2020,https://www.youtube.com/watch?v=Nj2U6rhnucI,d9e434efde0a04e878c73b356dac6822f82ea6cf7f6d8df172be0c64be3b618a,Dua Lipa - Break My Heart (Official Video),
113,Wrecking Ball,Miley Cyrus,2013,https://www.youtube.com/watch?v=My2FRPA3Gf8,65cb43cc6d82622bc75d273400f803e139d7fecdae4b7fbbee4b5963f63bfcba,Miley Cyrus - Wrecking Ball (Official Video),
114,Jailhouse Rock,Elvis Presley,1957,https://www.youtube.com/watch?v=PpsUOOfb-vE,02242b58761eecaa7e201aefe62d48e2dd19cd3c0dae307f2ae401ec30cfb58a,Elvis Presley - Jailhouse Rock (Official Audio),
115,Adore You,Harry Styles,2019,https://www.youtube.com/watch?v=VF-r5TtlT9w,e8998222d714f357acdc31576f39d67fd75abadb09cbb77de430365a3ea21ec1,Harry Styles - Adore You (Official Video),
116,Good Golly Miss Molly,Little Richard,1958,https://www.youtube.com/watch?v=ZVQV-1Fzl3w,344de94cd6857a876944c49a57f5375afa9630f92ac13638a62c01d652ce4da2,Little Richard - Good Golly Miss Molly,
117,The Ketchup Song ,Las Ketchup,2002,https://www.youtube.com/watch?v=V0PisGe66mY,2d2eaddd42a084ac2fc68b52eb9eb8c8e74e38bebcb6a9c166b976b5ac46bc88,Las Ketchup - The Ketchup Song (Asereje) (Spanish Version) (Official Video),
118,"Relax, Take It Easy",MIKA,2007,https://www.youtube.com/watch?v=RVmG_d3HKBA,07f03f7236980c1ed3a95cdfdb6c592b7949fa22b7d02a9ed4b76fffe1125ee9,"MIKA - Relax, Take It Easy",
119,I'm a Believer,The Monkees,1966,https://www.youtube.com/watch?v=4PQAqprjOuA,21d3dac8e7a7ac97bf491f7ff5ba02203dd8cdcfa9155e06c6053add1ec3896f,I'm a Believer,
120,Schuld war nur der Bossa Nova,Manuela,1963,https://www.youtube.com/watch?v=Gnmq27MCkFY,63d3a7eaae092abead2b99a0de8aec9c0e52cee6b55f5f8991d0d71be5947ba7,Schuld war nur der Bossa Nova,
121,I Love It (feat. Charli XCX),"Icona Pop, Charli XCX",2012,https://www.youtube.com/watch?v=UxxajLWwzqY,bf58948144d80df8b1175924b623af9d76f6229cfdb003d6087efa5c33a834a5,Icona Pop - I Love It (feat. Charli XCX) [OFFICIAL VIDEO],
122,World Hold on (Children of the Sky),Bob Sinclair,2006,https://www.youtube.com/watch?v=XpdpW0z9xnQ,75b36c8feb13bf8f15a35ca2277903f25791e5a27f91b4e25d4376d19cf9a1c7,Bob Sinclar - World Hold On (Official HD Video),
123,Born To Be Wild,Steppenwolf,1968,https://www.youtube.com/watch?v=93fAJe8WVjA,1eacb6a1259de601de99851ad0e9e1881c499f00dba9a122943f2df049fcd6d7,Born To Be Wild,
124,Valerie (feat. Amy Winehouse),"Mark Ronson, Amy Winehouse",2007,https://www.youtube.com/watch?v=bixuI_GV5I0,6a5c6885b5003780be74db9a294f157a754b460ba02a4f8d6c84b192a01e7c64,Mark Ronson ft. Amy Winehouse - Valerie (Official Video),
125,(What A) Wonderful World,Sam Cooke,1960,https://www.youtube.com/watch?v=R4GLAKEjU4w,91124220bb99da989fc572f9c5a3e6ee3b6c7049138b4d3d86d9719dfbe53b69,Sam Cooke - What A Wonderful World (Official Lyric Video),
126,Männer,Herbert Grönemeyer,1984,https://www.youtube.com/watch?v=UEJNMkEr1Ls,8afe74e1fd3f675f59b8e1cd72820028d2bf2a53121f69df74a219704014af5b,Herbert Grönemeyer Männer,
127,You Get What You Give,New Radicals,1998,https://www.youtube.com/watch?v=DL7-CKirWZE,213f1610c0822e003aac9dfa5fc861c3d5e32903904700a4342638a4efa77fda,New Radicals - You Get What You Give (Official Music Video),
128,Mama,Heintje,1968,https://www.youtube.com/watch?v=u0yqKrGKukE,c19d87e9bac904df82aeade04dc10501c5a33e31d8a8aa29f6cf853960134018,Heintje - Mama (German version),
129,My Heart Will Go On,Celine Dion,1997,https://www.youtube.com/watch?v=9bFHsd3o1w0,9a03e20bb4e66cfffcb5cdeeb5c4750efa106d43326d561ab2c5bdfb6620b208,Céline Dion - My Heart Will Go On (Official 25th Anniversary Alternate Music Video),
130,Dancing On The Ceiling,Lionel Richie,1986,https://www.youtube.com/watch?v=ovo6zwv6DX4,8af330205e51cfe7b5ac16b184ea2eb1664ddd7cacb2da579a78fae713202f7f,Lionel Richie - Dancing On The Ceiling,
131,Give It Up,KC & The Sunshine Band,1982,https://www.youtube.com/watch?v=N2Gi4Y4JzOA,184e9e24ec26dd928e728488538ef7ba5d88cb43a5ff75ff590f5298fb104101,KC - Give It Up (Digital Video),
132,Feel,Robbie Williams,2002,https://www.youtube.com/watch?v=iy4mXZN1Zzk,160712ce3309fa63f13b1dc09952403745bda0d510dc7ac80263090ddfe84da3,Robbie Williams - Feel,
133,How You Remind Me,Nickelback,2001,https://www.youtube.com/watch?v=hhSLkkLl750,f52eaa9ef7ec96166acba718d78423498788921c9bd9ab290633f700b53b4c80,How You Remind Me,
134,Got My Mind Set On You,George Harrison,1987,https://www.youtube.com/watch?v=SuJuJA5k44Y,f261b62785dacaad17f15f42ab2ce29868af2d9b1ee06dd67f27691d208ecac4,Got My Mind Set on You (2009 Remaster),
135,Verdammt lch lieb' dich,Matthias Reim,1990,https://www.youtube.com/watch?v=fKV_Ma9T5N8,91e920389067585587d8ceb895ebfc7bfb22ba42e69366da2e98b040d86eee04,Verdammt Ich lieb' dich,
136,I Like To Move It,Reel 2 Real,1993,https://www.youtube.com/watch?v=_NkpHLq76ro,ae1294328345be1ee75a7a01b86b3bce2dd8c70393d737afc72330b56e61af50,"I Like To Move It (feat. The Mad Stuntman) (Erick ""More"" Album Mix)",
137,Don't You Want Me,The Human League,1981,https://www.youtube.com/watch?v=uPudE8nDog0,56b68d511f79803835481bfc89221ade5e326bfa0b430dca9dd3de4270d411e8,The Human League - Don't You Want Me (Official Music Video),
138,Drei Uhr Nachts,"Mark Forster, LEA",2021,https://www.youtube.com/watch?v=fDSOhYhORiw,432b1ac9846fedc0d343a3f273a6aa91239017925fef58e49118e8f8b2b336f2,"Mark Forster, LEA - Drei Uhr Nachts (Official Video)",
139,Westerland,Die Ärzte,1988,https://www.youtube.com/watch?v=G-NrSn3K6gM,4eef0c74ac30027a6f331ccaefc6bd4efb58039b0eedb5c1c2a688a80ef6fcc0,Die Ärzte - Westerland,
140,Every Breath You Take,The Police,1983,https://www.youtube.com/watch?v=OMOGaugKpzs,b76d28067187df678c0ec77d5b5d7e7ccb97674c33b0e01390a179add62e12c8,The Police - Every Breath You Take (Official Music Video),
141,Bitter Sweet Symphony,The Verve,1997,https://www.youtube.com/watch?v=1lyu1KKwC74,bc487057389be8a9756812a9fe0f147f9477c47bf1a9f651963558bb49356f33,The Verve - Bitter Sweet Symphony,
142,Gettin' Jiggy Wit It,Will Smith,1998,https://www.youtube.com/watch?v=3JcmQONgXJM,65b22f5c758b3e945a8a8f775d0932a3ba99197eee7ede437e0fb4c520594ae1,Will Smith - Gettin' Jiggy Wit It,
143,Barbie Girl,Aqua,1997,https://www.youtube.com/watch?v=ZyhrYis509A,4ec84791e752727447fee9409ad9b992b875260dc520cb91a7fa812ef0b966e4,Aqua - Barbie Girl (Official Music Video),
144,Pack Die Badehose Ein,Cornelia Froboess,1951,https://www.youtube.com/watch?v=Jq755GRl4E0,ed8a0fbc2b6d186ef8172c76c7214241fbefcd6912db5dab5901369b585fdff5,Pack die Badehose ein,
145,Torn,Natalie Imbruglia,1997,https://www.youtube.com/watch?v=UOJkzcJigGI,9554dbb66651062b6373814367c59d3dc41239309865b5a07694a06df49178b0,Natalie Imbruglia - Torn (Official Audio),
146,The Wanderer,Dion,1961,https://www.youtube.com/watch?v=SbYa7NBYyRc,30f85eb0e4d108a63a7f71beaf20508c7e1a47526a3c3c49f7c67c19f3a1e1dd,The Wanderer,
147,La Bamba,Ritchie Valens,1958,https://www.youtube.com/watch?v=t-L19Qt-ozI,e34e25b5b7e47c2eae8cd6cc199c3fa939f24b5f3963a728d473ac86ce6bc081,La Bamba,
148,Toosie Slide,Drake,2020,https://www.youtube.com/watch?v=dGYxT1QReQs,697d6ab65aacbabd071157e356a3063a9bd30914f0f237fcff179c12e7250e76,Drake - Toosie Slide (Official Explicit Audio),
149,drivers license,Olivia Rodrigo,2021,https://www.youtube.com/watch?v=ZmDBbnmKpqQ,dc1d06e68090195f0333b79562a2001c0db8b35712e9901056dfa5fe16ae1bcb,Olivia Rodrigo - drivers license (Official Video),
150,Moves Like Jagger,"Maroon 5, Christina Aguilera",2011,https://www.youtube.com/watch?v=iEPTlhBmwRg,2b716c86361ebe3c0f510d0bc0c265eaaf9d6b92d66a27aff317e92c8bd3727f,Maroon 5 - Moves Like Jagger ft. Christina Aguilera (Official Music Video),
151,Atemlos durch die Nacht,Helene Fischer,2013,https://www.youtube.com/watch?v=haECT-SerHk,db46985e2263c973a48b0fb582c42a76c14c824993c6c7486303e2ad4c7128b5,Helene Fischer - Atemlos durch die Nacht,
152,Stop,Spice Girls,1998,https://www.youtube.com/watch?v=5JD6ejmlpa8,5e7ebfd261089369cd98c071aac6b350e188ddaafc988438855509970975c78e,Spice Girls - Stop (Official Music Video),
153,If You Had My Love,Jennifer Lopez,1999,https://www.youtube.com/watch?v=lYfkl-HXfuU,e079687389041a494a6f98606b6d095ac9567a43af55e8f9419f05fdc42bdd86,Jennifer Lopez - If You Had My Love (Official Video),
154,More Than a Feeling,Boston,1976,https://www.youtube.com/watch?v=DCZNFmHJbV8,47c53cc35a5ce8cbee2606458147d577159f9313b59230c8833eff224c75704e,More Than a Feeling,
155,Disco Inferno,The Trammps,1976,https://www.youtube.com/watch?v=pG8TyIEAqps,f15ee3131a2d908968d9b121926bf4e113a6adaf588f9c5c5a39bbb6a7fe1b49,Disco Inferno (Edit),
156,Someone You Loved,Lewis Capaldi,2018,https://www.youtube.com/watch?v=zABLecsR5UE,e241a75ba8552726c53bf011d3ae0d00fb08cabfb08907a5d34a7a1bdb9f1207,Lewis Capaldi - Someone You Loved,
157,"MIEF! (Nimm mich jetzt, auch wenn ich stinke)",Die Doofen,1995,https://www.youtube.com/watch?v=gyrMA-pu6y8,864ccc8606fe6543e53e52d32d48b552af0f9277c111523ca02df87d1df98149,"Die Doofen - Mief (Nimm mich jetzt, auch wenn ich stinke) Official Video",
158,Sweet Child O' Mine,Guns N' Roses,1988,https://www.youtube.com/watch?v=1w7OgIMMRc4,8bbb3d50902f23f1d517b1e11021a6ce06eabef12796645bc49fab8f3c86b9f2,Guns N' Roses - Sweet Child O' Mine (Official Music Video),
159,Your Song,Elton John,1970,https://www.youtube.com/watch?v=FT3D1Cu6g10,cd4fcee7a74668065835d0ec921dc71881088260f3de52b450e29adfc26ec4a6,Your Song,
160,Congratulations,Cliff Richard,1968,https://www.youtube.com/watch?v=770f-pwPe4o,c0427a75afd3077b47fdb332bc73fb4c535d6173857dd4c90e19462228a6413f,Congratulations,
161,You're So Vain,Carly Simon,1972,https://www.youtube.com/watch?v=j13oJajXx0M,65404ec60abd91fd489837973aaaf811874f9b6e7d67105a858596bbc1db2f8f,Carly Simon - You're So Vain,
162,Easy,Commodores,1977,https://www.youtube.com/watch?v=0XRrYgByp28,76ad74d8baf857c22dbd965267cbf2bbe63205251beb21776e4e7a5e19436a77,Easy,
163,Forever Young,Alphaville,1984,https://www.youtube.com/watch?v=t1TcDHrkQYg,3f1f69bc30822068f62216b4835683159b2562b0acc83672c782435cc38adc84,Alphaville - Forever Young ~Official Video,
164,Maneater,Daryl Hall & John Oates,1982,https://www.youtube.com/watch?v=yRYFKcMa_Ek,b6f9594aba3ce1a1261f6784e4f6505b41b35b55ede645da89a40611fed6fd93,Daryl Hall & John Oates - Maneater (Official Video),
165,Rock Me Amadeus,Falco,1985,https://www.youtube.com/watch?v=OKxBk4V79Co,75a13647a1556aa71662f3852ad92a2a9e5e67c540b4ba97c6a8363696bc4533,Rock Me Amadeus,
166,I Got You Babe,Sonny & Cher,1965,https://www.youtube.com/watch?v=HKGjCPBSG38,213677cf436506f8b111185a335756c9c5545b7a0993094c740aedd63a2dac60,Sonny & Cher - I Got You Babe (Official Audio),
167,Junge,Die Ärzte,2007,https://www.youtube.com/watch?v=iK-1oGphELM,ae176d93794cb2294e913f6e0795d15583b4339397abe552a3872d045d777a50,die ärzte - Junge (Offizielles Video - Refurbished 2025),
168,Everywhere,Fleetwood Mac,1987,https://www.youtube.com/watch?v=YF1R0hc5Q2I,3bf4dec3aec3dadc4e8aaa02bc3e9ef046799b42af3c035db728ee79c3d02eeb,Fleetwood Mac - Everywhere (Official Music Video),
169,Zombie,The Cranberries,1994,https://www.youtube.com/watch?v=6Ejga4kJUts,a9b2d2165aabf842bb82f500dff4a6966df18dd824bcd5ddd3f49e2e01fb36dc,The Cranberries - Zombie (Official Music Video),
170,Barbra Streisand,Duck Sauce,2010,https://www.youtube.com/watch?v=wWhtcU4-xAM,967a273c2e0550ffc94dbe47cd58349df0dc0f662a16db5c1f8ffb16db2a3b67,Duck Sauce - Barbra Streisand (Official Video),
171,No One,Alicia Keys,2007,https://www.youtube.com/watch?v=rywUS-ohqeE,9bf34f95419ac6f733d3f2ffda9d0773f7e78c63b179ad776f11bfef931e40f4,Alicia Keys - No One (Official Music Video),
172,I Knew You Were Waiting (For Me),"George Michael, Aretha Franklin",1987,https://www.youtube.com/watch?v=fDxzQJaA228,566921bced82a4803fc5a222b1425cf37ba37130d3feb828dd6376b6e2b89fb0,"George Michael, Aretha Franklin - I Knew You Were Waiting (For Me) (Official Video)",
173,"December, 1963 (Oh What a Night!)",Frankie Valli & The Four Seasons,1975,https://www.youtube.com/watch?v=mTUhnIY3oRM,0b2cdf8c60463402da9aa2fe7a7f92cbdfa31a42b04723609c04952e48a42015,"Frankie Valli & The Four Seasons - December, 1963 (Oh, What a Night) (Official Music Video)",
174,4 Minutes (feat. Justin Timberlake and Timbaland),Madonna,2008,https://www.youtube.com/watch?v=aAQZPBwz2CI,4aad9212d6a9380ec1d65de22d82a21bcf14d1ceeb4649ae547b816597ac51f4,Madonna - 4 Minutes feat. Justin Timberlake & Timbaland (Official Video) [4K],
175,Autobahn,Kraftwerk,1974,https://www.youtube.com/watch?v=MOaDUBxAoVI,b8aef6a957f3ab6ea2104b4824c2f44e8209d638b55e02c5b9fc85d8db2a57b0,Autobahn (2009 Remaster),
176,She's A Lady,Tom Jones,1971,https://www.youtube.com/watch?v=x8G4xrYfWmw,5a2441c5efa26b1761c776310b7cb16534e0746003d7d9ac7773a76d5d800352,She's A Lady,
177,Señorita,"Shawn Mendes, Camila Cabello",2019,https://www.youtube.com/watch?v=Pkh8UtuejGw,2be1552ff02d3575a16c11d088aa8dbf5bcb809d506489f3cd953c01948af58d,"Shawn Mendes, Camila Cabello - Señorita",
178,Killing Me Softly With His Song,Fugees,1996,https://www.youtube.com/watch?v=oKOtzIo-uYw,de08a4bae805d889b0cc80cd643feb316804e46b89dba33d7f60ed6b9dfe4504,Fugees - Killing Me Softly With His Song (Official Video),
179,Oops!...I Did It Again,Britney Spears,2000,https://www.youtube.com/watch?v=CduA0TULnow,65c7bdbc7c33c64fc34c3ccca6a7bb3378610c7d57e89c6ee401f2f0ada38572,Britney Spears - Oops!...I Did It Again (Official HD Video),
180,Nur noch kurz die Welt retten,Tim Bendzko,2011,https://www.youtube.com/watch?v=4BAKb2p450Q,c2118de1b2c215a95c6467860a251ed3efd40e3876a8f9c1c222e5cb80b9d872,Tim Bendzko - Nur Noch Kurz Die Welt Retten (Offizielles Video),
181,Whatcha Say,Jason Derulo,2009,https://www.youtube.com/watch?v=pBI3lc18k8Q,651d02475c126c8677eae82458be98e79bfd7bf219f9dd7a63ddc4f712545ac2,Jason Derulo - Whatcha Say [Official Music Video],
182,Abenteuerland,Pur,1995,https://www.youtube.com/watch?v=XC-HspEa2vs,03f47bbfc82e389e6f32a39b0e977e42fc121362871218188bafb856da8849b0,PUR - Abenteuerland,
183,Talk,Coldplay,2005,https://www.youtube.com/watch?v=EH9meoWmAOM,f86821093cc3957da144e66965492876ee2a543e0c62dac5ec5c026972a5c4f8,Coldplay - Talk (Official Video),
184,Somebody That I Used to Know (feat. Kimbra),Gotye,2011,https://www.youtube.com/watch?v=8UVNT4wvIGY,712e9f4e78d7806433b22a008b08be8efb36688507aacc9d08933551914c9e35,Gotye - Somebody That I Used To Know (feat. Kimbra) [Official Music Video],
185,Fast Car,Tracy Chapman,1988,https://www.youtube.com/watch?v=AIOAlaACuv4,f725ae6d64a1b8d739ff2495663ed9af00babc422df55f993f4f5e71b80c965e,Tracy Chapman - Fast Car (Official Music Video),
186,The Living Years,Mike + The Mechanics,1988,https://www.youtube.com/watch?v=5hr64MxYpgk,95201c98d733159513b9c92e39dc89173d1c9c63c9f046718bb5ac691e4cefa7,Mike + The Mechanics - The Living Years (Official Video),
187,Ab in den Süden,Buddy,2003,https://www.youtube.com/watch?v=q5WdWSpz1vQ,ac3d5373823de666f0b2bc146e9408c561c6578c11a32f95dfc063e1476befd7,Ab in den Süden,
188,The Boy Is Mine,Brandy & Monica,1998,https://www.youtube.com/watch?v=qSIOp_K5GMw,395e330c23fc539a540afa9bbb2f6610098a034638c8e67aa886671db881de33,Brandy & Monica - The Boy Is Mine (Official Video),
189,All I Have to Do Is Dream,The Everly Brothers,1958,https://www.youtube.com/watch?v=56cKlT62wrQ,f4c15a326bd9dcd624e48ec8180a217caa6456dd0ffc7a79ecb0223c5aebcf1d,All I Have to Do Is Dream,
190,Surfin' U.S.A.,The Beach Boys,1963,https://www.youtube.com/watch?v=KcZn05qxVgg,102c56bcfc1b092cdf633cde6a9876bc015350f1893a03f66342043a0fc54e1c,Surfin' U.S.A. (Stereo),
191,Whole Again,Atomic Kitten,2001,https://www.youtube.com/watch?v=1V0xQkk9kbc,7d6ea36e815d0661f434eb85c85e788aa97693c18beefbad91d7b817f6b93578,Atomic Kitten - Whole Again (Official Video),
192,Right Here Waiting,Richard Marx,1989,https://www.youtube.com/watch?v=S_E2EHVxNAE,77f87e7cb4b3d44591a338c76c12040395fe3cc142a2f7ef059009bf5c2b3949,Richard Marx - Right Here Waiting (Official Music Video),
193,Geboren um zu leben,Unheilig,2010,https://www.youtube.com/watch?v=1YOovPkiMrk,c10c326297284a4f7823d9296f819715ac04742d2dc2bc1695a021255cbb9f8c,Unheilig - Geboren um zu leben (Official Video),
194,Die Nacht von Freitag auf Montag,SDP feat. Sido,2012,https://www.youtube.com/watch?v=388e_8mu1t4,785dfa17a45b0107b17660b11aed93a8af2548ba11de59553948b4650c01d1c2,SDP feat. Sido - Die Nacht von Freitag auf Montag,
195,Fallin',Alicia Keys,2001,https://www.youtube.com/watch?v=Urdlvw0SSEc,77a24b17619093736abc0ba771cc55b41c4e24ce81d4491eba2e8f8854d2b4b8,Alicia Keys - Fallin' (Official HD Video),
196,Firework,Katy Perry,2010,https://www.youtube.com/watch?v=QGJuMBdaqIw,9720e0b5fd900bbaf5f9721953d2cd904163e35b012a6b0bb846a291fffcc230,Katy Perry - Firework (Official Music Video),
197,Genie In A Bottle,Christina Aguilera,1999,https://www.youtube.com/watch?v=kIDWgqDBNXA,cc8aedb31c217d8fb7de7985e4f5de12c1d6a6a96ee99a186d02eea8dfc0aab0,Christina Aguilera - Genie In A Bottle (Official Video),
198,Euphoria,Loreen,2012,https://www.youtube.com/watch?v=t5qURKt4maw,00d5b136e9730ec4b9c3b9216a4a04b8bfee5f61c6966a3902c352ff1292129c,Loreen - Euphoria (Official Audio),
199,Africa,TOTO,1982,https://www.youtube.com/watch?v=FTQbiNvZqaY,7bca89f29ffc2a3f692285af89d200b2ad045e02c99ff4e75cceb8f4864b93f0,Toto - Africa (Official HD Video),
200,At The Hop,Danny & The Juniors,1957,https://www.youtube.com/watch?v=SEPvoNA1OGw,2dc1e2e52f8cda83b8c2a7cdac18aa256d13a4efe023aac7913051d19a7acfc2,At The Hop,
201,Mr. Vain,Culture Beat,1993,https://www.youtube.com/watch?v=VAmq5-wcLHE,66f01088a5ee4c7b5dff70303aff4b45174511c94aae748d827f52a830a6a092,Mr. Vain (Original Radio Edit),
202,Sweet Dreams (Are Made Of This),"Eurythmics, Annie Lennox, Dave Stewart",1983,https://www.youtube.com/watch?v=qeMFqkcPYcg,23a5acbbee8a4393a5085c3bfe5daaabfe5f079e40a538048b2cde7eb2e2cbb0,"Eurythmics, Annie Lennox, Dave Stewart - Sweet Dreams (Are Made Of This) (Official Video)",
203,All About That Bass,Meghan Trainor,2014,https://www.youtube.com/watch?v=7PCkvCPvDXk,f5a42a284d5a2121e0c0b984a2a74622cbc0cad3a5786344080f9aa556b441f6,Meghan Trainor - All About That Bass (Official Video),
204,Don't Dream It's Over,Crowded House,1986,https://www.youtube.com/watch?v=J9gKyRmic20,269c799f42b474a20c84714265ec616febcf227160290e333f54afaedf130baf,Crowded House - Don't Dream It's Over (Official Music Video),
205,Purple Rain,Prince,1984,https://www.youtube.com/watch?v=edDiY323768,7707c2be952d21dc9f0a01f6a23c725a14fc0b2f6dae35472964e8d14d5a4ed0,Purple Rain,
206,All of Me,John Legend,2013,https://www.youtube.com/watch?v=450p7goxZqg,da23e6c481ce3cc0ed6aaf1defb3a67a2a98d8eff706493dea533fc6fe64e9e2,John Legend - All of Me (Official Video),
207,Schöner fremder Mann,Connie Francis,1964,https://www.youtube.com/watch?v=X6OUwtI9J5E,03c0a3d12b9aca1f38d0b0504738f1da1435e4628f363275b1298cd9738532a0,Schöner fremder mann,
208,Love Is All Around,Wet Wet Wet,1994,https://www.youtube.com/watch?v=h3gEkwhdXUE,9f0eb5d23c7180176c8a5657d25f3b14a0475dff791c9440a3964462c4e329b1,Wet Wet Wet - Love Is All Around,
209,Gangsta's Paradise,Coolio feat. L.V.,1995,https://www.youtube.com/watch?v=SQCSxqScSVQ,9671195cc3c447074a88e66a76f6375b3a9cb9b53e16be0558ea9a64e16dd116,Coolio - Gangsta's Paradise (Official Music Video) [HD] ft. L.V.,
210,See You Later Alligator,Bill Haley & His Comets,1956,https://www.youtube.com/watch?v=Y5b2R6SE26Y,6bf554ef7a139b87ed9c0dee7a0b0b7398c7ef88f3af26f0dbe99deaa8200965,See You Later Alligator,
211,Jump Around,House Of Pain,1992,https://www.youtube.com/watch?v=jrL_LzX5wv4,ab2ba38523df79f5fa2f596b0dd41b8d0f0f666b6fc44281a5f66dd1a7cd3e3b,House of Pain - Jump Around (Official Music Video) [HD],
212,Nothing Compares 2 U,Sinéad O'Connor,1990,https://www.youtube.com/watch?v=0-EF60neguk,a4f66fd8794f3c92ed8358f839f112cddb139fdba8084fe93df263f2a9a3a0ec,Sinéad O'Connor - Nothing Compares 2 U (Official Music Video) [HD],
213,Engel,Rammstein,1997,https://www.youtube.com/watch?v=x2rQzv8OWEY,ed81798827eaa35a3c018079af13b77fd6aa7e1899b8ccf8fdd690c1eb23e5f0,Rammstein - Engel (Official Video),
214,Because of You,Kelly Clarkson,2005,https://www.youtube.com/watch?v=Ra-Om7UMSJc,aec78f643cb0750924dd3d5d8c0e98b4058e46c8323ff8e55f1dc242525c2390,Kelly Clarkson - Because Of You (VIDEO),
215,Du trägst keine Liebe in dir,Echt,1999,https://www.youtube.com/watch?v=7fUpaXxPgMI,f869c06bb838e7b098018eb69dd82560ac8de1890024c802ef1679b5b0fc8f05,Echt - Du trägst keine Liebe in dir (Offizielles Musikvideo),
216,Part-Time Lover,Stevie Wonder,1985,https://www.youtube.com/watch?v=MpDM6ygsb20,98f1be472c7c118426f7556cedb543888fa29113a9d9abf92159fed3159c5319,Part-Time Lover,
217,Walk Of Life,Dire Straits,1985,https://www.youtube.com/watch?v=kd9TlGDZGkI,cd16ba15c594edd00fab50e8ac58f2429626cffbd085be68e19501510763a341,Dire Straits - Walk Of Life (Official Music Video),
218,All That She Wants,Ace of Base,1992,https://www.youtube.com/watch?v=d73tiBBzvFM,91dd79382514510ddd81d9f37d7cc1965e1e4c69f5f3a2396863be6bb6489c19,Ace of Base - All That She Wants (Official Music Video),
219,Alles nur geklaut,Die Prinzen,1993,https://www.youtube.com/watch?v=yMR45cZbvDw,548b33d353e04e2fcb1faf7fdc97cabf4f7725c048bd8f205f77d26f389cdc0d,Die Prinzen - Alles nur geklaut (Offizielles Musikvideo),
220,Waterloo,ABBA,1974,https://www.youtube.com/watch?v=Sj_9CiNkkn4,c646d8b8ee151cfc64a3035caf9e94a1cadfd70ce317c6edf68ff3cec415506d,ABBA - Waterloo (Official Music Video),
221,Heaven,Bryan Adams,1985,https://www.youtube.com/watch?v=s6TtwR2Dbjg,e773414de10559882a0ce4373d589e2e33501f165e723d427afb32ea29ee5d28,Bryan Adams - Heaven,
222,Durch den Monsun,Tokio Hotel,2005,https://www.youtube.com/watch?v=S_Sy5-sOodA,d7306ac652e2d4a3b5beae4bc46e1249ee1ad32676292d0840af178813804387,Tokio Hotel - Durch Den Monsun,
223,The Locomotion,Little Eva,1962,https://www.youtube.com/watch?v=HiN03MTBCYo,49341028d8fa8a5e6efe6230fbf8c4ce56597dbcf9292a4c2a0febb21f23747a,The Locomotion (Remastered),
224,Smells Like Teen Spirit,Nirvana,1991,https://www.youtube.com/watch?v=hTWKbfoikeg,24463589897e88323496df7a01d934b95debb1b092383c8f3e96efdcad0ce5f2,Nirvana - Smells Like Teen Spirit (Official Music Video),
225,Fly Away,Lenny Kravitz,1998,https://www.youtube.com/watch?v=EvuL5jyCHOw,22ac06d7b5f66eae30835879a0bfa2e76c072dcff6334dfebf8755b09c199d33,Lenny Kravitz - Fly Away (Official Music Video),
226,Smalltown Boy,Bronski Beat,1984,https://www.youtube.com/watch?v=88sARuFu-tc,4854a0c51fd1d119b8e04e79528844b7e915fc8a4223f5c2e4ee3ce6280b3552,Bronski Beat - Smalltown Boy (Official Video),
227,Ring of Fire,Johnny Cash,1963,https://www.youtube.com/watch?v=1WaV2x8GXj0,55ed1d5ee92da1b861b27d8782c3057a5b8ad2ef93537220ea7fd48cef46281f,Ring of Fire,
228,These Boots Are Made for Walkin',Nancy Sinatra,1965,https://www.youtube.com/watch?v=GM1kzbAgo_E,c4b630358560e4b898aa79ea3b904648939bc1df7f66ba68a3647b4c122feeb9,Nancy Sinatra - These Boots Are Made For Walkin' (Official Music Video),
229,Price Tag ft. B.o.B,Jessie J,2011,https://www.youtube.com/watch?v=qMxX-QOV9tI,5345f48b25f516529c3d567e59c8278a418c3f5cc15c2d6f7b26adf089cb215d,Jessie J - Price Tag ft. B.o.B,
230,Itsy Bitsy Teenie Weenie Honolulu Strand Bikini,"Caterina Valente, Silvio Francesco",1960,https://www.youtube.com/watch?v=xxSPQGaGqd0,b3d47ca4c341af388a930d15c25641b0f9b94d871d444f2f7576e52fb3f72ef7,Itsy Bitsy Teenie Weenie Honolulu Strand Bikini,
231,Informer,Snow,1992,https://www.youtube.com/watch?v=TSffz_bl6zo,f343f18882713c1d6ad1d79d11551e1763604c7662d048477e266fe64a27a4f5,Snow - Informer (Official Music Video) [4K Remaster],
232,Das Beste,Silbermond,2006,https://www.youtube.com/watch?v=LyYAQHDMqfA,ce8fe59f11dcf39d78ed6098e5ca29321bff3ec67cbe76aed4fa3043757f5cfb,SILBERMOND - Das Beste (Offizielles Musikvideo),
233,Celebration,Kool & The Gang,1980,https://www.youtube.com/watch?v=3GwjfUFyY6M,cfeb9c93963d34289364d6aa7859feeab8e04e96584f6e68274fee8c9d6c3492,Kool & The Gang - Celebration,
234,Believe,Cher,1998,https://www.youtube.com/watch?v=nZXRV4MezEw,edfccfef7fd8319c6b775b34baf108c16b4733f66b8f8753a46d76b233858b31,Cher - Believe (Official Music Video) [4K Remaster],
235,Knock On Wood,Amii Stewart,1979,https://www.youtube.com/watch?v=oLS57N4kUN0,5ef2efbe7d8da6f7d304db48bcb3af65262f5fae132a57b7fe62ec86738d04f0,"Knock on Wood (7"" Edit)",
236,Mercy,Duffy,2008,https://www.youtube.com/watch?v=y7ZEVA5dy-Y,4f412ef1b578bef324da62e6ff5a104904b7a4584da63d912a5290323abde92a,Duffy - Mercy,
237,We Are Family,Sister Sledge,1979,https://www.youtube.com/watch?v=lJh4L8NMHfw,b5638b10f9a68bd4ab73220e155c51193787f2f29c5390048e5c33280b30300f,We Are Family,
238,In the Summertime,Mungo Jerry,1970,https://www.youtube.com/watch?v=wvUQcnfwUUM,55b5579c419fff8cfb58dab8b4e75c0110d6ea74a2a7cb0a662b3a3d2c13217c,Mungo Jerry - In The Summertime ORIGINAL 1970,
239,Return of the Mack,Mark Morrison,1996,https://www.youtube.com/watch?v=uB1D9wWxd2w,b93e7b07f34c8bec8f02fc4548abc643a22ad6e150ecc7638f2b7205dfb54981,Mark Morrison - Return of the Mack (Official Music Video),
240,Zuckerpuppe (Aus der Bauchtanz-Truppe),Bill Ramsey,1961,https://www.youtube.com/watch?v=udkFht8LtP0,34b7432ede8e9ad5a0ab45287bcd01ba0156c1f445a67ce52c667207e0c4128b,Zuckerpuppe (Aus der Bauchtanzgruppe),
241,Nah Neh Nah,Vaya Con Dios,1990,https://www.youtube.com/watch?v=VMakqYyrd3s,509963c8662a3d37e024cb99f0dcbde8b7e20ff0791061b6cff8bbfe7fb3f495,Vaya Con Dios - Nah Neh Nah (Still),
242,Emanuela,Fettes Brot,2005,https://www.youtube.com/watch?v=rigxc8puTts,3b205713ba73e53ccbcf36cb824835abe598a636d1242e79843ac651bae0f351,Fettes Brot - Emanuela (Official),
243,Skandal im Sperrbezirk,Spider Murphy Gang,1981,https://www.youtube.com/watch?v=u-AwlK_wBJ8,a1fad080511f6b6543fbc75d07532c15e348c984c1978cbd7bed29103db2211f,Skandal im Sperrbezirk (Remastered 2007),
244,It's My Life,Bon Jovi,2000,https://youtu.be/vx2u5uUu3DE?t=25,33558b87f0fbaf1484c82ecec41acecad7a806be268a342bdab21d467fc474ea,Bon Jovi - It's My Life (Official Music Video),
245,Ganz Paris Träumt Von Der Liebe,Caterina Valente,1954,https://www.youtube.com/watch?v=uhVP418YR_8,a712755f6d22421c707d44f6f0acda128e91f8588cd3aa203645b9343efe1e85,Ganz Paris träumt von der Liebe,
246,Crazy In Love (feat. Jay-Z),Beyoncé,2003,https://www.youtube.com/watch?v=ViwtNLUqkMY,7e31969c34b63b85fb7182b566979e0b79d5d17ef946556e31841e166e6bd500,Beyoncé - Crazy In Love ft. JAY Z,
247,Blinding Lights,The Weeknd,2019,https://www.youtube.com/watch?v=4NRXx6U8ABQ,214ce680698d51274277910e53210da725e295d669f44e20004f7ad44884b0f9,The Weeknd - Blinding Lights (Official Video),
248,Die Gitarre und das Meer,Freddy Quinn,1959,https://www.youtube.com/watch?v=3y57Xi5crxA,fd12904b02c562a014b03bd913a6edffc409379defce9d34f3dc46ac43a51ae4,Die Gitarre und das Meer,
249,Save Tonight,Eagle-Eye Cherry,1997,https://www.youtube.com/watch?v=Nntd2fgMUYw,bdd095e3efe5dbd0244e6a32d2973b58677127e58e33c12eff903d13713473ae,Eagle-Eye Cherry - Save Tonight,
250,Holding Back the Years,Simply Red,1985,https://www.youtube.com/watch?v=yG07WSu7Q9w,7e8a2644fccfc5770411a7d7edf65ab4a710dc6b09e18146f588368ada7e2acd,Simply Red - Holding Back The Years (Official 4K Remaster),
251,Die Eine,Die Firma,1998,https://www.youtube.com/watch?v=B_UubU2rxJw,5f942da2438c3c11109b0b824e13666f7432f7310945d4386869931271bcbf56,Die Firma - Die Eine ( 1996 original ),
252,1000 und 1 Nacht,Klaus Lage,1984,https://www.youtube.com/watch?v=s-Sqe30hn4U,14aa79da35dcf929dded6b747e66894265013e6b3b49ab490e2e10e23a75e329,1000 und 1 Nacht (Zoom!) (Remastered 2011),
253,Die guten Zeiten,"Wincent Weiss, Johannes Oerding",2021,https://www.youtube.com/watch?v=Swlxm_msl4k,1288a5f16d2dd07c151313ed168f64d08538b8515ea6a52d2623cbbf82b02616,"Wincent Weiss, Johannes Oerding - Die Guten Zeiten (Official Music Video)",
254,Circles,Post Malone,2019,https://www.youtube.com/watch?v=wXhTHyIgQ_U,aae57677a52773f4824fce8112a51416e00e90aa47ac71de85bde7f5704f3fd3,Post Malone - Circles,
255,"Marmor, Stein und Eisen bricht",Drafi Deutscher,1965,https://www.youtube.com/watch?v=BTmtOd4mpco,856be4fc37eb862ed341be3e5d4bc93a4796c6e956799ae2e586afa006af9838,"Marmor, Stein und Eisen bricht",
256,Why,Annie Lennox,1992,https://www.youtube.com/watch?v=HG7I4oniOyA,21355d917fe7ce492ce359dc7cce1fb225b119a856f90cda3fd6178fe7d3d421,Annie Lennox - Why (Official Music Video),
257,Cheap Thrills,Sia,2015,https://www.youtube.com/watch?v=31crA53Dgu0,e26a26114d3a7f397cdfa2184f35fad1ab7f7c6cad932170028da29665f73934,Sia - Cheap Thrills (Performance Edit),
258,Under Pressure,"Queen, David Bowie",1981,https://www.youtube.com/watch?v=a01QQZyl-_I,16d10900115bed2c8bb5ef2694192d7f9c5a7d71030feea679cd45ca6dc8dff6,Queen - Under Pressure (Official Video),
259,Numb / Encore,"JAY-Z, Linkin Park",2004,https://www.youtube.com/watch?v=Ptgu47t9rKk,d00ee17b52c3ac28245b6cb92721f2633f1264d4801b5c49f8fa70f37a7f0a65,Numb / Encore,
260,Good Vibrations,The Beach Boys,1966,https://www.youtube.com/watch?v=apBWI6xrbLY,ba843ab02c0b90d6fe29f9eaf0dd0f11b8e4b691e1d16bef4d257476ff959b25,The Beach Boys - Good Vibrations (Official Music Video),
261,Ain't That A Shame,Fats Domino,1955,https://www.youtube.com/watch?v=U4uWi7-5iQg,0aa813b9e6ed7283de8c0c02f425c194955ca214689d4c5b3f09ff889b5f1da5,Ain't That a Shame (1955),
262,Das Boot,U96,1992,https://www.youtube.com/watch?v=YVxXbTk-zsQ,b3dc8a4967fb55c259741605b34d7ba11d815cd36008089a3c5b05f6aae821f3,U 96 - Das Boot,
263,Praise You,Fatboy Slim,1999,https://www.youtube.com/watch?v=ruAi4VBoBSM,d53e45e3977a93b5ddac2710bc8571b7bbf3ecb85ae370213987548d1f287bf5,Fatboy Slim - Praise You [Official Video],
264,Could I Have This Kiss Forever,"Enrique Iglesias, Whitney Houston",2000,https://www.youtube.com/watch?v=zsfj9j0kjoU,7f4ae963a057ffb6c54de96eb449c9da5e83513bf0d99d62dcbb3f0b594c7fca,Whitney Houston with Enrique Iglesias - Could I Have This Kiss Forever (Official HD Video),
265,Major Tom (Völlig lösgelöst),Peter Schilling,1982,https://www.youtube.com/watch?v=vr_UK0tSb8M,3f041ead10ad4d49815f3a294ae5914bd98e2fd311751dd0bb9dd553c238154d,Major Tom (Völlig losgelöst),
266,Where Is The Love?,Black Eyed Peas,2003,https://www.youtube.com/watch?v=WpYeekQkAdc,7d525252e243160c6d1d9a46fc9173106c0cab201bcaa01ed6daa322c2ea8b36,The Black Eyed Peas - Where Is The Love? (Official Music Video),
267,It Wasn't Me,"Shaggy, Rik Rok",2000,https://www.youtube.com/watch?v=sTMgX1PDGAE,3866cd3d6daa3ba86a05c734ddf88cba91c3501cd9e45b9fcbea112a1f95d181,It Wasn't Me,
268,Dance Monkey,Tones And I,2019,https://www.youtube.com/watch?v=q0hyYWKXF0Q,3c76b4db7461144f3e5663224dd0b95ff55ce9fc0550c9bed8071b571b67143c,TONES AND I - DANCE MONKEY (OFFICIAL VIDEO),
269,It's In The Kiss (The Shoop Shoop Song),Betty Everett,1964,https://www.youtube.com/watch?v=5XOVJsJAIW0,f88c44eba74cba183f3006a5a591f6a6a51a837d48cee3214e94e8fe46e5ab79,The Shoop Shoop Song (It's In His Kiss),
270,I Got You (I Feel Good),James Brown & The Famous Flames,1965,https://www.youtube.com/watch?v=3C6pGF43L7Q,dd3807c14bb72429e30c102e6e7865e931d5781034dac42f2e2b68801ae74bba,I Feel Good (I Got You),
271,Lonely,Akon,2005,https://www.youtube.com/watch?v=6EEW-9NDM5k,cc2bfca715e2441de64c7d76069d2d21b9e8e206515c244333d3e4556a9b0440,Akon - Lonely (Official Music Video),
272,Super Freak,Rick James,1981,https://www.youtube.com/watch?v=QYHxGBH6o4M,79b5de8ac0a274d692d8dcc821f51caccb0521bf7d0eff686feb25eb7c435575,Rick James - Super Freak (Official Music Video),
273,Tränen lügen nicht,Michael Holm,1974,https://www.youtube.com/watch?v=NFyk4D7a0cY,d1a96cc0382f92e3a9d48164073d85454c46b2b54a11391fc360b5f6cbcdc28b,Michael Holm - Traenen luegen nicht (ZDF Hitparade 30.11.1974),
274,When a Man Loves a Woman,Percy Sledge,1966,https://www.youtube.com/watch?v=KwPxhWU1koE,e8c2bb797c94d52041f98eebc654fba91b531ab51bed7c40605ef53dd46462cf,When a Man Loves a Woman (2000 Remaster),
275,Blue Bayou,Linda Ronstadt,1977,https://www.youtube.com/watch?v=IDBVW4BXZPo,90374fc49ca062f8ab037656b560c5b569e5a9acb0e63ad5d8e663e043e3424f,Blue Bayou,
276,Jolene,Dolly Parton,1973,https://www.youtube.com/watch?v=Ixrje2rXLMA,280999dd31c616447d892337cceb0ec01988f74f8414a3c96a55a55815493648,Dolly Parton - Jolene (Audio),
277,Like a Prayer,MadHouse,2002,https://www.youtube.com/watch?v=4v2SXG_fkWg,3abd3c50f5533b7d021b31d6ac9dee8daf8e2ced6f7b85cdece6ac1b2aecd529,Like a Prayer,
278,That's Amore,Dean Martin,1953,https://www.youtube.com/watch?v=RUz1pZ_LujU,e8ddd124241e51c947511f90252fa9023e5f3d26f2ebb0703a425784fd548727,Dean Martin - That's Amore (Lyric Video),
279,Piano Man,Billy Joel,1973,https://www.youtube.com/watch?v=gxEPV4kolz0,9b9a08b0d35b59a7cc536a68cf3f1acb9941ddfe712fcf56c2a057aa7210d89e,Billy Joel - Piano Man (Official HD Video),
280,Er hat ein knallrotes Gummiboot,Wencke Myhre,1970,https://www.youtube.com/watch?v=YJrQiv-FHEg,080a84119da1e05fc92421e22a1b2d796ccf4d832961fa8c4bbcef59c1d566c0,Wencke Myhre - Er hat ein knallrotes Gummiboot 1970,
281,Space Oddity,David Bowie,1969,https://www.youtube.com/watch?v=iYYRH4apXDo,9f447ffa378d14b6fe041948d5ea09ec6f5d1d1b65d67ca9644ac50509ef6a32,David Bowie – Space Oddity (Official Video),
282,Anyone,Justin Bieber,2021,https://www.youtube.com/watch?v=KIK3azN4w34,cc5f1427e7712953a5042f932c9aca70ea52c960e2cb82bf8197e02c653629cf,Justin Bieber - Anyone,
283,Scars To Your Beautiful,Alessia Cara,2016,https://www.youtube.com/watch?v=MWASeaYuHZo,2972fdb326c1a2fce335a55526825d257cb2fcfdd7eaea595fe86ca108efde3a,Alessia Cara - Scars To Your Beautiful (Official Video),
284,Get Back,The Beatles,1969,https://www.youtube.com/watch?v=YEESfv-11ng,14f7199454175c2a69f6160e2333b23262ec82268a084a8dd56109deaa6b015c,Get Back (Remastered 2015),
285,Waka Waka (This Time for Africa) ft. Freshlyground,Shakira,2010,https://www.youtube.com/watch?v=Ntn1-SocNiY,8fefce35a3de7e9e289474788a86aa532efe3119aa64cff304ac1c67b4d1d0b6,Shakira - Waka Waka (This Time For Africa) (Official HD Video) ft. Freshlyground,
286,Let's Stick Together,Bryan Ferry,1976,https://www.youtube.com/watch?v=Z9EbR0ckb40,737fa4769c37125cfbc2cca6e7b531517bb095f45730271db5fd9596292ee1a3,Bryan Ferry - Let's Stick Together,
287,Put Your Records On,Corinne Bailey Rae,2006,https://www.youtube.com/watch?v=rjOhZZyn30k,6bb18320d931efa192dbf18baee7c8f2e4852628d1729d764d2c8b71fcc66954,Corinne Bailey Rae - Put Your Records On,
288,Ice Ice Baby,Vanilla Ice,1990,https://www.youtube.com/watch?v=rog8ou-ZepE,16415a1a9c3ba4beccefdba33e9bd6b8c78a728e47c0e7360d586c0dd9431e68,Vanilla Ice - Ice Ice Baby (Official Music Video),
289,When I Need You,Leo Sayer,1977,https://www.youtube.com/watch?v=obC0MFHWJ0A,3b63e9a9bb063cc4a61f12494b1cf37f703a70b53abff7423806002960fbd5d5,Leo Sayer - When I Need You (Official HD Music Video),
290,bad guy,Billie Eilish,2019,https://www.youtube.com/watch?v=DyDfgMOUjCI,1067af88cf4f1ae74e0c313b6dc2d83ec00ea3587def736836813d402180d52e,Billie Eilish - bad guy (Official Music Video),
291,Feel It Still,Portugal. The Man,2017,https://www.youtube.com/watch?v=pBkHHoOIIn8,41f3b97a59fc7399d62a5ccc6e474e731252fc45140ffba9fee0f990df182135,Portugal. The Man - Feel It Still (Official Music Video),
292,Shallow,"Lady Gaga, Bradley Cooper",2018,https://www.youtube.com/watch?v=bo_efYhYU2A,a844a8630ddfa66de66870f8ec3dcec94619d03d18602c6e590e14e141f36d1e,"Lady Gaga, Bradley Cooper - Shallow (from A Star Is Born) (Official Music Video)",
293,Vom selben Stern,Ich + Ich,2007,https://www.youtube.com/watch?v=cDoHZb9vCs4,edad4a7b3fd9d6ddebd35c412d430cea91d5a99c8ab8c7fafcee78a44e7e3d92,Ich + Ich - Vom selben Stern (Official Video),
294,"Hey, Soul Sister",Train,2009,https://www.youtube.com/watch?v=kVpv8-5XWOI,2e631b35f67c4675ccfc7b47189974ec12e0c3964cc47b6abadc5ffdab34024b,"Train - Hey, Soul Sister (Official Video)",
295,Can't Help Falling in Love,Elvis Presley,1961,https://www.youtube.com/watch?v=vGJTaP6anOU,2694bbc5c054fe7217d789e3b4cdd9d1ed73d6940d5e3e1d82f761450c406d6b,Elvis Presley - Can't Help Falling In Love (Official Audio),
296,Call on Me,Eric Prydz,2004,https://www.youtube.com/watch?v=L_fCqg92qks,f4af95b548aa7158683ffb4666641576b4d868d855e2e01f5820290aa4e12470,Eric Prydz - Call On Me,
297,I Heard It Through The Grapevine,Marvin Gaye,1968,https://www.youtube.com/watch?v=VWG3npfEoHo,9623f7e2f5923c87c0fd9ae2ac0ebd175fbc53f21ad2e7e862ff1619a126b295,I Heard It Through The Grapevine,
298,Ein Bett Im Kornfeld,Jürgen Drews,1976,https://www.youtube.com/watch?v=XqX0720VTRY,be090b6283769dd46e599be5c16d6a7f05282db997be8e7e957fb7dd311e8622,Ein Bett im Kornfeld - Jürgen Drews    Das Original!,
299,Dancing in the Moonlight,Toploader,2000,https://www.youtube.com/watch?v=GSWcy-bx_lg,b708abd850190959db6740c066d2206b1871e70c60d3311ad0e3ef6afe547367,Toploader - Dancing in the Moonlight (Official Lyric Video),
300,Escape (The Pina Colada Song),Rupert Holmes,1979,https://www.youtube.com/watch?v=FXG_I_tf_i4,937e8c54c029d4676dbf1910a07eb9ffec7f34a3a0ba99ff449384719c6335ca,Escape (The Pina Colada Song),
301,Thunder,Imagine Dragons,2017,https://www.youtube.com/watch?v=fKopy74weus,11b9b779da358f696f4826d4029e7bd596755fef592ead3486f9f0f9a246edd7,Imagine Dragons - Thunder,
302,"Oh, Pretty Woman",Roy Orbison,1964,https://www.youtube.com/watch?v=3KFvoDDs0XM,7e6a5ebdaf103dae76f90c4a1f8f0edcb7a74d69f111617cd4ec4ba1aa374b24,"Oh, Pretty Woman",
303,Lollipop,The Chordettes,1958,https://www.youtube.com/watch?v=sGH7aWA49DQ,03e098aa6557feaffcb5b40420736ac1ed36b5693162cafadddd0d694ceab6b2,Lollipop,
304,No Woman No Cry,Bob Marley & The Wailers,1974,https://www.youtube.com/watch?v=IT8XvzIfi4U,4408da50b4fba9e5d9ac2118c28159cd6d9952aabf3df9fabd83b54ba6a8016e,"Bob Marley - No Woman, No Cry (Official Video)",
305,Respect,Aretha Franklin,1967,https://www.youtube.com/watch?v=9iayJ8u4Qew,b3b49901cb7f050808d3c6ba031f0fba5c8e06235f5fb0cae161398568734c4b,Respect,
306,You Can Get It If You Really Want,Jimmy Cliff,1970,https://www.youtube.com/watch?v=75OuJvXsENQ,ed4f4c7f6063f76f8e7ac418ff6fcdf1b2d599401eb6be6c3d73f1e70b2b7418,You Can Get It If You Really Want,
307,Wooly Bully,Sam The Sham & The Pharaohs,1965,https://www.youtube.com/watch?v=3UttAR8DnFY,ada568abed5a3092718e4d1fc4e58f69e02e8f409ff37cb1698aba4489a2f194,Wooly Bully (Rerecorded),
308,Fireflies,Owl City,2009,https://www.youtube.com/watch?v=psuRGfAaju4,dcc3b2ee10efa51daa478b00fa1a90cb51be3eb32929e0d58d04b8f7cd2395b5,Owl City - Fireflies (Official Music Video),
